ID,X_pix,Y_pix,RA_deg,Dec_deg,Fluxo,Mag_Inst
1,16.801137134365984,1.3662783640064846,276.73603386637114,-15.07515242707901,7665.776393340551,21.283459654275546
2,72.37460411749359,1.324654438533937,276.7358009085331,-15.067129428755226,7686.2820227863485,21.280559233116737
3,2926.133910777419,1.3035095986071603,276.7236268268985,-14.655036639467824,7404.205781117555,21.321153820774956
4,2953.952451030174,1.505116169196424,276.7234790422748,-14.651019412245937,8286.202574929346,21.1989611556772
5,2976.5508649264098,1.1790800773682222,276.72343211213433,-14.647753883529234,7043.600197855059,21.375363279220345
6,3022.9955857772334,2.497203799687271,276.7230389513717,-14.641051066333278,10158.805320186337,20.977743427341245
7,7.956706794367899,6.905188698999439,276.73524394336505,-15.076452030895988,21162.201324214966,20.180947917474228
8,1539.2159567755257,5.817557994112765,276.728844988173,-14.855357845087259,14093.612656493984,20.62229419332907
9,1525.6979576417707,8.555120589377422,276.72849374763825,-14.857321463654724,18873.102143452506,20.305241795770257
10,36.63810924518878,10.308283456054125,276.7346117897458,-15.072325497386647,9426.56434818908,21.058966430477398
11,2519.464051360965,10.109121885505676,276.7240349592221,-14.713811579539495,12285.438511066495,20.77137336515519
12,2974.874541445093,14.773282316540826,276.721410179277,-14.648054791796223,306.50596469033917,24.77875269561338
13,2995.4115375835536,13.983405672322702,276.72144122972725,-14.645085018275484,524.4868557328155,24.195513499861573
14,3011.626594613026,14.75575071677201,276.7212573950445,-14.642746253618329,65.29008295345557,26.457731970700216
15,2806.0719553882655,17.670841069397923,276.72169185923684,-14.672448705014672,37332.02074919313,19.564646275335296
16,3030.533900745412,21.251739199646234,276.72020792784684,-14.640043379919417,102.92386158071895,25.963559841540683
17,1723.4165533383728,26.500275837205027,276.7249706522688,-14.828845545380146,6088.222071459291,21.533623808688716
19,14.374407953993718,29.475349370085535,276.731842419581,-15.075618406749895,78.0937876042808,26.26330880435212
20,2976.866166844973,32.12212603612375,276.71881236109834,-14.647842115797964,73.1990161987851,26.333586911326126
21,524.3508910020682,35.727349520726236,276.72871724952944,-15.00201968747581,5642.617143606032,21.616148561634972
22,2998.6929440609997,38.04285472308044,276.71783641712256,-14.644715084694905,143.43440888796613,25.603216651760707
23,2988.514304513324,39.068738427206775,276.7177263223317,-14.64618970365788,150.507280157457,25.550956252657066
24,478.8054493895537,40.09594486804863,276.72825974959255,-15.008613410373082,3233.3145047069193,22.22073014538505
25,3021.633281021837,45.25079028423394,276.7166636895941,-14.641432782820878,387.2792313312093,24.524789502556605
26,2200.6483417392565,47.490625058577606,276.7198066377982,-14.760016101977335,11704.667899610591,20.82395228211166
27,3001.529069602424,52.152858202690425,276.7157185071834,-14.644366430559097,257.8539358372218,24.9664156097099
28,125.29898685636786,54.20452423461605,276.72766896704036,-15.059706871575425,7422.853141483654,21.318422850991563
29,537.5866571276146,56.533880830251405,276.72555112839103,-15.000195081115221,4225.270356320601,21.930213764796175
30,1.3485875270086862,56.42468928109158,276.727869989002,-15.0776096177947,7506.16559517078,21.30630466855791
31,2918.5502070889765,58.80750518833801,276.71507595711336,-14.656380324969028,2686.543651869739,22.421865267865982
32,1784.2908403167742,64.16883163751693,276.71908581013145,-14.820214345270404,9841.201029210119,21.012229763272224
33,1119.9753589929749,65.82837745909501,276.72167011782915,-14.916147375236147,2392.303935770942,22.547809134765785
34,1939.3203041420963,66.04649636912833,276.71814607003,-14.797834677544849,10459.268663802919,20.946096724878423
35,3029.5320580083985,68.20858374392745,276.7132039355784,-14.640391154375749,201.91896587580413,25.23190723833336
36,3045.90443772167,80.46828636275205,276.71130510966304,-14.638079375631897,267.39732389558776,24.92695738032624
37,33.61109611527432,83.38494750531963,276.723701292147,-15.073063041094228,3400.7381133988965,22.16591704982018
38,331.5724812421823,84.49502761383366,276.72225594500617,-15.030053181859422,5005.707967369395,21.74618624842143
39,902.1226412478137,85.02027030251939,276.7197338512126,-14.947682454543957,41815.133163870865,19.441516311252684
40,3020.9889479851136,84.96998817899052,276.71073845410433,-14.641697524289079,111.11557683116553,25.880412658809817
41,3035.0337031557333,86.14058722147142,276.71050445235204,-14.639674018465243,235.51356494473293,25.06481020574622
42,807.298376189803,86.97156256446418,276.7198478471758,-14.96138140598549,26422.132075259753,19.939930373877406
43,401.0603595593085,88.05108645433133,276.7214264501314,-15.020036089459785,2830.8672524097783,22.365051260398758
44,584.4231452755489,90.45401875138701,276.7202815209875,-14.993573811247606,5475.775328276177,21.648735969999098
45,2449.480176479171,93.49236875217781,276.71188331394825,-14.724276351757439,7065.4621619395475,21.371998584344823
47,555.2550911310474,97.06693511559968,276.7194182676425,-14.997812300425563,12334.957705681118,20.767005859900628
48,1788.6090419627408,104.83257951897355,276.71299471240286,-14.819762916075932,4690.2998892548785,21.816848492672328
49,3036.8199421262866,108.44943802237766,276.7071674960645,-14.639512408752413,290.21472911094315,24.838051396245948
50,620.4645897193943,111.45045297673444,276.7169896903656,-14.988457498030881,2638.0696633881453,22.441634372288046
51,1772.2376957613458,109.91734242742947,276.71230497041773,-14.822148514242109,4907.708328149281,21.767653161420096
52,3105.669999244611,111.86816928562837,276.70636681287493,-14.629582829435913,2203.418918590738,22.637107336750987
53,2841.3320785528163,112.0151294220499,276.7074607383919,-14.667762465370638,8916.554624398079,21.119357335477172
54,944.2512895315405,122.3229908375318,276.71398059391447,-14.941755431168492,3119.9523787604267,22.259480108588637
55,3070.9818765761565,122.60525921776107,276.7049107713032,-14.634639414364818,140.66475170331978,25.62438681182759
56,1468.6567281134169,124.38745137134214,276.7114356138481,-14.866046356050457,5661.129270159923,21.612592341730515
58,1092.823682657269,134.37816075314734,276.71154530452134,-14.920354525148849,8926.906707388,21.11809753141238
59,3060.929312855241,142.33812664840306,276.70200831763333,-14.636176577540043,110.72019057813304,25.88428296006348
60,3034.902913332739,144.46902656891126,276.7018000647457,-14.639944824132538,16238.726334004888,20.46847011455969
61,4.815627448598866,148.260939024824,276.7141277234005,-15.077486189840409,27899.905424675744,19.8808431939272
62,1190.9454461297894,147.11977493164443,276.7092233951789,-14.90624052787715,9065.80407012361,21.101334199517048
64,3027.596438414187,149.60039981134187,276.70106508740486,-14.641022255337596,24647.659202418683,20.015410820531812
65,2653.664302617425,153.07804178070387,276.7021246479454,-14.695042985485427,9987.691301066887,20.9961872448294
66,1556.3723759534234,153.37829344296975,276.70673235132455,-14.853502710588634,15547.850706261663,20.515674117199765
67,3109.9812145503124,152.9245722028378,276.7002216842859,-14.629137612673349,10002.227758513709,20.994608172810757
68,122.23861627611832,155.72415978754174,276.71250828181843,-15.060566324507704,2702.7146959986494,22.415349513882692
69,3078.375880287323,157.16239413107283,276.6997224847484,-14.633720750168765,741.0864240398296,23.82017787792956
70,321.7193629953071,157.38251857916876,276.7114051986692,-15.031776423483095,11350.031175732518,20.857357385603933
71,1231.3567478238374,158.2598146982325,276.707387069335,-14.900452349163478,3204.0266787399087,22.230609712589914
72,479.23141451794294,163.81683117398427,276.70976911763523,-15.009064049553086,6195.590451849443,21.51464326719185
73,1713.3395950079348,165.25808893270369,276.7042908493094,-14.830887292709694,1278.7956925120234,23.227847109862328
74,3075.5438283087137,166.35940582382983,276.69836193598263,-14.634169499300024,307.98854213857703,24.773513621488643
76,2506.8025140547525,169.16928286617392,276.7003435525177,-14.716321650414592,11320.526043324746,20.860183501279785
77,57.02507175190572,168.15966741858117,276.7109294120696,-15.07003124734922,3671.208593242118,22.082827368564818
78,66.03974398297089,171.25862845936445,276.71042755110165,-15.068742670952872,4176.441443427349,21.94283402998472
79,1198.2237527225598,170.8968738275724,276.70564059978574,-14.905289157519494,6755.004014528626,21.42078599302697
80,1781.5817677579892,173.51519841947527,276.7027679062276,-14.821068090343708,14292.859929292943,20.607052177617618
81,1.3213152059567346,175.21192578103788,276.7101143585897,-15.078101113512856,7333.949347827624,21.331505256267025
82,3075.720906277935,175.5122222466077,276.6969953078949,-14.634183436714427,176.37075467673276,25.378783588617573
83,1608.925387466596,176.23892431803418,276.7030947119604,-14.846010622742149,9614.62379655621,21.037519282374923
84,586.0551831645081,179.28377171709317,276.7070009040509,-14.99370630887828,6286.1602615667,21.498886399485077
85,959.091696979263,180.57778925433706,276.70521411487,-14.939855623517046,4061.9408852700944,21.973016024960742
86,1720.1684284382304,185.70171565697598,276.70120888028043,-14.829987509545663,97051.48486821794,18.527344560696285
88,598.1026985422728,202.75106404842353,276.70344289064246,-14.99206419818042,3957.5260050897414,22.00129057839694
89,2086.342655186439,205.8091751978065,276.69665321901476,-14.777196798316103,5467.198713405378,21.650437873549397
90,1087.8232255183634,207.71219777039713,276.70061165315497,-14.921382783846836,5379.358651883245,21.66802377050268
91,1148.588643058267,212.76270986926468,276.69959832692257,-14.912630603002242,7456.903098950221,21.31345377279906
92,3095.501312056199,216.4426499872354,276.69080405816544,-14.631503207037593,185.906189901405,25.321615396157426
93,1161.274724284593,219.28864899172999,276.6985694859571,-14.910826248802117,20453.468233909392,20.217932620144712
94,195.83027680520863,226.36676906732123,276.70163498569156,-15.050233326810751,24400.01221963756,20.026374912091484
95,1107.232931510363,237.24814206588982,276.6961169365062,-14.918703693643025,12018.775772029425,20.79519943956184
96,8.937923917572661,238.45216016081127,276.70062950003603,-15.077260741322421,14781.405446690587,20.570560697574447
97,86.1914794191292,251.26414224348903,276.6983836343042,-15.06616188741581,34103.212558678155,19.662861791882857
98,631.7373487636527,256.57503152058604,276.69525710672445,-14.987431270850001,3233.8432632210825,22.220552604559767
99,1107.1099370337438,261.56570311392613,276.6924850341659,-14.91882287793783,34344.10308490107,19.655219574125525
100,471.8230149057197,266.6913643380441,276.69442852539464,-15.01055832816649,5508.004823768788,21.642364241857653
101,843.6540763857116,267.22183250559306,276.6927623981394,-14.956881957364821,5864.950961846873,21.574189058593994
102,2981.3548205262277,276.05041879483844,276.6823895464712,-14.648245551515583,10080.225537875442,20.98617439855936
103,2396.0609627242234,281.40412776608883,276.68405787105144,-14.73279311471255,5098.8427085691,21.72617098453162
104,3082.5612285392185,284.7253060726301,276.68066930426266,-14.633666461434741,297.5243217781099,24.81104383700379
105,983.8641374025666,289.5435094621171,276.6888304970282,-14.936732715720874,16622.597367199298,20.443102807881182
106,1092.0458500465993,293.2066520791755,276.68782286845305,-14.921129618650715,43168.83303383403,19.40692424992456
107,326.63067607932936,297.06685792165865,276.6905100599805,-15.03164258859842,28375.52156663192,19.8624903892231
108,790.9784604279866,301.30038352946684,276.687895815296,-14.964627857554769,6023.310160685156,21.545261954071634
109,461.1223626733896,315.718716484379,276.687148573333,-15.01230511461706,3070.663692626418,22.27676938682
110,2471.5740933035136,317.7769903301473,276.67830993582555,-14.72204349882517,2415.1675415110585,22.53748186322638
111,56.91881957356001,320.64609371274645,276.6881397565574,-15.07067132600948,13015.157196283653,20.708726477031366
112,571.7037094800369,321.60678186298446,276.68579693967376,-14.996366396621603,3861.6558358052134,22.027916108345508
113,2628.590555022029,322.6075952689886,276.6769269832921,-14.69938970839067,10651.809187342384,20.926291576574354
114,346.2297637775422,328.13739692254615,276.685783537116,-15.028941172797817,3291.9696186855217,22.201210475452626
115,2461.1808431653244,329.79145797067065,276.67656047953113,-14.723595532422388,3287.2630479718573,22.20276387699797
116,3102.422868531552,330.1027795779442,276.6738148498492,-14.63099343394591,117.80638899326004,25.81692791122989
117,407.7576801224286,338.18810415861964,276.6840190362627,-15.020100926601064,5707.68123284648,21.603700745945652
118,2554.8339030900797,338.5116183500067,276.6748641104897,-14.71010865948048,36473.1123170096,19.58991796159747
119,1592.9710588591267,343.0773152910355,276.67824758846706,-14.849015798290832,10260.983141699857,20.96687758646584
120,507.93062889808857,344.26013506675656,276.68268434607154,-15.005665759859898,20569.048410218507,20.21181452090106
121,1637.2962323553575,345.59391670345696,276.67768396742656,-14.842626571303654,20375.07183218837,20.22210215038711
122,4.914596563735603,354.81229808963326,276.683256152672,-15.07831725906272,17264.49717602193,20.40196518628976
123,2388.1889585785693,356.4931055258701,276.6728827599443,-14.734249436393204,2773.966572666621,22.38709696328493
124,1370.1644629430477,358.3005733698437,276.67691902877806,-14.881248134569052,3261.9697454713314,22.211150199995927
125,626.0981000962898,359.3971534586127,276.67991899910993,-14.98867020083886,5088.518250307781,21.728371680474737
126,2316.5284413621234,360.38801219155874,276.6726036385276,-14.744613789127799,21851.604733696433,20.1461416814119
127,2321.761793195941,372.6976083252385,276.6707441386709,-14.743910373145228,10248.75807578252,20.96817191759398
128,2463.7900118387925,377.1521355331082,276.66948051829934,-14.72342041808935,4443.076858557295,21.87564045680962
129,303.74428216764295,382.68237240472814,276.67781461621223,-15.03529780903123,3707.9774131824233,22.07200732164519
130,214.92440483923258,395.6342123659132,276.6762583996527,-15.048171422544344,3420.1691968213927,22.159731043507385
131,1735.4687251815758,395.01019110184285,276.66988967496104,-14.828659770869011,2686.1692137553036,22.422016603337692
132,3049.150862441497,399.38726747026413,276.6637006574594,-14.638984773704173,167936.75125828665,17.931985652953315
133,793.759183602424,400.59365324229185,276.673050776374,-14.964637478740848,4560.853358770015,21.84723474926718
134,1240.0633017787627,401.5825701685098,276.6710070573156,-14.900211766993378,8137.192563488548,21.218663537863186
135,1705.300304430595,410.2370261436457,276.6677437790173,-14.833079497672026,16505.093637435602,20.450805040349586
136,2288.3685989403443,417.00626996067257,276.6642711717574,-14.748920246035166,4863.427805782354,21.777493838033763
137,1369.9722983260904,417.5225557719246,276.6680757002791,-14.881523275943566,2133.6248806843796,22.672054853885218
138,589.5806171363157,422.88664132455636,276.6705893618581,-14.994203369838916,6139.691326742002,21.524483677891677
139,1254.6786656210559,422.702822611073,276.66779084669133,-14.898189770894925,6427.256729681372,21.47478590250269
140,264.2140833360531,425.5701284567451,276.67157492847355,-15.041179500117558,3079.9410775476135,22.273494001484753
141,32.22263762165727,426.33025097842005,276.67245154376985,-15.074667615912075,2345.0972125913904,22.569447895505498
142,2460.197690412354,428.634815128319,276.66181172386666,-14.724158137242172,18246.172907189546,20.34192055649152
143,239.55398878579308,431.40457673517415,276.67080832513415,-15.0447628282983,3975.951622618908,21.996247292979
144,1927.9613215725033,432.4319739739283,276.6634889827159,-14.80102450027137,3181.5002713548674,22.238270110145436
145,2684.7186192795903,437.8127060353929,276.6594975493516,-14.691776329978664,5860.988863657105,21.57492278120884
146,480.1517937953757,442.3933340424433,276.66814103276926,-15.010079419609678,2671.1657293405005,22.428097936309168
147,1449.8901428664672,442.28337055752405,276.66403960071824,-14.870088840224147,3684.465959329871,22.078913650570854
148,72.93972197099994,446.98723577887216,276.6691907982649,-15.0688750402646,1698.1302712816905,22.919922511962337
149,1131.9118609549855,453.55063011587464,276.6637044641461,-14.916041360238442,5849.542885755327,21.57704519833389
150,3102.6481011842807,452.61823042032216,276.65553407134394,-14.631487732498131,3511.4062239523046,22.131147335217147
151,168.64091897947887,455.8504465203689,276.6674580253459,-15.055098230171089,1619.0309214531226,22.971712163403478
152,639.8710024593211,457.0545468219544,276.66527095714275,-14.987084734419138,3812.587095691357,22.04180058768079
153,1547.121472183614,467.8945622125513,276.65980382629203,-14.85615843816974,31742.295046229556,19.740754211389206
154,1926.6551732244736,468.365849047717,276.65812997359103,-14.80136442468638,4307.7365473260215,21.90922718457044
155,772.4918554171454,468.59531027181566,276.6629831633419,-14.967988475247527,8667.346904984923,21.15013457350754
156,346.9872468888853,481.14999547139803,276.662917718065,-15.029459706990075,9659.827598532866,21.03242658288618
157,468.65190008028793,493.58333161156054,276.6605422290645,-15.011949585987493,3463.268140548964,22.146134727362767
158,3053.867148540224,493.8511756570558,276.64958666336696,-14.63870910508741,3805.6854524240844,22.043767796380724
159,625.2521198316255,518.4364941024996,276.6561635661286,-14.989447589975722,4248.868227192841,21.924166866049994
160,2980.4872497903443,519.3508824606026,276.64608959407644,-14.649414818562063,9662.480539098731,21.032128441109432
161,1363.5460292703701,520.8019012195932,276.65268019609323,-14.882881710860993,15965.208879021971,20.486913509290495
162,12.579759738625969,523.2501624595875,276.65805226794777,-15.077897547943158,4826.706422626026,21.785722810945213
163,196.59077633332475,527.7204378359547,276.65660012334774,-15.051357650348205,2006.4076449239074,22.738802086864315
164,2859.584185550618,536.5753479519736,276.64402628964126,-14.66694708374928,11590.05513540077,20.83463626677038
165,781.1767848519572,540.7955615934083,276.6521615978821,-14.967032649332145,2591.1621794904495,22.461113531425557
166,91.83267899162716,554.2511601994266,276.65308219493795,-15.066585445375182,112887.27615664992,18.363237536361993
167,491.24922331567484,559.4943477618631,276.6505995340689,-15.008958276615282,10644.034283693589,20.92708435989534
168,2968.500688248715,563.3300791151231,276.6395782053098,-14.651333853363335,4734.384335616131,21.806691244445396
169,316.0378900633424,564.8879046554739,276.6505386311832,-15.034269446668267,38397.41859396916,19.53409495087055
170,148.95404671085302,588.6935495863389,276.6476927689891,-15.05848161006929,4425.835312680349,21.87986189768214
171,2997.735334268584,586.4182473058958,276.6360112532667,-14.647211094125323,3699.6153795074642,22.074458581269425
172,873.0662125265754,589.1884623610646,276.6445439321452,-14.95396829729596,3439.4664834257273,22.15362231733974
173,2147.628664525028,596.5982107752408,276.6380577701116,-14.770000387199728,2734.072227886303,22.402825063073774
174,1517.8149055860843,623.8080570907067,276.63664837417434,-14.861040298231561,2863.720347988434,22.352523508239422
175,1150.1971078848228,626.940337864809,276.6377330759556,-14.914120971975201,2734.7151090750267,22.402569796469987
176,574.5155390573414,629.0144491740577,276.63986105876387,-14.997224968650668,12151.448163797671,20.783279925184182
177,1204.9103236243973,630.0313048076558,276.6370402621766,-14.906235859750515,5261.216060186562,21.692134678791433
178,790.6209946331822,651.967909402849,276.63551675629714,-14.966127224465524,3476.1403334757633,22.142106769655147
179,1536.5299663779351,654.1196105912368,276.63204397667886,-14.858464900623275,7757.3823925074685,21.270562021456026
180,2466.316661961191,658.0979376422932,276.6275416531531,-14.724247917629407,5818.059142402184,21.582904692496182
181,2251.8450406008574,661.3141642121394,276.6279612673177,-14.755226714517873,6078.50291801909,21.535358447882643
182,2284.903368414096,663.3240264685825,276.62752258964207,-14.75046234029407,13357.709132249984,20.68052006580211
183,396.86139977769767,664.5809229266437,276.63530190352253,-15.023011516074263,8744.77146707844,21.14047886103805
184,819.9873534409353,674.3166367259444,276.63205461346325,-14.961980448842299,96094.3868030961,18.53810497216636
185,158.87412059263883,682.7535279979998,276.63359750399354,-15.057432681273967,19049.04525570276,20.29516698773639
186,27.40859107443674,683.5865403769992,276.6340317356429,-15.07640882848828,10961.105681167406,20.895214109162836
187,1231.5784564566354,704.9512661200076,276.6257406436713,-14.902696669072483,8112.831598787838,21.221918868551754
188,1209.3332805538087,706.1685426488083,276.6256527496468,-14.905912728276775,8465.862796835572,21.175671957324973
189,1231.4598260418452,715.6864809460353,276.62413822950407,-14.902758231454191,40387.516575623245,19.479232148513848
190,547.9905262234251,729.2001877004966,276.62500881853776,-15.00146355732178,38555.12218771692,19.529644812140333
191,254.32725620689303,734.2338815651023,276.6255014951672,-15.04386634921823,4101.60759570291,21.962464749939492
192,78.79318170848957,735.9048050135269,276.6259968033019,-15.069205476394716,5815.604982807927,21.583362771728073
193,309.730700926976,741.7243022584835,276.62414759684725,-15.035901068668977,4351.40365807202,21.898276590429543
194,1644.8394202632028,744.6866620560547,276.6180674307981,-14.84320698408081,11751.066381360011,20.819656822708378
195,943.5033789634468,753.9460261928157,276.6196405801111,-14.944480113542978,12560.063787479688,20.74737040914847
196,1464.4393758413817,758.1634286124734,276.6168146039687,-14.869304196672118,5337.674858797596,21.676469732994576
197,601.3593572437529,761.0285145558216,276.6200290206603,-14.993891185943408,4727.044121602972,21.808375881757758
198,1226.065716310839,766.0623289898043,276.6166393310156,-14.90374522855944,2383.411550754252,22.551852422329457
199,1785.7256123306415,764.7494446833026,276.6144804558194,-14.822952851535893,61001.557830638674,19.031497706751075
200,503.4140272534352,765.5903490550352,276.6197621560377,-15.00804575010967,2991.350228580981,22.30518186319435
201,653.7834749683527,767.5699785311866,276.61883027458174,-14.986351755880445,3625.713917318739,22.096366187636704
202,876.2128024176221,771.8121719504252,276.61725674049364,-14.95426592638754,6667.977320987047,21.43486473657172
203,1612.6580459960815,772.0366310990021,276.61412002110796,-14.847966360664453,2421.0128444849615,22.53485728777615
204,1329.2040581794886,775.6498524397507,276.6147733587557,-14.888897527965161,4908.214617258702,21.767541160456005
205,555.5906328014576,789.747449537027,276.61593326008216,-15.000614115288231,9324.120240345757,21.070830358222956
206,899.4938066396892,797.8420782468831,276.61327135574834,-14.95101266986807,13057.062380535644,20.70523632424601
207,733.2289391194229,809.7480480040795,276.61219535674525,-14.975058343834045,3250.0977363198035,22.21510896868972
208,938.7833513770272,814.89789813421,276.6105586843364,-14.945412027219398,4649.819984344569,21.826259672422488
209,150.40438680585018,817.2337124235112,276.613543074782,-15.059200880677032,3246.9389318676695,22.21616472035092
210,1344.6439541553493,820.357866387716,276.60803365011304,-14.886853945248111,3672.2407315666787,22.082522163230074
211,534.2468891108155,826.2179999362374,276.610576418751,-15.003843343756134,4084.8932200607887,21.966898250503185
212,1298.5950783166375,827.2228977726281,276.6072025063292,-14.893529083523335,6477.106875671001,21.46639736367898
213,307.29716842515006,829.7584540500601,276.6110076440052,-15.036610311509081,5660.430874415579,21.61272629386011
214,87.18402656044806,832.0041982506966,276.61160448570945,-15.0683839110055,20180.025719248995,20.232545733166617
215,1893.1457334870283,840.7965654000976,276.60267916858226,-14.807763600172756,9822.962948178028,21.014243756908826
216,535.833492500387,843.1560122446733,276.6080399564051,-15.00368345613136,7354.9764452651725,21.32839680614826
217,1274.5054847088413,848.1567672122857,276.60417853970813,-14.897092660680297,3438.9225586351313,22.153794031627907
218,1586.1364465628076,848.0942125793863,276.60287803785735,-14.85211090939703,6812.322297104984,21.411612055080564
219,1472.1819892762032,850.5476117536873,276.6029904830712,-14.868569806228495,3062.2357120503075,22.2797534792699
220,2564.319461550605,855.6365834680499,276.5976571507503,-14.710933661808212,12781.009920543183,20.728437091820933
221,509.2819169943986,857.6241254518028,276.60599130428494,-15.007574297275335,8800.048429463612,21.133637366136796
222,102.94693806630593,859.8554546451652,276.60737709242164,-15.066221932710576,3619.142556562292,22.098335796357087
223,965.4884182106197,859.7108577329456,276.60375457136234,-14.941741791284684,14211.483483928074,20.613251484979582
224,2463.4663128028337,867.7900828833758,276.59626492780103,-14.725544932371108,39560.996813522725,19.501681956862285
225,1089.9555365174858,872.8068569349739,276.60127493605586,-14.92383126487161,2759.155611656948,22.39290953509054
226,765.0898454740941,882.5558306745801,276.6011880727432,-14.970758065435781,4125.663514594693,21.956115510644626
227,2078.157394071859,883.109069044489,276.5955896676635,-14.781233037987988,10947.403034628784,20.896572253761445
228,1216.3241475319212,883.639778895158,276.59912583280317,-14.905636761415634,4438.468712860078,21.87676711455832
229,2093.3360999019988,885.9449207591433,276.5951029733201,-14.779053765139977,7129.453304402865,21.362209449499233
230,982.1536715646863,888.6519246832867,276.5993630210652,-14.939455380383215,3389.1490516122794,22.16962334887163
231,1427.4732638229023,901.4591111461854,276.59557830326804,-14.875233901206375,7259.941058771183,21.34251728465243
232,2978.358212565353,919.2935263716919,276.58643608996135,-14.65142729189295,4651.367045976978,21.82589849253538
233,1161.143619154669,923.6071116977442,276.59339092631984,-14.91376571890998,2484.66681228127,22.506679623804818
234,726.8736981760151,927.1758814398972,276.5946861003809,-14.976455814361026,2748.0684949366987,22.397281138664074
235,2577.012854955421,927.4136767442868,276.5868957971955,-14.709403998103541,6716.3225377343115,21.427021161489336
236,1387.4493483971426,930.4839945483853,276.5914135942365,-14.881130815603703,3110.1657969213484,22.262891169073765
237,1845.1863656826276,930.3485716525606,276.58951491774326,-14.81505998204275,4368.99405700426,21.893896386795628
238,1767.6248099224588,931.0540301805422,276.5897344067632,-14.826258615940661,1895.7822652044124,22.80037888122443
239,763.9398989106444,935.3615316887165,276.59330756806247,-14.97113993883906,39250.71264116319,19.51023115602691
240,1309.6538027506333,942.675966263215,276.58992020067376,-14.892409666897615,4875.364873192273,21.774832211858232
241,1628.4357743076291,955.7405846373059,276.5866329731044,-14.84645199276884,6642.281384277303,21.439056847946617
242,962.2164707776969,956.5998792694372,276.58930162402015,-14.94261156488707,21852.91730813271,20.146076465753623
243,123.17671519939998,974.0685007548702,276.5902306655225,-15.06376435181898,136293.2392343586,18.158664238220226
244,331.89521687987735,975.7150501831525,276.5891031757962,-15.033652844786662,4491.86791895418,21.86378257774701
245,300.79176480648647,979.7526915210841,276.58863142929215,-15.038157513107597,9049.535063240743,21.103284353958767
246,1361.9992102303727,983.763637495162,276.58356706856154,-14.885024058652178,6184.173306212368,21.5166458921417
247,1441.721719732076,983.8103455020765,276.5832257891583,-14.873517761995823,2785.1606307657567,22.38272440257946
248,1335.0241760499619,989.9333965651465,276.58275923249516,-14.888942811534905,4147.735067657137,21.95032250046445
249,485.10403510340785,995.2148652351113,276.58554466479393,-15.011623188194523,9848.437044372942,21.01143173905616
250,1056.7761252326393,1011.8977860699496,276.58064817759566,-14.92919129766409,7056.095733621383,21.373438860538254
251,1189.7653842577365,1013.0015303678258,276.5799250886116,-14.910002507082401,6751.414893443936,21.42136302811276
252,1580.629202005904,1016.8036904352525,276.5777192836535,-14.853605171891171,3096.754458633164,22.26758309279589
253,1898.38199448759,1017.9547149139363,276.5762185703777,-14.807746124301497,4316.742970524538,21.906959545514333
254,216.98179034123817,1026.7296568519107,276.5819688596985,-15.050441225653959,6586.250148928557,21.44825446817727
255,1502.922313491136,1031.1121939087334,276.5759090141136,-14.864879959092505,3880.336726192625,22.022676486056636
256,115.23493904285384,1037.4360968116623,276.5807991948801,-15.065165948523715,27463.423311291626,19.897963344149673
257,1269.0462067533551,1041.2982384915015,276.57536846878315,-14.898676720649519,79798.96685894174,18.73985685001897
258,1129.4071514413567,1042.3907062335904,276.57579103118496,-14.9188342332362,5806.6574383542975,21.58503450732037
259,2793.736728345097,1043.68735894739,276.56864942512584,-14.678607557402994,3281.2625174860586,22.204747577889012
260,499.1387210620395,1045.2687640584238,276.57801066661494,-15.009801116416666,4157.15010137685,21.94786075724953
261,735.7227370289755,1049.5946304465226,276.5763691168762,-14.97567818406757,2780.569132383047,22.38451577850723
262,1119.3602135579229,1053.0446434353555,276.5742427177753,-14.920327912648862,1982.1254580831664,22.75202217275894
263,661.9359010374089,1052.993120493309,276.5761720026386,-14.986340058827404,6182.50997054264,21.51693795812702
264,276.0506209663428,1055.994463591365,276.57734891994215,-15.042036052044317,4256.93254069081,21.922108101685847
265,2725.748497086633,1056.5913618158015,276.5670071293592,-14.688476838814191,3486.7438584753254,22.13879991014911
266,764.3954333891096,1056.961034087598,276.5751486681261,-14.97157046497092,10872.046218783136,20.904071796723347
267,922.2435301352668,1057.2910477969665,276.5744361539602,-14.94879249810098,55720.75985561486,19.12980744617813
268,424.1562349414763,1062.9005570959914,276.57569342369777,-15.020692675802712,3937.7545407342695,22.00672841924891
269,2594.4931623235148,1066.5784725866254,276.5660628767707,-14.70746660453019,19880.566234127262,20.248778147375084
270,637.0479655457654,1074.9817406634643,276.57299336184195,-14.990020960625687,13384.342323176985,20.67835743222507
271,1051.4029413891924,1076.7313774379245,276.57099172237605,-14.930232413020693,2712.720699821286,22.411337318303204
272,3110.127668123219,1080.502285567222,276.5618462953674,-14.633087749725474,10499.708981413161,20.94190686674761
273,657.7745251042677,1091.395881479488,276.57045530006906,-14.987096753223852,3160.9010357281804,22.245322774733765
274,1522.647232709927,1093.6489438106278,276.5664927101125,-14.862291290598652,5770.111228436683,21.591889559228076
275,3091.371533393833,1099.2992829360273,276.5591208611238,-14.635875200455855,8804.096034873772,21.13313809372708
276,1224.3720538939267,1103.0051800087824,276.5663445559582,-14.905377710546242,2894.651099822222,22.340859460375913
277,77.96548186731101,1103.4125234921917,276.5711021304744,-15.070809231732857,19287.144658100093,20.281680177170962
278,2363.751496905108,1103.429458283694,276.56152515751955,-14.74092916651935,7588.529935508115,21.294455892459467
279,1127.7276311966448,1103.3114942016327,276.5667037545166,-14.91932642505075,14531.884095922549,20.589045208334216
280,486.69358396592474,1107.313533085337,276.56879790918606,-15.011848531076163,108637.05295426096,18.40490508218932
281,344.15447450856476,1108.0218376019338,276.5692920317458,-15.032419249635275,29262.693704603502,19.829064267856282
282,622.3223787768337,1115.7182455316563,276.56697261113567,-14.992311412985703,32823.9360336982,19.704373377631036
283,1618.343352124905,1115.8332508980839,276.5627818634887,-14.848571318345451,80797.10909325408,18.7263604665044
284,974.7363525319148,1116.5473354213796,276.56536927738335,-14.941459281026328,8523.17983420405,21.168345891920975
285,538.2810522549954,1120.154611113412,276.56666346314944,-15.004456580653786,13075.820654983392,20.703677633520847
286,151.4612253406372,1130.1970603148723,276.56679191238464,-15.060312529626152,5556.045278620106,21.632935580845373
287,2729.628039135606,1129.6027845818296,276.5561010020479,-14.68822441598244,11584.710513985308,20.835137057083617
288,521.1916039137369,1138.2748604116844,276.5640295729033,-15.006995987157929,8890.735129505701,21.122505841558173
289,1976.4132804546136,1143.1452693598785,276.5572123605281,-14.79700371143784,3523.7310613359514,22.12734313486895
290,992.4585570172488,1148.659835601076,276.5605010463102,-14.939032966353926,6644.309570847574,21.438725374566594
291,376.9127500262628,1153.3765596585683,276.56238117251627,-15.027875712610145,14669.006369779883,20.57884827877885
292,449.40119482035647,1154.4658267281957,276.56191369332737,-15.017420552835596,8063.30755904346,21.22856695811499
293,563.8940761751363,1158.683953441984,276.5608026816873,-15.00091685225082,3984.794288381454,21.993835256111872
294,469.23112673912067,1159.6663148482698,276.5610537794759,-15.014580251814243,62015.65971683138,19.013596601568462
295,243.583239070619,1161.0717200640886,276.56179299284366,-15.04714483461336,5746.024034195187,21.59643142616518
296,1139.3201643929174,1175.4280397196458,276.5558901372074,-14.917948787379975,4789.318637361866,21.794165691735646
297,1245.65417831573,1176.173712721937,276.55533395588355,-14.902606515302619,5836.07062827747,21.57954867393946
298,180.9517637416035,1177.5701292346168,276.5595927152219,-15.056248113822251,4253.002543676608,21.923110915527303
299,525.977074377854,1188.2626468720493,276.55654540239135,-15.006507880437029,7643.723851557828,21.28658754992169
300,646.0951055621433,1192.635037756217,276.5553883152795,-14.989193161275116,5698.799552677498,21.605391567829937
301,1206.0938652151376,1192.8972614238417,276.55300323498506,-14.908384101662858,2732.735407738517,22.403356061842846
302,1586.1128569041578,1203.8459844608703,276.5497818719998,-14.853586180469177,18713.83069134385,20.314443281707753
303,1932.5410610363333,1206.849164031547,276.5478900949335,-14.803600308959291,14687.836118812294,20.577455476193727
304,534.9502023349548,1209.8571434426165,276.5532833842776,-15.00530050674951,4312.704923653888,21.90797566011581
305,1624.5624974437392,1210.4405585715597,276.54863739760884,-14.848064277685257,1709.3232972429105,22.912789491955884
306,694.3651327316934,1214.68678274832,276.5518934672702,-14.982317417581104,4429.940975159363,21.8788551724505
307,1898.5505444451826,1219.2074737854507,276.54618767433703,-14.808557331758958,3615.713141684413,22.099365102352458
308,1696.370674838575,1221.6287228694323,276.5466684964617,-14.837746955077215,5509.78277539213,21.64201382913692
309,217.31708804478095,1222.8436380953174,276.5526786407885,-15.051183322543205,3302.0516237680567,22.197890374997357
310,2397.3395257636967,1224.1356480306565,276.54337938736404,-14.736585781613767,3153.7491290372855,22.247782162710926
311,2293.6609572593297,1233.1645213466363,276.54246289659807,-14.75158823416044,19345.77355029335,20.27838477197151
312,1213.2318029640635,1247.1861891786978,276.5448703309111,-14.907576258279631,13665.308690306272,20.655801405266935
313,2264.723228016057,1256.4653666694205,276.5391071720299,-14.755862088982557,14306.15561693853,20.60604265961791
314,1404.2965930589683,1260.3779631815682,276.54210384007445,-14.880057759756395,4079.6650404820975,21.968288754299788
315,1175.571873887698,1278.4678395496253,276.5403587073106,-14.913138723284053,4072.7352160355003,21.970134581999535
316,1128.4999678334916,1279.3139622468793,276.5404290293431,-14.919934844430548,6329.758202313293,21.491382221125953
317,1767.9908440751428,1283.9606921505447,276.5370694451533,-14.827667973321194,24648.53866725672,20.015372080553604
318,1953.2013410531492,1287.5145134527622,276.53576901970683,-14.800952732860983,1978.1183363530508,22.754219349927748
319,986.9566820002591,1289.2915962669208,276.5395312180856,-14.940400377112628,12992.256919926847,20.710638521454875
320,86.24239348580133,1291.3263059523406,276.5430027127895,-15.070369438799235,5548.588440030195,21.63439373985397
321,406.1027535488982,1298.3504942568209,276.5406109296772,-15.024248840367184,28017.12580415635,19.87629107112759
322,779.9872873956323,1300.61685378047,276.5387062555729,-14.97031118238215,5931.888989807398,21.56186748421691
323,1554.0569726810493,1302.7371115928809,276.53515830783897,-14.858619463754493,5720.7320002044,21.60122101468448
324,1481.6081222747946,1303.7642484377538,276.5353068362131,-14.869078913464207,11420.574125193161,20.850630179345117
325,729.1463329988956,1303.7688447056607,276.538448483585,-14.977659883746318,8007.075214151431,21.23616525154321
326,2552.2074364104906,1304.1454351984146,276.5308036142042,-14.714566831257558,2764.273227506106,22.390897602806717
327,2004.581769503063,1318.8845751788704,276.5308754999093,-14.79366724033225,1061012.7806619073,15.930548483374643
328,2565.5840920860505,1323.6910979959014,276.527833147887,-14.712717827282491,24246.94763955169,20.033207335131806
329,1250.9480852905929,1332.4877135086708,276.5319817716612,-14.902482395187075,24728.340393427097,20.01186259593683
330,1617.8576697900228,1335.1284191990103,276.5300593539047,-14.849545413964075,2249.486813741729,22.61464139238044
331,1149.9941318287704,1337.0055827390831,276.53172860491526,-14.91706862731924,2818.6163768178594,22.36976009430013
332,2713.7673485279097,1338.6361377782403,276.52499152022494,-14.691391948862373,20506.041018360716,20.215145467278315
333,223.67092348383966,1339.6155103152212,276.5352146516624,-15.0507356924224,3372.0474089185445,22.17511584190585
334,1139.7381797222683,1342.5593328015877,276.53094250008695,-14.91857120601748,2206.38793788811,22.63564533520045
335,1281.7053918601762,1344.726173627348,276.53002706128717,-14.898094052108542,1603.8406010756444,22.981947013170704
336,948.1639725007849,1343.848353803856,276.53154984271123,-14.946219944109897,6257.234666868477,21.503893914796073
337,1415.9839833445444,1346.7097796015241,276.5291715429529,-14.87872517554239,7493.319635092601,21.308164376026216
338,2029.0089466290167,1359.5818654893517,276.5247028015322,-14.790310391760256,8126.8203717180295,21.22004837021662
339,2236.5397582398864,1360.039008651387,276.5237742042412,-14.760360733033929,10023.136652468864,20.99234089307968
340,1952.5918942008796,1360.299288167141,276.5249128650956,-14.801341858810652,3792.8124855493515,22.04744659176483
341,42.42666344073811,1364.7334153555553,276.5322245242934,-15.07698451666989,8622.204456983774,21.1558042291876
342,698.4791715341971,1364.3295857527276,276.52953604797943,-14.98232993965591,5080.068428502891,21.730176116009147
343,2316.798760108125,1363.8008534197359,276.52288064490665,-14.748792848103875,3059.485091917297,22.280729168348365
344,1549.8098633879233,1366.7841944507236,276.5256189591829,-14.859495475994368,281899.7219681561,17.36961340283964
345,831.265823308441,1368.700501403818,276.52832855588287,-14.963188209876241,16147.537069716112,20.47458429612708
346,1605.1833484159713,1372.3794993069723,276.5245537636619,-14.851527581845641,2759.0816635199153,22.39293863429945
347,992.9002817497002,1375.4814703656382,276.52664147312345,-14.93989335259057,4014.524574843701,21.985764719715238
348,545.8325684293865,1377.785656523353,276.5281657597775,-15.004408594059692,4094.752471715299,21.96428088734089
349,2501.495898315302,1380.8489830869469,276.5195736679821,-14.722206669750381,3396.2626632365063,22.16734684485355
350,1358.774597041151,1381.986315991043,276.5241455264712,-14.88712513480009,5223.0687259935075,21.70003567069886
351,213.5892660504587,1386.1437792262661,276.52830938466485,-15.052376767088582,3826.474854209133,22.03785286244004
352,2194.2204154304245,1389.3456881781074,276.51957804962063,-14.766590136021229,2167.027322321883,22.655189054111027
353,362.89022922712365,1393.3500842060153,276.52660784016746,-15.030865673976248,9527.666754625709,21.047383625188445
354,1163.6785129803468,1406.0810430565834,276.52136236676176,-14.915375590003425,3057.0644902699787,22.28158852048724
355,379.7447905985126,1407.9991024621183,276.5243501308319,-15.028492851789897,19352.364051336524,20.27801495853331
356,1933.360682516787,1410.2108774694693,276.5175466984398,-14.804323471009694,2904.8081083840734,22.337056401226093
357,224.87089987738767,1412.732175310077,276.52429206618655,-15.050855698794843,3612.430070672155,22.10035139971852
358,1695.4277722537781,1418.2152604622006,276.51733987873996,-14.838692907299725,3012.703854767562,22.297458913838717
359,2831.546342374325,1418.2499699694076,276.51263330904294,-14.674725758805018,7078.302278331808,21.370027258658638
360,1959.7256128713545,1428.544613789513,276.5147023872646,-14.800594331552304,9960.007369564984,20.999200872267377
361,450.1025588370139,1433.5447450381314,276.5202418367248,-15.018444738194141,9981.427514552874,20.996868378542207
362,1588.21162355363,1439.0920820824917,276.51467029150933,-14.85425057634774,2280.518059752714,22.599766232101445
363,2745.831636507844,1438.0908346694882,276.51002828893445,-14.687180448609693,8584.494863990396,21.160563158853847
364,1764.5297927051822,1445.459589323146,276.51298838268303,-14.828832966908946,6498.779304637908,21.46277054970609
365,2034.4883402346522,1449.8623027034594,276.51121261826205,-14.78989306289709,4432.114300734502,21.87832264173714
366,2488.818334560353,1458.7830871645501,276.50800325669564,-14.724361266668488,17938.930392815753,20.360358659907995
367,393.83607778464335,1460.6100367546755,276.5164364788543,-15.026671139737429,3251.8659293980018,22.214518442077136
368,459.4248031091006,1465.833181313596,276.5153824949384,-15.017229564650044,2960.222800012132,22.31653902344625
369,992.5132637100985,1465.2892547678805,276.51323906118654,-14.940313852186925,2606.0453767761283,22.45489508810446
370,2192.4295827902465,1466.1379384038362,276.5081312334648,-14.767166979507289,3438.004042348948,22.15408406421088
371,1909.414869651178,1469.7635850783743,276.50876198264325,-14.8080248330974,15040.440780867102,20.5516986115774
372,2698.675663992982,1475.8335764882074,276.5045947532399,-14.694144332133604,4678.925371381825,21.819484725997967
373,1886.699902146343,1478.054671380128,276.50761925702074,-14.811336981717512,2048.8654888240635,22.716066403591967
374,1235.6026285907758,1488.6584352539628,276.5087396792984,-14.905333763819652,2007.2433337151888,22.738349961059384
375,2257.0569182269314,1493.1627643192421,276.50383327973896,-14.757952140473327,2541.536134385402,22.4821092999783
376,129.59063113653127,1494.8448349033797,276.51243069597587,-15.064929628854319,4563.274845826971,21.846658453939046
377,812.1739057782733,1492.540366499285,276.5099233427663,-14.966444080251385,3796.489289030578,22.04639457430967
378,2580.8165055295776,1500.081635775233,276.50146491458224,-14.711255724700669,4426.6498871700605,21.879662086443265
379,1455.0741336438664,1501.4236744984667,276.50592293877185,-14.873717505620533,4349.959626436721,21.89863695636081
380,1503.653485525422,1503.4858210590914,276.505413588431,-14.866716102919575,5091.639858694187,21.72770582768303
381,587.3400341019668,1513.2940463627065,276.5077632788228,-14.998965825349266,33142.64225390862,19.69388219911898
382,2367.866292199247,1521.7576762812585,276.499110980844,-14.742079046747625,5054.102515778606,21.73573990477545
383,883.9013056202928,1534.4550102838598,276.5033686166376,-14.956264737028762,7812.693690583765,21.262848028132886
384,216.1095672695677,1537.3827139515952,276.50571765927594,-15.052618257998484,3293.7434422415317,22.200625601959242
385,263.2919769200473,1544.5187108552864,276.504455077767,-15.045840229344805,1284.3352837560378,23.223153987120167
386,119.01004916841961,1545.2659950719985,276.5049466647392,-15.066657105774036,3757.8170669001047,22.057510935361943
387,2572.0554639235293,1546.7438449393323,276.4945428431511,-14.71271450997039,3417.7265086832485,22.16050675439142
388,1499.0239914110823,1547.9612946865243,276.49879700675206,-14.86756592656475,2386.8879224611665,22.55026995426314
389,1800.5092353183838,1548.9040097046666,276.4974071764691,-14.824066177898708,3247.5864111208866,22.215948232884248
390,2303.7407967725667,1548.3588672963335,276.49540846210635,-14.751443687874783,21521.514608425285,20.16266794121391
391,731.1007211753823,1550.5079565315239,276.50160909446913,-14.978374959227423,18913.274787546703,20.30293319070622
392,343.0765120754905,1552.5631971499938,276.502920822257,-15.034362575259292,4801.191073649548,21.79147754670699
393,1831.5797637655219,1569.2355645406133,276.4942456741333,-14.81966617982559,3770.9184125762476,22.05373218135236
394,271.35382088365685,1572.0723819276423,276.50030783140136,-15.044787337888529,2353.0736827909495,22.565761205090975
395,701.6401245042928,1577.9297691898362,276.4976389073771,-14.982735744310034,25879.00094618136,19.96248125551528
396,1866.750761477054,1579.8991539293017,276.4925095187336,-14.814634787976676,9132.741343655209,21.093347127208297
397,268.02388949698894,1581.2240899925876,276.49895547246564,-15.045304266595528,2843.577086776597,22.36018750649421
398,345.4337556561577,1581.5883393019335,276.49857793440384,-15.03413864262601,3099.6301240032626,22.266575339262324
399,1376.7911483433616,1598.4639530563707,276.49176886089225,-14.885408957900717,2823.5344066470134,22.367867310998562
400,1256.187348177787,1601.7890123477127,276.49177298207087,-14.902823835544787,6832.871275614896,21.40834192385286
401,209.19960103434957,1602.7937368888518,276.49598093542204,-15.053876135352255,6391.6359024696285,21.4808199527754
402,2721.9877486840196,1603.4163335295584,276.48547540545064,-14.69131232299912,5114.035746562688,21.722940623247876
403,97.80626229467335,1605.1484704383088,276.49609464668316,-15.069954358374202,74474.81198887293,18.81482648289217
404,337.8240532475355,1609.310342827042,276.49447126463207,-15.035347249485158,11224.355692853642,20.869446469778847
405,379.12066698629536,1616.7675661281914,276.4931858083218,-15.029419683031582,4602.6672768536155,21.83732606861268
406,629.3072072797618,1629.438456924302,276.4902520659421,-14.993378140489762,2857.4998573182093,22.354884478225195
407,394.9673550938342,1639.107631924632,276.4897849127168,-15.027223000334692,160106.51959505043,17.983827479412987
408,234.7320161489351,1639.4694676214783,276.49039907557983,-15.050339223153554,25624.42020512183,19.973214902819585
409,1532.390353230744,1649.019570694376,276.48358171278466,-14.863164050859483,19406.67097051753,20.274972414936656
410,2116.504872030021,1650.155728325641,276.4809991217819,-14.778884026949333,9585.59409170512,21.040802435281908
411,2324.037240441491,1655.0813429501225,276.4794093018767,-14.748956510626622,4254.615247075126,21.9226992913732
412,1392.028136401837,1656.2276839314502,276.4830874501081,-14.883445619808274,8243.88054753049,21.20452079593672
413,1594.3368866885419,1657.7598464366097,276.4820215186953,-14.854261589225349,5329.360888233583,21.678162195809655
414,2819.0943490916293,1659.7385835585967,276.4766792634214,-14.677532841944348,4581.852778920227,21.842247195147777
415,195.12332519119292,1671.7580988620625,276.4857440538199,-15.05618145428851,5044.031950041295,21.737905449606565
416,593.0164273219382,1677.542381174455,276.4832233122821,-14.998806554613322,3088.5960044885724,22.27044725844966
417,54.40198217682683,1681.8283630255655,276.4848277281735,-15.076520133087616,3226.610067683956,22.22298381028171
418,2065.535385893012,1685.950524639406,276.47587086292674,-14.786386336951585,2312.7502796773842,22.584528166313216
419,2036.1906784133942,1687.2609991836662,276.4757963977564,-14.790626105567902,1870.781664576265,22.814792259775015
420,2517.4715280412006,1689.0247804500307,276.4735519846071,-14.721182973363025,3170.91683999417,22.241887890599465
421,1223.4280234598516,1693.57894682813,276.4782130585786,-14.907922863501284,33238.702625900165,19.690739861563006
422,1973.5324747462944,1694.8605568344678,276.4749213456708,-14.79969868974928,3718.461061643575,22.068941926491966
423,510.56399567718546,1698.6078060266416,276.4804221895909,-15.01078537207081,4601.135277094894,21.837687516527133
424,1834.92055630803,1699.2550060870512,276.47483776469744,-14.81971750203556,2373.3115287272303,22.556463149454114
425,853.4759808156745,1700.9243807046967,276.4786512911056,-14.961325837769134,4070.5824179148476,21.97070864063771
426,1686.4775255299476,1710.7129569433444,276.47374154462193,-14.841183102244377,1878.734529041627,22.81018647845052
427,1114.494132340481,1713.8811970629088,276.4756351976178,-14.923721371293706,4141.69794414231,21.951903965619476
428,563.4057875254719,1720.2039602329153,276.47697909142516,-15.00324904286447,5626.82130267375,21.619192214199874
429,2350.0987508111816,1719.4546077896762,276.46970282426054,-14.745461835505914,23271.260397031445,20.07780025720499
430,1618.7071504172125,1730.466870006256,276.4710748032129,-14.85104200388789,12075.523392112562,20.79008511279406
431,3104.1536858079544,1728.448703552103,276.4652681612217,-14.636680405824725,12014.935040748038,20.795546453892914
432,584.724734647083,1732.9530135729863,276.4749876781559,-15.000224694465585,2292.8747617787158,22.593899186810997
433,603.2844708145005,1734.720104103589,276.4746468165438,-14.997554414360556,9921.121395591334,21.003448112365128
434,1968.9300619166645,1736.8502433931528,276.4686778434573,-14.800535167421984,2303.9488474271566,22.588667940191407
435,1847.9879947295342,1741.5085626828568,276.46848162504403,-14.818005048633555,2673.2813023843482,22.42723836960232
436,1871.2899010348242,1748.4473346782834,276.46735064422785,-14.814671256032977,1644.1359234386691,22.95500572535003
437,1522.0710699622707,1749.1275296968197,276.4686903346075,-14.86506085971988,6476.441723894153,21.466508866617477
438,1175.394511181904,1755.3732146615691,276.4691921505459,-14.915103003406537,4315.94101853481,21.90716126917602
439,1231.0607903575803,1755.646514505909,276.4689209917613,-14.907073076019302,21002.97502600374,20.189147981766073
440,248.17584976543083,1758.008259443423,276.4726477025084,-15.04887197364374,13943.12887939284,20.633949417515808
441,1068.4280450257947,1762.122901573336,276.46862795824586,-14.930562182967124,6077.6212069137255,21.535515949675332
442,1285.7017567977036,1764.6829793937827,276.46734676780704,-14.899226501424357,1791.40329029852,22.861866602793437
443,2125.645354027588,1771.1088354531664,276.4629234697295,-14.778062981393052,4214.531786232983,21.9329766875345
444,840.1580786122026,1772.8167550241935,276.46797820915396,-14.963536284402052,3545.399652716471,22.12068702712324
445,465.490783985476,1787.5950455410477,276.46732780948014,-15.01764287087492,2790.11562442813,22.380794518862928
446,184.04446855815604,1789.4041152582358,276.4682280856432,-15.058247207041042,4444.342277436663,21.87533127568971
447,3108.3669724458878,1803.302757191333,276.4540939456757,-14.636385465677936,7824.386165463824,21.261224330385822
448,2619.618879333524,1804.6497560989726,276.4558937301105,-14.706921830996421,4249.181031009219,21.924086936546587
449,2139.3166511813965,1807.9331270488847,276.45737591917003,-14.77624168447461,4763.532478676432,21.80002719501352
450,1410.9486332493136,1812.6697168278502,276.45967038442154,-14.88135135821497,2928.8235115948046,22.328117016042007
451,1820.4113627558743,1812.1756485718497,276.4580555001648,-14.822273001393077,28131.117666620034,19.871882553442436
452,1713.5250987830748,1813.740756034998,276.4582624447317,-14.837701106983353,1830.8370583353098,22.83822578546808
453,583.3961351118642,1832.6309173188617,276.4601169773827,-15.000814983511829,6660.08796410331,21.43615010863708
454,2238.9128153222446,1836.987155477063,276.45263433616293,-14.76199027314733,3797.559617605999,22.046088520317312
455,1716.9473197377647,1837.9940662848505,276.4546309516262,-14.837306237883599,2204.8398919748142,22.63640737680361
456,1430.9120782212924,1839.7995333168049,276.45554094028176,-14.878581235124026,2771.413350677234,22.38809675979549
457,139.1883507023058,1854.870171339898,276.4586424817837,-15.064976737470985,3295.6286594647754,22.20000434438952
458,853.707364731788,1854.4421370545242,276.45574201379793,-14.961909470229381,4308.623565646114,21.909003640546008
459,1148.471227331921,1855.2806648709386,276.45439774971953,-14.91939065643639,66201.3872641316,18.94268229600967
460,1732.1337844711256,1856.3735226915237,276.4518271600907,-14.835190080982255,9076.418227091519,21.10006377347672
461,415.489329397751,1867.052096201845,276.4556765493719,-15.025171969621079,30820.624737496626,19.772746427507222
462,141.56695655635468,1874.6908388013035,276.4556740050319,-15.064712150709738,15565.305171321139,20.514455922124192
463,1508.3976245203382,1875.173744249744,276.4499447604338,-14.867545846071147,1988.0802418243911,22.74876524874231
464,3097.3960219365854,1875.4271661438568,276.4433892110458,-14.638269928587535,15.160863135548425,28.043040203740958
465,2820.635914340762,1879.8205127450497,276.44386500899935,-14.678226340779,4186.107575762318,21.940324059762503
466,1077.1255631122085,1884.5190069369253,276.4503304270475,-14.92980083571684,2679.6722122886713,22.424645839873698
467,2455.2396780867616,1889.7741243411963,276.44387664897636,-14.730993423611316,13248.258623104171,20.689453027899425
468,2250.130467384432,1891.6193614093345,276.44444235309027,-14.760596339065895,3807.3993240235213,22.04327895052339
469,2507.492036288181,1901.146465387193,276.4419672086415,-14.723500687486792,7501.027988749862,21.307048056784858
470,658.1547557768939,1909.3101639664674,276.44836430920515,-14.99033754798589,2338.119331451555,22.5726833400856
471,617.4107574703842,1912.2601270397843,276.4480928177046,-14.996226424051686,2994.157323530686,22.304163481774225
472,1979.48917507602,1916.2004045298258,276.4418878509097,-14.799746239111757,3742.865081065349,22.061839590685977
473,1164.5705681985644,1918.959868432228,276.44483117592347,-14.917324883619258,5151.692145876237,21.714975265139746
474,1756.2920847303421,1919.4856063622262,276.4423151442281,-14.831961744955604,4042.3398641426684,21.978267960436035
475,738.91336054978,1919.7384845961678,276.44647394430206,-14.97873011689165,3471.6711904302792,22.143503557999583
476,229.93193349948027,1924.5604172333035,276.4478634668204,-15.052164520508533,2178.8075011089604,22.64930286724292
477,1475.631828893514,1925.8425393246594,276.4425220438737,-14.872478349597028,16618.41203188426,20.44337621534905
478,243.25047654925385,1934.4999424113828,276.44632469758517,-15.050282932882013,6924.263680876953,21.393916027278937
479,1400.888571387458,1946.9451997371086,276.4396822354945,-14.883346538087542,59092.4514747449,19.06602000358192
480,2819.927819381242,1948.2880482679827,276.43366247108236,-14.678612631907283,10133.677381210553,20.980432337066382
481,3103.9955168423967,1946.3866573085113,276.43278693215404,-14.637613489905146,404.09784003708774,24.478633698979074
482,1247.1380854769043,1962.9115745524548,276.43793407623633,-14.905591024113422,100870.26646540877,18.48544210145483
483,64.76338045074654,1966.7039535482545,276.44225872867634,-15.07615310981701,1860.8388005554007,22.820578139177588
484,2057.2490830497745,1967.5745715565613,276.4339081433378,-14.78873722688775,4665.611264331586,21.822578644595307
485,1458.8304784698876,1968.9602083530658,276.4361599684915,-14.875076754343171,4578.635500358949,21.843009843568232
486,2002.5258471299787,1969.1878659458187,276.43389202976783,-14.796639122674128,6902.770128076634,21.397291494145197
487,618.8305983248636,1969.7854868638235,276.43950288066446,-14.996251024747693,4455.17457889075,21.87268820464046
488,1678.8186309841155,1970.0367813951104,276.4350946087754,-14.843344496234222,1807.8085825022863,22.85196891203414
489,841.3464952348598,1972.6525080811082,276.43815524739585,-14.964166176593837,5913.6605489072535,21.56520904195538
490,2221.826905634355,1972.0607360641,276.43256471330676,-14.765010383489743,2988.990252469339,22.30603877481933
491,2769.8404863878086,1972.5208894898055,276.4302550266667,-14.685940454327861,14895.277140625258,20.562228551472373
492,3100.579481753846,1978.9861890950156,276.42794261849923,-14.638242239780615,182.3887172399336,25.342355099418334
493,1425.2444017752553,1988.5965316868362,276.43336934904136,-14.880001334916894,8393.992944760983,21.18492852206369
494,858.5425353462093,1995.8722082160368,276.43461986754045,-14.9617786311828,52085.25226235144,19.20306309192224
495,3086.200728732495,1995.8097210564736,276.42549405146684,-14.6403871479344,142.5990307448301,25.609558587687154
496,2686.2354518047287,1999.6192425743468,276.4265572362302,-14.698116145835998,7923.35314339093,21.247577489585403
497,220.8843171076238,2002.1453763591987,276.4363214301429,-15.053776488417547,1982.4467641894953,22.751846187228267
498,2922.1664499913604,2006.3633314748974,276.4245896008972,-14.664100827866582,6903.730615490931,21.39714042966029
499,954.0398436214095,2007.7752301888804,276.4324498988752,-14.948051246231053,9493.866598095388,21.051242209206464
500,3099.5337552234746,2007.0857791241203,276.423759351808,-14.638510121002131,0.5825287027473678,31.581556698989935
501,2031.686756144684,2008.3975435131383,276.4279259661779,-14.792592099973062,35270.20592352986,19.626330033470282
502,3078.9451877234105,2007.222368536101,276.4238228322049,-14.64148161072472,132.66084090434015,25.68799315703846
504,2147.593922379652,2009.801562037635,276.4272417769093,-14.775875278267037,32338.522619996722,19.72054958329828
505,3070.3682771772437,2012.9375717435128,276.4230060530216,-14.642743024746693,580.6913151426124,24.08498669481723
506,3053.446780832646,2021.669963881972,276.4217736132864,-14.645221077993167,301.1371846604816,24.79793905704494
507,950.344790764329,2028.4108424977398,276.4293865634616,-14.948666891916128,3990.377797713445,21.992314983155655
508,886.0468792543091,2030.420695903082,276.4293519196432,-14.957949498253937,6142.908550275846,21.52391489665898
509,3097.0044249076727,2036.0897396286819,276.41944743916554,-14.638995772776365,98.49472739011253,26.011317565402276
510,1204.2505843148895,2041.842775624177,276.42633670580767,-14.912095523481575,2389.941865034765,22.548881679353347
511,2329.3995460129754,2044.0249499993586,276.4213956168979,-14.749784989703405,3921.527903080336,22.01121174788405
512,3042.5572092373623,2044.015734078203,276.41848789041995,-14.646885275750831,111.1581177545595,25.879997061081415
514,1650.0326885962795,2064.268455875044,276.42115981636687,-14.847879572814895,39069.15466490828,19.515264985321316
515,3038.235466424035,2063.85832199618,276.41554849392577,-14.647591300009905,200.50790214141307,25.23952128890575
516,4.969702698509907,2073.866503577862,276.42651182570773,-15.08519860749043,16096.341423855567,20.47803208315169
517,3039.738592470608,2078.085289951491,276.4134222723275,-14.647433479277876,9051.0483957752,21.10310280401812
518,1.3209698679805637,2080.885380236558,276.42547934882975,-15.085752401362006,15268.14624401679,20.535384243850075
519,33.71073289922078,2085.181844687822,276.42470389726554,-15.081098215881152,9282.467989757406,21.075691371048713
520,42.2572149064103,2085.6006881188723,276.42460598173784,-15.079867331753814,7563.811727995013,21.297998246138675
521,62.97575303181991,2085.4911849635755,276.4245365085331,-15.076878967138539,8029.012092502038,21.233194741661816
522,441.06330957679785,2085.418080949794,276.422983266333,-15.022350461031897,17137.75008956138,20.40996550802512
523,1098.0172857282266,2085.9195778666817,276.4201991722272,-14.927596396115524,7112.681706964275,21.364766585624334
524,2845.945346738598,2085.669692848847,276.41308070237636,-14.675427483184654,7583.388796551109,21.29519171513444
525,2971.987861335912,2085.256256247479,276.41262927213967,-14.657239134033595,9184.823971031965,21.08717292822524
526,3006.943661944831,2085.5970062714564,276.4124362787153,-14.652196719446236,8083.583277339283,21.225840229703323
527,3013.9123360152375,2084.944870878587,276.4125051127184,-14.651188489427465,10642.918292640446,20.927198201638287
528,3027.995519141533,2085.9162819674625,276.41230306816567,-14.649160425253541,6470.696839893626,21.467472389009725
