ID,X_pix,Y_pix,RA_deg,Dec_deg,Fluxo,Erro_Fluxo,Mag_Inst,Erro_Mag_Inst,Std_Fundo_Local,Area_Ap,Exptime
628,2008.2346609130102,1328.3908041399375,276.53084121961535,-14.793650964823268,2067520.9240910008,1448.1186584193485,-10.181029661960931,0.000760438459957606,5.143118014857634,710.3422573430399,175
656,1553.5266258268996,1376.1919972345966,276.5256085523883,-14.859468867529253,535329.211523656,739.236226035356,-8.713957234162017,0.0014992433689957904,3.159225841552749,710.3422573430399,175
452,126.78805106059653,983.7579165574568,276.59025982578925,-15.063771461162307,258961.68862527987,527.0708784832229,-7.9254936741115545,0.0022097510091435703,4.108493543871812,710.3422573430399,175
261,95.558304244145,564.1539243545348,276.6531052578435,-15.066592399482026,227568.34807730606,490.59285954424496,-7.78518452071037,0.0023405569012886077,3.427440923334717,710.3422573430399,175
76,1724.2240934599831,195.6095380244763,276.70118873436707,-14.829961633258257,218631.70469296677,487.50446473217715,-7.741687730859131,0.0024208913254508027,4.128817397325627,710.3422573430399,175
514,490.3592945118244,1116.6083827825905,276.5688619802468,-15.011840836011936,210267.81019680033,472.07939494219863,-7.699336857861059,0.0024375419071946203,3.358547256171477,710.3422573430399,175
314,823.8626408821387,683.9524002728725,276.6320825527295,-14.961959848384637,197269.23487653042,458.07467707885075,-7.63005327862748,0.0025210807818856554,3.354814835978751,710.3422573430399,175
910,1250.7157993721246,1972.2005022621756,276.437894488751,-14.905562693915233,172437.20684520225,426.0083298313698,-7.4839823270197385,0.0026822357666296593,2.8467184024454193,710.3422573430399,175
481,1272.96585357888,1050.5366479244021,276.57541676516445,-14.89863333241252,159657.2327773879,410.98269139449695,-7.4003763725095215,0.0027947616295539404,2.8785840572654227,710.3422573430399,175
519,1622.1749659860836,1125.3417851806046,276.5627736897643,-14.84853818050087,158440.8185730091,409.9632320412121,-7.392072572006826,0.0028092324000588554,2.9370422273060233,710.3422573430399,175
776,101.22768256357494,1614.755866200971,276.49608703326004,-15.069966283447172,128673.5381563119,371.4497319100819,-7.16612798574903,0.0031341562508747528,2.8866371706467784,710.3422573430399,175
350,1789.6045676660942,774.4265025430315,276.61446548906866,-14.822927407958217,126597.14937026164,368.94527638321586,-7.148464694882874,0.003164082987348467,2.920898099224561,710.3422573430399,175
541,472.8263151191186,1168.9555950346016,276.56111575262776,-15.014580822223172,115884.96693034313,370.43868437220146,-7.0524726312077135,0.0034705561064244618,4.372346311657999,710.3422573430399,175
493,925.9813341995759,1066.442281786844,276.57450894464546,-14.948774969718896,114853.84174254589,355.66341855766007,-7.042768694475488,0.0033620449056778077,3.2295671355606275,710.3422573430399,175
868,1152.0524226787672,1864.7343786842953,276.45434826212505,-14.919366754007362,114768.96589310432,352.623029336265,-7.041966049583249,0.0033357695607971437,2.9286424670036144,710.3422573430399,175
902,1404.4871916920195,1956.2624308615323,276.4396349996987,-14.88331528352531,102474.41852431017,333.83513581578956,-6.918943534926143,0.0035369296276535536,2.8349857715538875,710.3422573430399,175
32,906.0653235153803,95.03136838404365,276.71972866865144,-14.947677082962135,93186.92947282619,324.1922641854302,-6.815792382991576,0.003777091306874314,3.266946970178923,710.3422573430399,175
53,3031.164669165786,159.23654884970375,276.7010562093307,-14.641067372820045,90508.61196365958,361.23854758294607,-6.7841296398429085,0.004333252743598331,5.985020525166814,710.3422573430399,175
145,2558.8840526762046,348.1641707589027,276.6748537242911,-14.710075880057413,88833.98055572645,316.5127358302511,-6.763852685325636,0.0038683156506235375,3.188207534026645,710.3422573430399,175
405,2467.3355731077413,877.3510048584994,276.59624264487564,-14.725515191421303,86978.50039938727,312.4194770808579,-6.7409346675375,0.0038997433240304173,3.085552663949881,710.3422573430399,175
438,767.6865913813748,944.5859054676794,276.59338350557186,-14.971126278391575,79675.4742467177,302.65022907633266,-6.64571652121912,0.0041240715140357116,3.2680425920458642,710.3422573430399,175
268,319.7760401768706,574.7721142267845,276.65055488039894,-15.034274073880963,78607.89306784177,299.7578502861311,-6.6310702683097436,0.004140132566265053,3.1742037498197515,710.3422573430399,175
336,551.752823960107,738.8315537128359,276.6250447752225,-15.001457330354349,78069.82908452605,296.44509925208706,-6.623612949735293,0.004122597013880024,2.96449299852228,710.3422573430399,175
100,90.03542601788433,261.39627232195915,276.698385777549,-15.066164150514357,75604.15875947993,307.33533721081295,-6.588769091793165,0.004413434142839935,4.109455947348166,710.3422573430399,175
161,2320.578683842455,370.1953810795374,276.6725750519055,-14.744580776005085,72893.77167988906,289.9934767706778,-6.549130933626116,0.004319243063900738,3.167927689722573,710.3422573430399,175
87,1165.3035972204302,229.2384783219935,276.69855947698306,-14.910802843848685,71984.43351789465,299.4506050178457,-6.53550135657794,0.004516442041417954,3.980489681438322,710.3422573430399,175
220,1550.935815981787,477.8580558166979,276.65976960015206,-14.85615586000946,68330.2283531932,288.1454148879184,-6.478937058525272,0.004578346721260349,3.628618840378635,710.3422573430399,175
936,2035.2439771324723,2017.5479743589115,276.4278780680064,-14.792561276411437,65314.4338741636,271.1168839390723,-6.429927795453773,0.00450668532869405,2.708687915641197,710.3422573430399,175
518,626.0586808424094,1124.9185711003981,276.56704474364926,-14.992292614600082,62918.93403236492,273.9046884028495,-6.38935826886076,0.004726372510475226,3.293050991759491,710.3422573430399,175
938,2151.165107017786,2018.9644842337282,276.4271885987769,-14.77584194194176,61283.16745979583,265.48028911649993,-6.36075788826766,0.0047032808818649186,2.870336998543782,710.3422573430399,175
33,811.3196179710988,97.03125619367772,276.7198383567112,-14.961364740568934,59534.98195479752,264.35442290526424,-6.329335444102057,0.004820856369221042,3.04475894870053,710.3422573430399,175
127,330.46989924560893,307.2514771483592,276.6904929466861,-15.031644106847379,59192.36887637223,271.8667288818569,-6.323069180205384,0.00498655000889571,3.631283937080828,710.3422573430399,175
90,199.73472177736903,236.65516956152945,276.7016100383627,-15.050228516690712,58798.524449492805,269.17471593389234,-6.315820947238057,0.004970243587327774,3.497748734058061,710.3422573430399,175
805,1227.0735175967918,1702.9176561083405,276.4781941754792,-14.90789487970501,58646.274216014426,262.9403471001027,-6.3130059450387535,0.004867731815239981,3.0657347698398643,710.3422573430399,175
726,590.76164155792,1522.57460128401,276.5077935497675,-14.99897834518079,58297.47651962127,259.72188450682756,-6.306529268727134,0.004836916910359855,2.8643014020618094,710.3422573430399,175
515,347.75134430401033,1117.4395404474185,276.5693435273162,-15.03242218519999,55725.528928385,257.0478643877673,-6.2575403766646716,0.005008061327232107,3.0447290406864345,710.3422573430399,175
479,118.73958288607973,1047.0863006754307,276.5808306064261,-15.06518601464048,54654.499113504135,262.1378746602963,-6.236469674590641,0.005207313123986959,3.5492679595672456,710.3422573430399,175
615,409.5944076710494,1307.593507591299,276.54067183786685,-15.024259254978062,51482.700941601535,248.68723367014317,-6.1715581864361955,0.00524447483635219,3.04687082044045,710.3422573430399,175
873,418.87218519387727,1876.542681581614,276.455647974495,-15.025178995644854,51366.410447315546,248.58289498223638,-6.169102922564354,0.005254142672846991,3.0563246252029135,710.3422573430399,175
854,1823.9872690596335,1821.4614476416523,276.45801420977864,-14.822248322795135,50812.631618981366,248.47754232897478,-6.157334097994852,0.0053091536319050435,3.128947557167569,710.3422573430399,175
149,511.83012419818044,354.22801448702717,276.6826904110382,-15.005655920453501,48348.45421289117,241.0064355416908,-6.10336136194592,0.005411976273645725,2.9532572457009105,710.3422573430399,175
606,1771.7434203643388,1293.3214478083696,276.5370661268561,-14.82763868715204,48075.154425446875,238.52746413255494,-6.09720659813267,0.00538675893824355,2.810981501629992,710.3422573430399,175
636,1254.7665852084936,1341.92257576482,276.53197936631074,-14.902443267357386,46654.29176083318,238.93154917725542,-6.064633880715356,0.005560216930771678,3.057342767003241,710.3422573430399,175
496,2598.4228462718934,1075.877161545013,276.56606268056515,-14.707418442974099,45788.21285046637,234.5874597291044,-6.044289110802598,0.00556238361736572,2.8775761026783964,710.3422573430399,175
760,705.2211300304656,1587.4653471451877,276.49762025450366,-14.982723651128834,45256.087876057776,239.54105585488438,-6.031597400846648,0.00574662407970166,3.2956323945899393,710.3422573430399,175
640,2717.4995039075266,1347.8449314472675,276.5249815410584,-14.691360290966035,45075.45783662028,239.40652848289463,-6.0272552447741345,0.005766412155279566,3.3113879061293114,710.3422573430399,175
151,1641.259982756999,355.39924604549697,276.6776755772871,-14.842606811927876,44826.38702636963,232.0163615330707,-6.021239219440314,0.005619461670383378,2.8403094165326683,710.3422573430399,175
783,238.0410466958815,1649.0428132159313,276.4903882185291,-15.050365661332027,44565.36752601096,233.46413444244837,-6.014898609424568,0.005687645470807014,2.9841110670856903,710.3422573430399,175
447,966.0966163273525,965.9327091729236,276.5893522860087,-14.942578005288464,44298.0895496289,241.9172647053574,-6.008367370143004,0.005929139991383824,3.5699186676767343,710.3422573430399,175
205,2464.3496472833504,438.2568720866209,276.6618036766174,-14.724106635549488,43115.99657861894,228.7862449598082,-5.979000950258594,0.005761045687531227,2.875097823471296,710.3422573430399,175
387,90.77358698028914,841.7158196494668,276.61164114394006,-15.068399462140054,40009.61459284846,226.31481556747758,-5.897815798033595,0.006141273735376845,3.1688234756478812,710.3422573430399,175
579,2297.4544171768925,1242.6410348112142,276.542431591742,-14.751554277702896,39418.65523196856,232.41422915710746,-5.8816593888672415,0.006401337821165195,3.6162741494683175,710.3422573430399,175
319,162.42007415170428,692.6529489483362,276.63361221082397,-15.057460739369281,38126.45042907115,223.11397340974634,-5.845470814178587,0.0063534590344728045,3.2310604256532787,710.3422573430399,175
831,1234.7415510819633,1764.8932165558797,276.46890933395116,-14.90703732528065,37445.38291256345,218.51643590734375,-5.825900568272038,0.006335715541181037,3.038245248801833,710.3422573430399,175
509,81.34668007582755,1113.1612475233724,276.57111613555,-15.0708451844455,37114.94331923593,218.5434706778167,-5.816276882405399,0.006392914144420422,3.088291663236845,710.3422573430399,175
702,2492.5915842183103,1467.994228420256,276.5079878247123,-14.724319422694366,37075.53275910602,216.23465970042844,-5.815123379199342,0.006332099704733035,2.9450931986248876,710.3422573430399,175
560,1589.8072304343855,1213.1673069604992,276.5497965349822,-14.85356869434588,36274.658943343326,214.94920334886262,-5.79141322294565,0.006433426443522369,2.9823643239347186,710.3422573430399,175
192,1709.2431094497413,420.0099328833595,276.66773540242525,-14.833059920097428,35549.60891109164,215.3329788274354,-5.769491946596469,0.006576359692103506,3.1131930117234354,710.3422573430399,175
27,1943.6247426771927,75.90205046905211,276.7181305131273,-14.797777860983603,35470.13820076914,226.54279245784318,-5.767062079779493,0.006934213460892209,3.768374145087347,710.3422573430399,175
246,1367.5275196274263,530.6157798481039,276.6526707718806,-14.882852295616146,35316.78540010087,222.5209974870473,-5.76235779430426,0.00684068621293594,3.566521195202033,710.3422573430399,175
55,1560.4608870983295,163.22123854215437,276.7067278495835,-14.853473131190357,35268.49927450158,212.1296161322063,-5.760872328794835,0.006530165132408832,2.952472541309338,710.3422573430399,175
676,383.0935335770228,1417.54383031912,276.52435846921225,-15.028521216872297,35136.94295720535,219.8599857460201,-5.756814812263097,0.006793476222879677,3.4389828072687663,710.3422573430399,175
785,1535.982618066257,1658.392376925524,276.48355223890013,-14.863144544103841,34861.16559888376,211.12624261044613,-5.748259637908565,0.006575217944218736,2.9498391451736174,710.3422573430399,175
899,1478.8790800933284,1935.240226034102,276.44246411613676,-14.872498593057472,34572.87052942143,207.8284251115401,-5.739243477800721,0.0065264850065481425,2.7788623667110826,710.3422573430399,175
747,734.7833467872566,1559.8929369788018,276.50161393605,-14.97834850910721,33879.94315661886,209.1884174264209,-5.717261560796678,0.006703549169193201,2.9750484692495855,710.3422573430399,175
413,2082.0365748916015,892.6829911909579,276.5955744205451,-14.78120188462544,32820.142068227695,214.29950080380198,-5.682756019902804,0.007089090825354001,3.4262812863295244,710.3422573430399,175
67,1785.6571987781065,183.41422044314575,276.7027476398739,-14.821039857297922,32713.412722406036,205.98530333072105,-5.679219510470568,0.006836285951694358,2.9503565595524117,710.3422573430399,175
920,2773.5507681507197,1981.4173104151637,276.4302294930177,-14.685884713756163,32642.86880412954,217.38186751818208,-5.676875677129568,0.00723010881735472,3.61804359444384,710.3422573430399,175
657,835.0292196250308,1377.8443391209942,276.52838135786766,-14.963155508436865,29947.539822428138,201.785841103173,-5.583307755996691,0.007315421867196038,3.1061785634596104,710.3422573430399,175
254,2863.7415159674115,546.0779847625571,276.6440214895742,-14.66688928606441,29660.200013734808,198.66034937004272,-5.572840066708399,0.007271884249303021,2.9638683881323837,710.3422573430399,175
510,1131.5430728037877,1112.8070144378796,276.5667143359559,-14.919296979671929,29399.69760651706,196.4716385989113,-5.563262036925508,0.007255491565993303,2.871084511709994,710.3422573430399,175
63,2510.992681139406,178.9978586092497,276.70031420973237,-14.716276869725856,29006.340357673005,197.80488180551106,-5.548637224874976,0.007403786811025062,3.0110526818124326,710.3422573430399,175
562,1936.292877172794,1216.3387590490754,276.5478688969985,-14.80357433061767,28884.781520583085,195.2863160831913,-5.54407759569084,0.007340278936173889,2.878961205005074,710.3422573430399,175
591,2268.439019942333,1265.8407017061647,276.539090193282,-14.755838048945522,28714.940096769016,199.6586954032884,-5.5376746648376916,0.007549012634845822,3.160312881284709,710.3422573430399,175
312,2288.880110806936,672.9953365175002,276.62750022847115,-14.75042642171728,28526.665823999385,201.70125904172005,-5.530532414782643,0.007676573851731471,3.3001013254188902,710.3422573430399,175
538,380.4235585241217,1162.5712747658422,276.56246169151757,-15.027888469764601,28425.231894341472,199.35768857348586,-5.526664919205427,0.007614454766411958,3.184260651068277,710.3422573430399,175
397,2568.188988178907,865.1436168882884,276.5976412401829,-14.710904009773218,28378.02871364547,202.48203144145523,-5.524860437789753,0.0077466530094206735,3.3625192374174744,710.3422573430399,175
138,2632.3673479721588,332.43836795696,276.67689009521945,-14.699397832600908,28182.306432060606,208.71678992732072,-5.517346210200527,0.008040641363770862,3.711953726619262,710.3422573430399,175
134,60.74984607026549,330.95585510145514,276.6881137989818,-15.070673513650572,28076.93065770698,215.83535376434799,-5.513278951807662,0.008346084778238732,4.071910623254522,710.3422573430399,175
15,2204.8697909676152,57.298091683466836,276.7197921455619,-14.759971998649265,27981.480893346074,194.30148084897758,-5.509581616753602,0.007539026206718712,2.9587028452177817,710.3422573430399,175
54,2657.9162007168184,162.43874978897716,276.7021620187031,-14.694988030661447,27353.73511740053,192.80911095266072,-5.48494647096526,0.007652806860301168,2.966267917637355,710.3422573430399,175
875,144.89867231017837,1884.1562923638428,276.455659576609,-15.064727127358829,26670.295387409045,212.17903522037884,-5.457474442669374,0.008637428839559041,4.054457160156205,710.3422573430399,175
526,2733.4147138024455,1138.7469821522038,276.55611664413703,-14.688193306417004,26362.473750470264,190.85096525626346,-5.444870279069044,0.007859918418127549,3.0022907404249515,710.3422573430399,175
884,2458.6024183065774,1898.9718999139961,276.4438240173289,-14.730993672171481,26337.829645276535,189.33046623669583,-5.443854839025288,0.007804594758249012,2.918555189237978,710.3422573430399,175
347,947.4321228585761,763.5863453554564,276.6196586255402,-14.944448628565247,26195.894341526204,192.12320386051027,-5.4379879534785225,0.00796262802528938,3.0983014935630333,710.3422573430399,175
584,1216.8188495904258,1256.4124419547788,276.54490821702086,-14.907573015408163,25909.413365724962,186.82348866976508,-5.426048828067163,0.007828593368196027,2.838479078397192,710.3422573430399,175
115,2985.3479031508273,285.7958843836388,276.68235863658634,-14.64822404500645,25848.548107866955,201.6059642362048,-5.423495263643492,0.008467926107796777,3.6408025675500295,710.3422573430399,175
499,640.7418220886094,1084.2431980475947,276.5730589662799,-14.99001002037883,25418.285420212487,201.2215558756025,-5.405270508418697,0.008594845781392416,3.674530299238716,710.3422573430399,175
297,578.2611807263779,638.757420982737,276.6398850512527,-14.9972254045511,25034.476151147974,206.67292395843705,-5.388751148723436,0.008963031308781183,3.979700764821673,710.3422573430399,175
611,990.6692060910005,1298.5839682088304,276.5395630669989,-14.940378203282966,24183.71385473461,186.5638124451775,-5.351212367193927,0.008375567639793016,3.0848140992848356,710.3422573430399,175
57,325.5843572426558,167.58075105941796,276.71139145032856,-15.03177970894288,23981.703177336312,193.42152763885377,-5.342104936768928,0.008756582091131877,3.468644856859811,710.3422573430399,175
832,251.53856888973786,1767.5972110922653,276.4726222412277,-15.048886595306941,23770.597161724872,183.97853912165556,-5.332505108665325,0.008403049303532402,3.0046602948983536,710.3422573430399,175
243,2984.5342972381814,528.918017414041,276.64607392528023,-14.649373869310043,23366.597720186808,231.52739117173758,-5.3138935827869265,0.010757633250902987,5.204725026103084,710.3422573430399,175
25,1788.4977429596659,74.19954340874925,276.7190489799397,-14.820172349626752,23092.489457075077,183.86154400433765,-5.301081763326461,0.00864430310541293,3.097888971465307,710.3422573430399,175
313,400.69070127169795,674.4174590231969,276.63531638316033,-15.022998990599874,22983.81240860204,185.1167618728635,-5.295960049118355,0.008744470446954556,3.1794950122024597,710.3422573430399,175
222,776.5060544577391,478.29824319072105,276.6630128932516,-14.967956142721384,22861.764105898736,182.22530162024344,-5.290179226448308,0.008653838306294641,3.044173008267814,710.3422573430399,175
621,1485.4994602707895,1313.2011204163377,276.5352987197608,-14.86902982990302,22693.636669361673,184.20276046317397,-5.282165121839792,0.008812555693414709,3.1728126944214834,710.3422573430399,175
904,2823.533872360262,1957.1703311696717,276.4336409586302,-14.678572621450925,22672.22101985244,199.46620405482324,-5.281140044879622,0.009551797221485055,3.915629011321214,710.3422573430399,175
265,495.06316246641046,569.3436285787557,276.6506141744736,-15.008951982942614,22642.697354512173,190.10378988513708,-5.2797252826758,0.00911533115718492,3.4772307470180865,710.3422573430399,175
822,1622.4061297076146,1739.91585913679,276.47102292135435,-14.851004044268457,22199.916726262716,178.22028032154742,-5.258283241731534,0.008715967754788875,2.9268855970447034,710.3422573430399,175
148,1596.7906587899515,352.77748934943673,276.67825697162596,-14.849016523469825,22086.40592479083,175.14731726290762,-5.252717502727002,0.008609705128116705,2.7740858914588937,710.3422573430399,175
230,350.71791947041805,491.13017606824275,276.66292262636006,-15.029468985406728,21313.348060013494,179.25593755677832,-5.214034071525296,0.009131281057175727,3.113288004398814,710.3422573430399,175
70,1613.0868922209263,186.38532149832707,276.7030421446391,-14.845970825611305,21265.215332621592,179.62039563739026,-5.211579340183511,0.009170556728120992,3.138925904015773,710.3422573430399,175
50,1096.9599404506475,144.45928836747183,276.71152059977567,-14.920319605405812,21097.899393623986,188.5103582849227,-5.203002920892028,0.009700761775923189,3.5964681421791878,710.3422573430399,175
391,1897.0066398843694,850.3527266718987,276.60267453183405,-14.80773701780113,20356.405653241207,172.74757061996178,-5.164157620062813,0.009213416190310096,2.915041810263973,710.3422573430399,175
45,2845.2930578444398,121.79814577217702,276.7074335327036,-14.667753183629832,19998.44493768213,192.8523764178158,-5.144895444789154,0.010469805313827081,3.9246613415376634,710.3422573430399,175
652,2240.2604968193205,1369.4216851683693,276.5237483479824,-14.760331895518247,19645.135506237333,170.1516223847958,-5.125542450261509,0.009403529762597965,2.8874243966134188,710.3422573430399,175
694,2749.5822572090915,1447.1673508153806,276.51002873125725,-14.687141370657018,19030.65022376977,168.0483086160126,-5.091038946186648,0.009587168410910106,2.872359892988599,710.3422573430399,175
934,2925.726311695668,2015.6095319875371,276.42450538723574,-14.664066200000187,19026.26629410847,224.63231168216655,-5.090788805523192,0.01281824279253609,5.306578519562771,710.3422573430399,175
688,1963.3481090426458,1437.9626327598182,276.51467338447884,-14.800577858249097,18943.523381541192,168.53214193832378,-5.086056774145844,0.009658992301333533,2.9110811235966216,710.3422573430399,175
463,488.6777617832442,1004.5825302567949,276.5856062916899,-15.011633197382945,18913.078224801633,179.7895582725865,-5.084310425310738,0.010320769633394485,3.466193355827266,710.3422573430399,175
37,2453.486221770882,103.52876789158448,276.7118277653785,-14.72426238700216,18727.60028057586,171.36623540906294,-5.073610206442996,0.009934658952358772,3.087200925476297,710.3422573430399,175
454,304.4012049312317,989.3635683605455,276.58866480702125,-15.038164157129277,18573.355686093913,187.5401330853633,-5.064630817533273,0.01096260287758479,3.85607989306285,710.3422573430399,175
362,559.2367091948009,799.5329357082823,276.61594279358445,-15.00062298508332,18220.037562619254,174.50056318191776,-5.043778048244091,0.010398181715898321,3.310086492272226,710.3422573430399,175
786,2120.10142524969,1659.2388483196116,276.48099561831845,-14.778860737348339,18054.742085521342,164.52294661298004,-5.033883100410856,0.009893387692364511,2.8415475760164624,710.3422573430399,175
520,978.7202696377846,1125.8735121963932,276.56540873617735,-14.941404607516342,17738.68160491658,168.3830632804103,-5.014708224663494,0.01030592328535124,3.083627864243813,710.3422573430399,175
682,2835.4499898970153,1427.4183172548962,276.51261920210027,-14.674665531317242,17581.48325836967,166.09521507410437,-5.0050436569135925,0.010256789620984294,2.994001950174829,710.3422573430399,175
823,606.5728351099682,1744.165132737839,276.47463162085506,-14.99757888721322,17334.620761300845,166.99332249983428,-4.989690740297898,0.010459106820659652,3.074604860114619,710.3422573430399,175
398,513.0473435550448,867.0122572366932,276.6060572424164,-15.007561823609,17293.185603040387,170.53394287675584,-4.987092384948944,0.010706454324340454,3.2497556383061847,710.3422573430399,175
762,1870.4006640626371,1589.2871116458145,276.4924739602481,-14.814608600518007,17138.65217729326,168.23668603162542,-4.9773465408373605,0.010657464083817045,3.1626188926967127,710.3422573430399,175
691,453.480418158981,1443.1447165741592,276.5202368617835,-15.01846804455624,16785.235402741295,170.20993345924455,-4.954723469142567,0.01100949258814217,3.3040967364199085,710.3422573430399,175
618,732.7258032220277,1310.7411935569348,276.53883550417635,-14.977647624892967,16634.40879812045,167.5130247052478,-4.9449233039389,0.010933294542036098,3.1994096544596653,710.3422573430399,175
931,2689.5583837650533,2008.6797200264348,276.4265078024303,-14.698116263774727,16508.829194331716,168.50960035911694,-4.936695563792673,0.01108200169474824,3.2632376502519804,710.3422573430399,175
392,539.7591190856845,852.7910399435907,276.6080682256104,-15.003649376073735,16270.113688489771,214.6140168611255,-4.920881347306076,0.014321131527861632,5.165915166844549,710.3422573430399,175
935,957.5187751994333,2017.1989469316563,276.4323958086363,-14.94803724823519,16184.934286568314,160.9907169580913,-4.915182229376387,0.01079940259914765,2.952867255233698,710.3422573430399,175
307,1540.5372929240602,663.6715142224081,276.63206106422666,-14.858425159555821,16079.574707135907,165.55458500165022,-4.908091272775129,0.011178318843005481,3.1857359026308645,710.3422573430399,175
384,1302.4830130861765,836.484422408352,276.60726081307104,-14.893498699610406,15870.49606981111,167.51580505298517,-4.89388113294935,0.011459749509152592,3.304755911042616,710.3422573430399,175
646,1419.825318787801,1356.2170076889881,276.52915167597826,-14.878682102168556,15831.306819425954,167.12295271599635,-4.89119679289443,0.01146117574710339,3.292225262856813,710.3422573430399,175
651,2032.749676914554,1368.9320899069096,276.5246873709309,-14.790279115947682,15713.172372937144,182.88356826187882,-4.883064565100242,0.012636321001855537,3.9857746499474365,710.3422573430399,175
512,2367.5352796463794,1112.9298936297557,276.5614984470433,-14.740901866137772,15612.35705969698,165.04484932492832,-4.876076066232294,0.011477395259851466,3.227461000600595,710.3422573430399,175
64,69.95084133826629,181.8511585968921,276.71036438471475,-15.068740166596692,15468.18742099672,188.68912766478948,-4.866003442238661,0.013243942572584981,4.247163470552998,710.3422573430399,175
482,1133.271197122931,1051.9065929472463,276.57580271108867,-14.918800191602607,15360.95478186669,170.39561912196277,-4.858450405089578,0.012043426096085002,3.4999518513342593,710.3422573430399,175
900,246.6369582139583,1944.0904614720994,276.44628092710605,-15.050288125298065,15247.963226429187,161.480816115663,-4.850434468048921,0.011497910865425943,3.114546328249122,710.3422573430399,175
419,1431.6192163467044,911.123733467731,276.5955664105836,-14.87516482453065,15113.818840560503,164.499321741394,-4.840840409058452,0.011816795973188212,3.2714017992554147,710.3422573430399,175
655,45.74631762949051,1374.4094032762464,276.53223064552367,-15.077019872928828,14963.393432092445,162.09720495954582,-4.829980115733343,0.011761298412907469,3.1833960262777796,710.3422573430399,175
923,1428.8800543919401,1997.9631941551556,276.4333092882219,-14.879963315365483,14862.459620310634,161.58147407137062,-4.822631597527737,0.011803497596020418,3.1740961341090763,710.3422573430399,175
432,2580.9270524224635,937.0135404251688,276.5868608382314,-14.70936522155247,14725.241358224826,155.57734597335002,-4.812560933143683,0.011470801762371167,2.9140815367740913,710.3422573430399,175
788,1395.7747717550737,1665.6719435188993,276.48305044286377,-14.883404309206654,14635.606371915492,154.53623826871467,-4.80593167958212,0.011463822517821971,2.87800867722515,710.3422573430399,175
467,1060.6723375943172,1021.3820185896739,276.5806690764082,-14.929153773570242,14542.671528364823,156.27439343896407,-4.799015365611732,0.011666845986705764,2.9749225502137358,710.3422573430399,175
468,1193.7522208158455,1022.5082138457576,276.579937661661,-14.909951741912874,14354.261987423,158.43294987408723,-4.784857049566355,0.011983246079039786,3.102824233961808,710.3422573430399,175
242,628.9289206267722,528.2878488205997,276.65617552231356,-14.989462649078627,14319.979293706652,160.60068731383956,-4.782260853270517,0.01217628619709424,3.2058987760452213,710.3422573430399,175
858,586.7224294602461,1842.7899349215813,276.4599858996474,-15.000833436778947,14140.018917329086,155.1651665317508,-4.768529854497664,0.011913903530713444,2.98352191653295,710.3422573430399,175
9,1727.5950044028898,36.51713607069703,276.7249389697085,-14.82880917770129,14061.95498363371,174.09425436348596,-4.762519136533995,0.013441525888997984,3.8150786567484594,710.3422573430399,175
735,887.4859228657755,1543.6384010606002,276.5033998889825,-14.956251778369579,14015.257847912144,154.08360014817947,-4.758907608711488,0.011936174596017117,2.9518691518796767,710.3422573430399,175
209,2688.621486813151,447.4244758492766,276.65948632819374,-14.691760220487087,13879.16580754536,165.51060544097183,-4.748313288526048,0.012947093998226656,3.4795282344578813,710.3422573430399,175
61,482.9937984491582,173.7512174941201,276.7097889486306,-15.009080930386014,13798.527052104706,157.6758214842754,-4.7419867016633654,0.01240629805913713,3.148168792521153,710.3422573430399,175
339,257.78686373235655,744.3013138545465,276.6254846808062,-15.043905576126665,13672.068409345811,156.3263088798687,-4.7319904351521025,0.01241388416655783,3.1055815813360987,710.3422573430399,175
537,996.3737788490266,1157.996625507949,276.560536194977,-14.93898700134483,13471.28806476877,160.12882036304674,-4.71592768583169,0.012905362830361535,3.3018950678164227,710.3422573430399,175
356,880.2122497999347,781.3997051202635,276.61728367823235,-14.954223390779184,13436.540959484759,191.0151596975695,-4.713123579179045,0.015434415710783028,4.544192018076829,710.3422573430399,175
309,2470.211910354224,667.469656436206,276.62756008560456,-14.724222537531753,13417.826021392015,149.63333320297068,-4.711610269320642,0.012107543323296973,2.8351167509550894,710.3422573430399,175
213,1136.001439994372,463.71770375018076,276.66365270699066,-14.916000584262779,13228.947332239186,161.67209838214902,-4.69621809684288,0.01326843268819551,3.4006646556071325,710.3422573430399,175
111,847.5134251419018,277.60765149435116,276.69269703936544,-14.956882771240526,13216.665573116741,159.99107273585315,-4.695209630785106,0.013142672537817228,3.330332184637731,710.3422573430399,175
43,1776.3957472454736,120.0962687272337,276.71224505074497,-14.82211223007152,13162.35864877107,154.3051639596176,-4.690739179055233,0.01272789482351619,3.088497573202278,710.3422573430399,175
310,2255.770933905174,671.0099519055375,276.62793643600446,-14.755198359306256,13058.613381107512,153.58792883867866,-4.682147538682341,0.012769381363368856,3.07146947936945,710.3422573430399,175
128,794.9505653460221,311.31040647916916,276.68788662866154,-14.964609472514018,13037.992357900192,159.84648268522972,-4.680431683650538,0.01331073998875268,3.348096270970146,710.3422573430399,175
83,2090.352026309442,215.6134128899328,276.69663765044874,-14.777176382314355,12956.309932872187,153.36192870978496,-4.6736081992535325,0.012851270683002432,3.0762684736598302,710.3422573430399,175
446,1632.2546969399853,965.4579675697805,276.5866047188442,-14.846427879858691,12942.886141237279,153.56566449921164,-4.6724827050222375,0.012881689611375646,3.087308409649594,710.3422573430399,175
773,1259.9476290769296,1611.1424473794098,276.4917590787316,-14.902782646028523,12811.289326674538,144.36173767762608,-4.661386976510666,0.012234017560610539,2.6819469018112834,710.3422573430399,175
286,1520.9688497429458,627.4579886939779,276.63755283061096,-14.861100639467217,12807.103983218316,151.08707625407465,-4.661032217419788,0.012808144519166167,2.996105214832263,710.3422573430399,175
266,2972.3955120172923,572.9905705273042,276.63954722467906,-14.651313342245228,12638.824317507679,173.9262863668187,-4.646671571028703,0.014940611908568081,3.9720744515547715,710.3422573430399,175
555,649.894557659387,1201.860900948201,276.5554496786571,-14.989162468709958,12627.41179176484,157.12386157203534,-4.645690736908747,0.013509449071741786,3.2870131225009085,710.3422573430399,175
198,593.3419330393314,432.8177371278422,276.6705949512457,-14.994210272608708,12488.991456452175,167.90279372431766,-4.633723299563366,0.014596219701336599,3.7506045058603226,710.3422573430399,175
828,1525.710850444294,1758.5017017566938,276.4686510233106,-14.865030772807362,12420.991570732382,150.59670279110352,-4.627795545926777,0.013163428965330216,3.03150398961596,710.3422573430399,175
146,411.6047354447388,348.2165443090682,276.68402036548304,-15.020099113620855,12325.173954583239,150.02864145641078,-4.619387522088968,0.013215723902108041,3.020408369447156,710.3422573430399,175
665,1362.7050199504358,1391.7640808142382,276.5240837708291,-14.887069097880277,12173.190744878724,146.12667746063508,-4.605915946141782,0.013032715665426967,2.8677138859107014,710.3422573430399,175
698,1768.3070003823839,1454.9390497311615,276.5129537489692,-14.828794304330287,12160.383262060815,144.87685396094002,-4.604773035604489,0.012934855502139516,2.8123711338284343,710.3422573430399,175
475,220.4886665903663,1036.2000350368132,276.58202376101366,-15.050460501233239,12114.585941271042,151.85463418246405,-4.600676316235681,0.013609097094291901,3.131349730913001,710.3422573430399,175
195,2292.421179479093,426.85361857505023,276.6642347621655,-14.748884629743683,11817.524600745412,142.39895921580276,-4.573721165919836,0.013082481758560947,2.7529762662883,710.3422573430399,175
604,1132.2392001442972,1288.6445194485939,276.5404509863576,-14.919909030505172,11811.233464185672,142.1372435081724,-4.57314301324041,0.013065392852046404,2.7418610660168015,710.3422573430399,175
426,2982.364294067506,928.5897975080522,276.5864375578036,-14.651373588230308,11769.462232262536,142.6525153022777,-4.569296427300987,0.013159295880072638,2.7724870653993943,710.3422573430399,175
117,2399.923257073397,291.4373840364562,276.6839977168351,-14.73279161107958,11692.599454457522,143.80639115987353,-4.5621825597876615,0.01335294170388721,2.8375441055628436,710.3422573430399,175
643,951.8798880409297,1352.6752664374014,276.5316480818284,-14.946193460084352,11691.040529109363,153.89149284526005,-4.562037793472862,0.014291285139769095,3.2776043856780652,710.3422573430399,175
616,783.5170387941938,1309.8464133417822,276.53875472789247,-14.970315165208774,11618.910877189774,149.4822041694938,-4.5553184294452755,0.013967989838482403,3.099831751798436,710.3422573430399,175
110,475.8852665164148,277.0042252938041,276.69438690202867,-15.01052942074077,11475.757159044384,157.9461587677441,-4.541858251965839,0.014942991751876663,3.473941559510497,710.3422573430399,175
30,335.39552123080296,94.81797418919133,276.72222581587533,-15.030065901332412,11466.37439288519,175.17935350068345,-4.540970173239175,0.016586953955882083,4.149652370620341,710.3422573430399,175
299,1208.7795676255414,639.5373568824255,276.63707675473984,-14.906217081865211,11331.163799149392,150.7314979173513,-4.528091172270173,0.014442398873551995,3.194171490510064,710.3422573430399,175
490,279.2257921047092,1065.6495657476262,276.57737319883836,-15.04210278499297,11284.948638114496,147.2535873875075,-4.523653845251544,0.014166942620071041,3.0521632404686065,710.3422573430399,175
548,1249.3070177101895,1185.1605100258314,276.5554117764765,-14.902595451693653,11274.849574843363,143.89771185471213,-4.5226817692376935,0.013856481607456958,2.9067915223736662,710.3422573430399,175
162,2640.128100042782,369.5474048868774,276.67131722533753,-14.698433969498328,11192.584534958936,151.43501855180423,-4.51473083626417,0.014689457928878361,3.2430417234644358,710.3422573430399,175
571,1700.3144944896405,1230.8679291980222,276.5466896265929,-14.837692189880803,11133.900110157498,144.17618640925247,-4.509023179872242,0.014059052446655293,2.9406757450137446,710.3422573430399,175
453,335.3285789232663,985.1006146914068,276.5891700176261,-15.033684102177968,11107.276304103609,152.08142145853847,-4.5064238170139355,0.014865462491153947,3.28169235443424,710.3422573430399,175
503,1526.4373665486007,1103.1017209193235,276.5664976270527,-14.862264969386759,11070.421275062894,144.69775006829383,-4.502815247995523,0.014190819242175055,2.9731156523938815,710.3422573430399,175
774,212.57576232680924,1612.4287709231503,276.49596505631644,-15.053894476989973,11009.242158118344,142.79040542866716,-4.496798439593044,0.014081581724459101,2.898791487942649,710.3422573430399,175
539,567.3009666681879,1167.9227332561823,276.5608694566504,-15.000944259165095,10867.385473968985,143.1607431415037,-4.482717558461836,0.014302393082589772,2.9368256326729303,710.3422573430399,175
940,3065.736300193249,2020.9139483251574,276.423140846272,-14.643884341296618,10821.535172379925,484.7385268589545,-4.478127066624689,0.04863271340225425,14.170596461722074,710.3422573430399,175
775,2725.610605538779,1612.4024216931352,276.48547541161923,-14.691284615324525,10701.585812913254,143.50158244813602,-4.466025224078329,0.014558558963844677,2.976744440019445,710.3422573430399,175
386,310.88474810770094,839.3965102384842,276.6110465855492,-15.0366257460884,10658.552221100079,145.71572814792702,-4.4616504216502975,0.014842875727251074,3.077862456560406,710.3422573430399,175
487,665.670252731795,1062.5795105813793,276.5761895448542,-14.986325364213117,10592.558150883007,159.00954925301932,-4.45490702044318,0.01629792021577072,3.6278690734054995,710.3422573430399,175
142,2465.4625273242946,339.82829232905584,276.67649437425246,-14.723531351362665,10591.841399500554,186.04190777663658,-4.454833551008827,0.01906993238046585,4.638772712871116,710.3422573430399,175
833,1071.897534928299,1771.3400282317486,276.46862648541594,-14.930557111383065,10591.766720040818,145.58493735341122,-4.454825895826317,0.014923059642687208,3.0820343681970486,710.3422573430399,175
305,794.4113459453888,661.987424013877,276.63549002477816,-14.966121332495712,10565.343434965238,197.19205222588374,-4.452113925055169,0.020263554367113332,5.036868174558222,710.3422573430399,175
792,2823.0315947504732,1668.8835790700223,276.4766466835209,-14.677457775823168,10547.421452858369,143.79138910089972,-4.450270627920791,0.014801182625023447,3.012259073819238,710.3422573430399,175
527,154.78347932800926,1140.0145198892767,276.5667909162823,-15.060356189382857,10495.950647016696,147.31913495812054,-4.444959328137735,0.015238675390446228,3.1685684230220836,710.3422573430399,175
470,1584.7635702951152,1026.1620372810603,276.57774056313946,-14.853531705594985,10494.604029706388,145.31195408872608,-4.444820020607059,0.015032981531037696,3.0846133789522923,710.3422573430399,175
821,566.7640438383781,1729.7907816494019,276.4769453652426,-15.0032646332886,10479.942023040785,147.05167803397444,-4.443302078428554,0.015234245236326412,3.1596891050686127,710.3422573430399,175
711,2702.517756465385,1485.0143063821351,276.5045770281801,-14.694091078399893,10449.330004518852,141.7194058379433,-4.4401259908448605,0.01472484444952123,2.937961249505878,710.3422573430399,175
944,889.4952682479076,2039.8670273067028,276.4292945125399,-14.957939465661106,10384.094954175875,153.19634636154942,-4.433326505152578,0.01601731050984351,3.423782280620591,710.3422573430399,175
542,247.01230282743396,1170.5873332406304,276.56183061419785,-15.04717061837012,10373.549016572419,151.60421591535393,-4.432223286765127,0.01586696095582581,3.3610995550629026,710.3422573430399,175
638,1153.5052206236396,1346.397074971048,276.53173697847825,-14.917073754218361,10336.696277378709,137.37332276550265,-4.4283592673050665,0.014428809024108074,2.7651190548128333,710.3422573430399,175
787,2327.681502012994,1664.2773491839494,276.47938275605384,-14.74892588764353,10289.599185378931,141.62847191660973,-4.423401022923949,0.014943831065680185,2.9583152994730053,710.3422573430399,175
