ID,X_pix,Y_pix,RA_deg,Dec_deg,Fluxo,Erro_Fluxo,Mag_Inst_B,Erro_Mag_Inst,Std_Fundo_Local,Area_Ap,Exptime,Mag_B_Calibrada,Mag_Inst_G,Mag_Ap_B,Mag_Ap_G,Cor_B_G
451,2204.8440127870936,1270.3620086995506,276.5308418628304,-14.793600430176484,4684588.896046768,2196.1040814115995,-10.681828689958802,0.0005089689306996,11.85638888415623,625.9983263132058,250,8.757354050690108,-9.616384739096889,8.235670603178903,7.990618743496713,0.24505185968219045
178,289.16724681400905,504.87038925013553,276.6531021445228,-15.066602528039285,665513.2030797655,840.3343242434366,-8.563041667921048,0.0013708983858006,6.428190603371994,625.9983263132058,250,10.876141072727862,-7.381012802962807,10.354457625216657,10.225990679630794,0.12846694558586336
472,1749.7748981203858,1318.2261055491513,276.525610124639,-14.85940127448252,518476.9392453306,742.7707051149423,-8.291973589962716,0.0015553751642591,5.812196479851177,625.9983263132058,250,11.147209150686194,-7.684278110972529,10.62552570317499,9.922725371621073,0.7028003315539166
48,1920.213477533433,136.23206697202016,276.70115888878047,-14.829945350768408,469037.4372905757,728.4395878110779,-8.183168749072594,0.001686148690081,7.912430277280094,625.9983263132058,250,11.256013991576316,-7.149361453908423,10.734330544065111,10.457642028685179,0.27668851537993255
547,294.8752652804137,1556.7105614229208,276.4960812999995,-15.07001128088143,384069.6586874304,650.6717758147255,-7.966174976998924,0.0018393391173265,6.320988872803242,625.9983263132058,250,11.473007763649983,-6.779084269654757,10.95132431613878,10.827919212938845,0.1234051031999357
350,1121.1244058367065,1007.8023380868864,276.57455097592646,-14.94875936442084,236197.45916166552,523.8645901634987,-7.438338032025889,0.0024079843515641,6.234562849843042,625.9983263132058,250,12.00084470862302,-6.418220439368142,11.479161261111816,11.18878304322546,0.29037821788635654
182,513.7250944122183,515.3462434462093,276.6505897646595,-15.034286001380025,220520.4787161823,506.41297613836497,-7.363772294807541,0.0024932494768481,6.043890662031423,625.9983263132058,250,12.075410445841367,-6.1984741534314045,11.553726998330164,11.408529329162196,0.1451976691679686
646,2231.693660905296,1960.2423556788383,276.4278555742921,-14.792496743972666,187970.64012854948,467.7094805152592,-7.190375029326052,0.0027014441332335,5.593853758765243,625.9983263132058,250,12.248807711322858,-6.006289346626112,11.727124263811653,11.60071413596749,0.1264101278441636
376,1818.3247716649903,1066.943828018,276.56279995946693,-14.848499407483471,182784.30300236456,463.65653549819785,-7.1599972208712686,0.0027540215014189,5.72067604882268,625.9983263132058,250,12.27918551977764,-6.410900041371571,11.757502072266437,11.19610344122203,0.5613986310444066
6,1100.9471968110756,35.21283326254797,276.7197294021827,-14.94764859830143,169329.5569291007,459.2834669045771,-7.076981908306217,0.0029448140599994,6.503903082934921,625.9983263132058,250,12.362200832342694,-6.0976696644999855,11.84051738483149,11.509333818093616,0.33118356673787375
284,2663.974168684957,819.087806624101,276.59618617759173,-14.725537988779948,168154.6494688447,445.9026062319062,-7.069422178421071,0.0028789953838039,5.5841198369041,625.9983263132058,250,12.36976056222784,-6.0794857574698415,11.848077114716634,11.52751772512376,0.32055938959287467
111,2517.027102912942,311.5402246770329,276.67246956064463,-14.744609215428948,164827.7608289919,458.9659763719594,-7.047725875355844,0.0030231519134936,6.825007663190767,625.9983263132058,250,12.391456865293064,-6.0958442364141145,11.869773417781861,11.511159246179487,0.3586141716023743
609,1347.5136808500238,1807.225454825388,276.4543391400692,-14.919332346593112,161358.80664721318,441.2930345055148,-7.024631661639581,0.0029692327150766,5.825242953213402,625.9983263132058,250,12.414551079009328,-6.194564083881114,11.892867631498124,11.412439398712486,0.48042823278563773
98,2755.596547352506,289.5085229262413,276.674732746481,-14.71010297054801,160139.3030225212,448.2184702009661,-7.0163948132867535,0.0030387967470343,6.437034115531084,625.9983263132058,250,12.422787927362156,-6.06910619294653,11.901104479850952,11.53789728964707,0.36320719020388204
632,1446.2886424252558,1914.8317107543048,276.4378769865432,-14.905521819325928,158451.02146645606,439.11373156855655,-7.004887586438566,0.0030087895549787,5.9109174718793245,625.9983263132058,250,12.434295154210345,-6.40522932712744,11.912611706699138,11.201774155466161,0.7108375512329772
601,2020.3432395741688,1763.9170392510848,276.4580102519429,-14.822184576426174,149401.1940258933,425.136543863488,-6.9410351493407205,0.0030894715981492,5.644361278275303,625.9983263132058,250,12.49814759130819,-5.75942690166144,11.976464143796985,11.847576580932161,0.12888756286482383
343,1468.7848229317726,992.0682333111548,276.5754375015878,-14.898583741898026,139243.61511038273,414.90238861265647,-6.86458820362728,0.0032350461668182,5.78317758435371,625.9983263132058,250,12.57459453702163,-6.298871327870414,12.052911089510426,11.308132154723188,0.744778934787238
61,283.72801455317415,201.699462460924,276.6983715500406,-15.06613553032644,138674.6665793782,423.2258612696484,-6.8601428042245765,0.0033134842067021,6.412110492539396,625.9983263132058,250,12.579039936424332,-5.924725623555185,12.057356488913129,11.682277859038416,0.37507862987471263
452,2765.882902811676,1275.2208639226233,276.5277616883292,-14.71271814055806,135472.62632150995,419.1407604448525,-6.834778854011856,0.0033590632733066,6.39312829622854,625.9983263132058,250,12.604403886637057,-5.70854121932869,12.08272043912585,11.89846226326491,0.18425817586093984
372,684.7244923273892,1058.0133258873757,276.5688885446453,-15.01185390885358,134608.2874275524,414.37513596204815,-6.827829475611448,0.0033421945536312,6.141070268108782,625.9983263132058,250,12.611353265037462,-6.410414380221052,12.089669817526257,11.196589102372549,0.8930807151537081
375,820.5588662237424,1066.2757287874292,276.56708676543826,-14.992313043123492,132668.68723214534,409.7755483509931,-6.812071057768198,0.0033534161084008,5.985895043793004,625.9983263132058,250,12.627111682880711,-5.797097750241752,12.105428235369509,11.809905732351849,0.2955225030176596
552,431.8831842406559,1591.0768080167895,276.49038428777425,-15.050409606567491,126850.23389636184,398.914180598199,-6.763378159181281,0.0034142714015751,5.728596797803922,625.9983263132058,250,12.675804581467627,-5.5870592367248895,12.154121133956425,12.019944245868711,0.13417688808771366
54,1360.6488693467345,169.56858568092036,276.6985791836301,-14.910771551794069,115499.78539833956,414.6017445365845,-6.661602921565563,0.0038972636398495,7.571565842331426,625.9983263132058,250,12.777579819083346,-5.885155786663771,12.255896371572142,11.721847695929831,0.5340486756423104
520,785.1790088256274,1464.5851955180983,276.5077970117683,-14.999007363522136,115244.67262683217,385.9812990994018,-6.659202124705246,0.0036362626304571,5.856236647086228,625.9983263132058,250,12.779980615943664,-5.674745354385448,12.25829716843246,11.932258128208154,0.3260390402243054
55,393.54027059846646,176.90647490859365,276.7016047845053,-15.050207307720978,111361.91556156364,378.03983343431855,-6.621991710141425,0.0036856212924313,5.663447971944811,625.9983263132058,250,12.817191030507484,-5.67310149324886,12.29550758299628,11.93390198934474,0.36160559365153944
8,1006.0524132200836,37.24071041927356,276.719832497095,-14.961337404844992,109374.00932802714,383.9312258709292,-6.602435309217095,0.0038110894397034,6.21762541405197,625.9983263132058,250,12.836747431431814,-5.645663218300658,12.31506398392061,11.961340264292943,0.35372371962766636
272,284.3206279413009,782.7314484266838,276.6116515932952,-15.068434954725294,109022.37914958852,382.20030880023984,-6.598939116372796,0.0038061440091585,6.137446564363521,625.9983263132058,250,12.840243624276113,-5.470991623720799,12.318560176764908,12.136011858872802,0.18254831789210613
340,312.2889805666252,988.38243210862,276.58083973016426,-15.065237080083532,108476.75380445425,374.6379460930198,-6.593491679170452,0.0037495998341396,5.692508676187832,625.9983263132058,250,12.845691061478458,-5.587605657857525,12.324007613967254,12.019397824736076,0.30460978923117743
217,1018.7342386709204,624.5773190271626,276.63215657459506,-14.961951239864607,106331.77044009522,378.2284087406453,-6.571807590835395,0.0038618992392406,6.110077933322796,625.9983263132058,250,12.867375149813515,-6.239727461650033,12.345691702302311,11.367276020943567,0.9784156813587437
320,320.3435889644395,925.0207712998376,276.5902630834861,-15.063820912504893,104270.34073213092,376.47063880908337,-6.550551960120837,0.0039199466471971,6.170904497861218,625.9983263132058,250,12.888630780528072,-6.369462917952955,12.366947333016869,11.237540564640646,1.1294067683762226
104,1837.2743762257444,296.11931780024725,276.6776719377767,-14.842578608450744,95375.24346571538,356.8769275520949,-6.453739127304752,0.0040624932232292,5.702238330024517,625.9983263132058,250,12.985443613344158,-5.401515646230404,12.463760165832953,12.205487836363197,0.2582723294697562
642,1056.974833930133,1947.892885791568,276.4345506969382,-14.961751458489088,93576.32338738872,368.97754310779936,-6.433064922735995,0.0042809858738917,6.578217738816292,625.9983263132058,250,13.006117817912916,-5.75376501538127,12.484434370401711,11.853238467212332,0.6311959031893792
243,1985.9391467823395,715.7760855610738,276.6144615961401,-14.822890096976826,86137.79346014862,342.8632604841254,-6.343134334593714,0.0043215251628175,5.651339053332542,625.9983263132058,250,13.096048406055196,-5.894398585058282,12.574364958543992,11.71260489753532,0.8617600610086722
507,2689.2122570914107,1410.3047068063524,276.50794618291525,-14.724325127708608,84783.3622973219,348.5319734454227,-6.325926567352244,0.0044631535399917,6.107266853807112,625.9983263132058,250,13.113256173296666,-5.276048422535994,12.591572725785461,12.330955060057608,0.26061766572785316
456,1450.5078106337528,1283.7644073482106,276.5320021356411,-14.902400481302704,84314.37200350262,340.09227343893855,-6.319904002361437,0.0043793029883127,5.6451262569078855,625.9983263132058,250,13.119278738287472,-5.372184906511613,12.597595290776269,12.234818576081988,0.36277671469428086
459,2914.071019909881,1290.1449245754688,276.52491410872085,-14.691407284640226,83870.05400357349,339.2552857303949,-6.314167284964735,0.00439166837429,5.633924470582586,625.9983263132058,250,13.125015455684174,-5.357302437400218,12.60333200817297,12.249701045193383,0.3536309629795866
575,2550.253688189798,1671.166441896138,276.4696362573015,-14.745416154965053,82622.39939395012,344.1071777970325,-6.297894485677242,0.0045217418723571,6.031576830914519,625.9983263132058,250,13.141288254971668,-5.34815639516315,12.619604807460464,12.258847087430452,0.36075772003001205
628,1600.2806649737718,1898.9427829164783,276.43961087073984,-14.883266352598246,81733.93091367668,330.7125393235225,-6.286155944296263,0.0043929687454132,5.300421216659168,625.9983263132058,250,13.153026796352648,-5.752981856829894,12.631343348841442,11.854021625763707,0.7773217230777352
129,1905.324921147196,360.8519327143767,276.6677290278663,-14.8330369715045,79096.6310724811,335.0010721677744,-6.250544943771125,0.0045983079066826,5.803243944847816,625.9983263132058,250,13.188637796877783,-5.19538418137498,12.66695434936658,12.411619301218622,0.25533504814795904
440,1968.198501514658,1235.2988494269362,276.5370630513145,-14.827577019714134,74703.12090350251,325.3720410206351,-6.188496843061111,0.0047288041070254,5.628486171962121,625.9983263132058,250,13.2506858975878,-5.32022449459666,12.729002450076594,12.286778987996941,0.442223462079653
230,746.1589165918213,679.5575200085235,276.6251042729663,-15.001462567780305,71278.46776985028,324.49005800581045,-6.137545866727696,0.0049425705546089,5.8803535119717365,625.9983263132058,250,13.301636873921217,-5.547229214354563,12.77995342641001,12.059774268239039,0.7201791581709713
311,962.5954277237822,885.6191263418216,276.59344651062776,-14.971110823213348,70902.51781074627,321.5392658830246,-6.131804122409388,0.0049235935725302,5.746552841943254,625.9983263132058,250,13.307378618239522,-5.5622315193321645,12.785695170728317,12.044771963261436,0.7409232074668815
639,2969.045501721031,1923.5574360227963,276.43026691672515,-14.686039246337216,70624.4023481033,546.327946874017,-6.127536942494163,0.0083986303912,15.21915146757608,625.9983263132058,250,13.311645798154746,-5.207672917460684,12.789962350643542,12.399330565132917,0.3906317855106245
290,2278.639087661837,834.3459236360869,276.5955430568018,-14.781173197335118,68180.02359471447,331.3403140483321,-6.089292846287365,0.0052762694994162,6.503483723292762,625.9983263132058,250,13.349889894361546,-5.140858882057284,12.828206446850341,12.466144600536317,0.36206184631402394
539,899.991960973667,1529.6530593856894,276.4976101932523,-14.982722323517146,64588.92855192593,313.2619297619561,-6.030545178846159,0.005265739574378,5.839480543919883,625.9983263132058,250,13.40863756180275,-5.205433601476086,12.886954114291546,12.401569881117515,0.485384233174031
153,1746.9967136038588,418.6017728456141,276.6597915003477,-14.856108702914002,64540.368618028064,311.3324096389588,-6.02972858211754,0.0052372430524141,5.737924228290386,625.9983263132058,250,13.40945415853137,-5.420744707450816,12.887770711020165,12.186258775142786,0.7015119358773791
214,2485.403634584877,614.4156992027565,276.62745469266656,-14.750441253379936,62150.57826433383,325.7067714268318,-5.98876291276893,0.0056897272980168,6.6829476500205365,625.9983263132058,250,13.45041982787998,-4.959195793005208,12.928736380368775,12.647807689588394,0.28092869078038163
83,524.5072341400769,247.5377849639228,276.6905080259068,-15.031625923085182,60752.07576673356,312.2700103092728,-5.9640527818820726,0.0055805755756319,6.113032423159032,625.9983263132058,250,13.475129958766836,-5.300606009017594,12.953446511255633,12.306397473576007,0.6470490376796256
449,1681.5260975517356,1254.9884114217427,276.53532779791107,-14.86898407959519,56573.72423595574,290.890616926913,-5.886686901301682,0.005582449221132,5.339285952797015,625.9983263132058,250,13.552495839347229,-4.776033174441146,13.030812391836022,12.830970308152455,0.19984208368356704
532,929.5077698956522,1502.053096291377,276.5016060668595,-14.978359556172276,56411.67772890179,307.255341015876,-5.88357251878607,0.0059134409251938,6.2147627529210325,625.9983263132058,250,13.55561022186284,-4.976083878922996,13.033926774351634,12.630919603670606,0.403007170681029
39,2707.6700738607947,120.05657011034248,276.7001943001602,-14.716297584488968,55992.45608609647,303.11972281350444,-5.875473773474763,0.005877525403647,6.040146013689753,625.9983263132058,250,13.563708967174149,-4.882358178347969,13.042025519662943,12.724645304245632,0.31738021541731065
619,2655.124156471968,1841.61649450644,276.4437870579344,-14.730977832090762,54548.443726730766,298.205401044869,-5.847105889895952,0.0059353041405974,5.911619941576364,625.9983263132058,250,13.592076850752958,-4.8336066426085385,13.070393403241754,12.773396839985063,0.2969965632566911
236,1844.7097829154056,695.5373137233119,276.61807774002455,-14.843170103771396,53723.32689597603,301.7360113853709,-5.830557226203728,0.0060978127470663,6.159485483856011,625.9983263132058,250,13.608625514445182,-4.785280342993223,13.086942066933977,12.821723139600378,0.2652189273335992
430,2465.091796359656,1207.8348872241438,276.53907192635296,-14.755819892676548,53411.593884131,286.0710619161716,-5.824238823764861,0.0058149800321661,5.375474123571957,625.9983263132058,250,13.614943916884048,-4.851344932466429,13.093260469372844,12.755658550127173,0.33760191924567096
100,1792.72843925692,293.5207133741512,276.678249472714,-14.848991193011983,51930.93034284964,290.0476340511637,-5.79371523595075,0.0060639143995753,5.72099765424399,625.9983263132058,250,13.64546750469816,-4.689442424263607,13.123784057186956,12.917561058329994,0.20622299885696194
373,541.692065440513,1058.8889493197123,276.56935656888623,-15.0324676919874,50484.753934731765,294.1568255534135,-5.76305058788844,0.0063259903359383,6.053122649352932,625.9983263132058,250,13.67613215276047,-5.202681757322514,13.154448705249266,12.404321725271087,0.7501269799781785
367,1327.1166485109031,1054.2925288165654,276.56675061084724,-14.919257615568196,49672.767925505,286.59190239287267,-5.745445880687682,0.0062640525467512,5.744533090215712,625.9983263132058,250,13.693736859961229,-4.828058613630917,13.172053412450023,12.778944868962684,0.3931085434873385
554,1732.1287877274171,1600.6507482991406,276.48355904530945,-14.863079010876692,49265.28477145016,287.53618300871284,-5.736502472106664,0.0063366736910342,5.827950366404677,625.9983263132058,250,13.702680268542244,-4.900107941366306,13.18099682103104,12.706895541227295,0.4741012798037456
237,1142.5915044614198,704.2627581220607,276.6197452039696,-14.944425970771904,48967.16888253897,290.1410629288916,-5.7299124665544365,0.0064330072415974,5.983122400049669,625.9983263132058,250,13.709270274094472,-4.73866148148934,13.187586826583269,12.86834200110426,0.319244825479009
564,1422.68503450454,1645.2720510182842,276.47818904273527,-14.907857499477403,48305.59513512318,287.2934345609546,-5.715143571015294,0.006457108768256,5.899045363911586,625.9983263132058,250,13.724039169633617,-5.128322677888932,13.202355722122412,12.47868080470467,0.7236749174177426
139,2660.9411788507214,379.7279263254314,276.6616903438708,-14.724138120829284,47417.84624413855,278.7922452043307,-5.695004538553114,0.0063833506705454,5.550594468639472,625.9983263132058,250,13.744178202095796,-5.002683868897654,13.222494754584591,12.604319613695948,0.6181751408886438
173,3060.367923189413,487.77811325661816,276.64388022379546,-14.666973851027938,47195.30952037725,431.99572258128006,-5.6898970749771705,0.0099378044295692,11.905192165655896,625.9983263132058,250,13.74928566567174,-4.8216405275126615,13.227602218160534,12.78536295508094,0.4422392630795944
629,3018.376298222552,1898.943871416414,276.4337308739234,-14.678827109698377,47011.03886618948,501.3269226516308,-5.685649599529656,0.011577932610086,14.411826594200688,625.9983263132058,250,13.753533141119254,-4.852114937842021,13.23184969360805,12.75488854475158,0.47696114885646956
512,2109.5825624667086,1421.3064279166467,276.50873225262035,-14.807946272368524,46663.942800975,284.3799467755596,-5.677603556018247,0.0066164856564108,5.896984755371384,625.9983263132058,250,13.761579184630662,-4.828241691715905,13.239895737119458,12.778761790877695,0.4611339462417625
647,2347.624356123705,1961.690106549624,276.4271596106086,-14.7757897836141,45746.42348383379,284.4844114702576,-5.656042843345098,0.0067516693549258,5.9805978860597016,625.9983263132058,250,13.783139897303812,-5.180011550374221,13.261456449792608,12.42699193221938,0.8344645175732275
587,1430.374510975632,1707.3921257095271,276.46888983995257,-14.906995903775996,45098.57899094344,280.35352956094493,-5.640557123141495,0.0067492110362378,5.835598446895262,625.9983263132058,250,13.798625617507415,-4.891547050476415,13.276942169996211,12.715456432117186,0.5614857378790248
425,1412.6069809174392,1198.1139184972594,276.54493751357404,-14.907517744528482,41739.32504515024,278.6708979995072,-5.55651353315159,0.0072486316832097,6.042588740642248,625.9983263132058,250,13.88266920749732,-4.6497021209433615,13.360985759986114,12.95730136165024,0.40368439833587466
473,1029.9418894379528,1319.6746896771642,276.52840117926,-14.963158525914016,40666.25931193621,270.1648856463407,-5.5282355424208784,0.007212810357016,5.732190566002831,625.9983263132058,250,13.910947198228031,-4.717715326104219,13.389263750716827,12.889288156489382,0.4999755942274451
408,1786.0681950176352,1154.9382768822109,276.5498118777785,-14.853507906655889,40081.46926965483,266.9605367941504,-5.512509061117081,0.0072312482570803,5.630528021917392,625.9983263132058,250,13.926673679531827,-4.799218551751956,13.404990232020625,12.807784930841645,0.5972053011789793
273,2093.364252739091,791.795360166297,276.60267133608664,-14.807714243779811,39205.7683528944,266.0348463187906,-5.488524902218628,0.0073671310315485,5.664934978959661,625.9983263132058,250,13.95065783843028,-4.519893654990083,13.428974390919077,13.087109827603518,0.3418645633155588
467,2229.257927916969,1310.9744682868668,276.5246836804116,-14.79024522918152,39023.30753025634,316.4111244977095,-5.483460169493992,0.008803137909333,7.880626109476909,625.9983263132058,250,13.95572257115492,-4.452842307585002,13.434039123643714,13.1541611750086,0.2798779486351144
254,753.631807280575,740.3363754757498,276.61600362503776,-15.000634159441002,38011.27109016222,273.1511086976724,-5.454930959760808,0.0078019005996833,6.099695557133846,625.9983263132058,250,13.9842517808881,-4.428816678620155,13.462568333376897,13.178186803973446,0.28438152940345063
369,274.8972505796822,1054.4868200115836,276.571129478056,-15.070890354072848,36386.16461161309,275.0289397437189,-5.407490678167768,0.0082063862203397,6.317019483340557,625.9983263132058,250,14.031692062481142,-4.795944852179511,13.510008614969937,12.81105863041409,0.6989499845558473
23,1292.1651044095324,84.70508905657181,276.71152954922195,-14.92028876932312,35361.46805836953,264.4031235656973,-5.376475695276442,0.00811794552142,5.926177820819411,625.9983263132058,250,14.062707045372468,-4.449398980213815,13.541023597861264,13.157604502379787,0.3834190954814769
423,2493.980396543653,1184.6769048575347,276.54240305509205,-14.75155946668842,33814.62012259214,267.3541773347184,-5.327911260503974,0.008584051196789,6.187670990898979,625.9983263132058,250,14.111271480144936,-4.769087577815415,13.589588032633731,12.837915904778185,0.7516721278555458
159,544.7099186495954,431.50490298712737,276.6629700888396,-15.029475518396422,32287.0821121072,257.25966511316204,-5.277721973808736,0.0086507296461027,5.8699825985593685,625.9983263132058,250,14.161460766840174,-4.433127353943204,13.639777319328969,13.173876128650397,0.46590119067857216
28,202.24556682014685,99.32879958902856,276.71399604078545,-15.077452412326943,31772.843137803487,381.5984764232364,-5.260290174957538,0.0130394835632373,10.75776917440689,625.9983263132058,250,14.178892565691372,-4.3580291447089206,13.657209118180168,13.24897433788468,0.4082347802954871
497,2159.838222028303,1379.992409604611,276.51468282144697,-14.800533770244565,30701.38033058197,257.9031096427064,-5.2230447326870335,0.0091202872028581,6.033707063092593,625.9983263132058,250,14.216138007961876,-4.321237732902617,13.694454560450673,13.285765749690984,0.40868881075968844
219,356.15368832318745,633.4610335531388,276.6336278076077,-15.057476525215709,30539.71693387616,256.61390141351944,-5.2173124967101945,0.0091227339587949,5.991298549440483,625.9983263132058,250,14.221870243938715,-4.692361373034678,13.700186796427511,12.914642109558923,0.7855446868685885
540,2066.882428265382,1531.6358062352444,276.49245754577595,-14.81454657977206,29857.241463056183,254.90684133923244,-5.192774179297944,0.0092691871077388,5.975096582657488,625.9983263132058,250,14.246408561350966,-4.297048705950796,13.724725113839762,13.309954776642805,0.41477033719695733
612,338.66386345328493,1826.4179128495816,276.45564060635354,-15.064761494979487,29028.1634556239,274.38974365450724,-5.16219887806797,0.0102626177209286,6.85766499685476,625.9983263132058,250,14.27698386258094,-4.536682953332203,13.755300415069735,13.070320529261398,0.6849798858083371
445,603.6644912263112,1249.319018532952,276.5406779141673,-15.024302750148331,28775.078589089502,249.7208320009045,-5.152691274388232,0.009422108317236,5.843074896855897,625.9983263132058,250,14.286491466260678,-4.795812916396932,13.764808018749473,12.811190566196668,0.9536174525528054
30,1756.2836658685603,103.82585007209786,276.70669277585864,-14.853448420094816,28635.1056461251,247.9745595771908,-5.14739695265696,0.0094019551616142,5.779300333144051,625.9983263132058,250,14.29178578799195,-4.556021401439483,13.770102340480745,13.050982081154118,0.7191202593266279
381,2929.9115661774617,1080.7922725029637,276.5560521597583,-14.68826339518017,28563.87107580545,242.22360818632217,-5.144692638823248,0.0092068113145435,5.5323540824185775,625.9983263132058,250,14.294490101825662,-4.453726945919348,13.772806654314458,13.153276536674253,0.6195301176402044
305,2777.293970809899,878.8673028624631,276.5867952593399,-14.709441613225977,28544.64816806768,243.7104813902293,-5.143961714332254,0.0092695649316627,5.600086502129518,625.9983263132058,250,14.295221026316655,-4.188244527512753,13.773537578805453,13.418758955080849,0.354778623724604
464,1615.8301046492834,1298.0768493628657,276.5291758007186,-14.87862822186609,28494.990780337303,256.79776872345093,-5.142071280300506,0.0097843631413082,6.170105658013493,625.9983263132058,250,14.297111460348404,-4.212210790238967,13.7754280128372,13.394792692354635,0.38063532048256477
579,801.1476184933415,1686.4619595555298,276.4746197178092,-14.99758508561578,28304.95542269212,253.7330052333927,-5.1348061664532185,0.0097324980614893,6.055808953137501,625.9983263132058,250,14.304376574195691,-4.234361065977421,13.782693126684487,13.37264241661618,0.4100507100683064
315,1161.3183927208058,907.1449341589638,276.58939915737466,-14.942556701118155,28080.980716953985,262.39624082088983,-5.126180656526628,0.0101450729777126,6.43784835423606,625.9983263132058,250,14.313002084122282,-4.6813746482150975,13.791318636611077,12.925628834378504,0.8656898022325734
399,1445.0188327020353,1126.7715045186474,276.55544397302765,-14.902557066973175,28044.90150339972,242.85805235835767,-5.124784775972379,0.0094017441071599,5.60779435071363,625.9983263132058,250,14.31439796467653,-4.051726166137272,13.792714517165326,13.55527731645633,0.237437200708996
494,3032.0877615240865,1369.7056232970651,276.5125594196474,-14.674711062259448,27389.401844759297,239.2950499687132,-5.099106347896307,0.0094855169610336,5.510658127469986,625.9983263132058,250,14.340076392752604,-4.240250702815913,13.8183929452414,13.366752779777688,0.45164016546371144
211,2666.822941787156,609.0341791061185,276.6274853347997,-14.724252281369916,27113.41893064353,242.38666030947263,-5.0881106893766574,0.0097058654893784,5.671131773288376,625.9983263132058,250,14.351072051272252,-4.0849416034135375,13.829388603761048,13.522061879180065,0.3073267245809834
331,1255.9691148704767,962.5888986583336,276.5807297661793,-14.929139902849789,26858.01681604964,244.22750615934297,-5.0778348318355695,0.0098725756727781,5.77338555175787,625.9983263132058,250,14.36134790881334,-4.122013736984072,13.839664461302135,13.484989745609528,0.35467471569260667
588,445.4258806816119,1709.8300408508987,276.4726029741373,-15.04892581453047,25973.838161881373,256.90236986746936,-5.041490303814134,0.0107384554114319,6.378693060532191,625.9983263132058,250,14.397692436834776,-4.349791191055462,13.876008989323571,13.257212291538139,0.6187966977854327
499,647.6747932413285,1385.0105386184323,276.5202440769639,-15.018503228785445,25922.086774334253,248.12460893246,-5.03932487854035,0.0103922531493373,6.01946222172657,625.9983263132058,250,14.39985786210856,-4.179684305227126,13.878174414597355,13.427319177366474,0.45085523723088095
74,2596.3879844105622,232.73682819619785,276.6838764444004,-14.7328287647363,25783.71374303189,241.1774274290356,-5.033513655544012,0.0101554933307645,5.737511161253787,625.9983263132058,250,14.405669085104895,-4.005525534662128,13.883985637593693,13.601477947931473,0.2825076896622196
276,707.4023010279908,807.8726767137513,276.6061205978889,-15.007571949904994,25527.39188155741,256.0170938468787,-5.022666091974774,0.0108886078170159,6.378085121522442,625.9983263132058,250,14.416516648674136,-4.2011196136754405,13.894833201162932,13.40588386891816,0.488949332244772
268,1498.2648085336598,777.5466853320123,276.60731156927574,-14.89345617239782,24781.563860353723,237.54577816133963,-4.990471751831203,0.0104070692553171,5.671898800392375,625.9983263132058,250,14.448710988817709,-4.10664772194937,13.927027541306503,13.500355760644231,0.4266717806622715
11,782.7787023506735,40.84826280216097,276.72024799858974,-14.993538045215548,24450.08683022007,275.06851591123086,-4.975850992778664,0.0122143487587007,7.2153019554179325,625.9983263132058,250,14.463331747870246,-3.964151335340152,13.941648300359041,13.64285214725345,0.2987961531055916
133,787.7875699239327,373.1954984051728,276.6706403392198,-14.994201135209224,24196.81982146669,241.7500810568798,-4.964545704764222,0.0108472131850401,5.900282487558545,625.9983263132058,250,14.474637035884689,-3.987219620416236,13.952953588373482,13.619783862177366,0.3331697261961164
42,1981.752818844683,124.11298431016196,276.70270245106747,-14.821019333562507,24018.230540058,233.4270250932491,-4.956502501079221,0.0105516399603652,5.565471077113261,625.9983263132058,250,14.482680239569689,-4.459386134713657,13.960996792058484,13.147617347879944,0.8133794441785405
14,2649.62843593622,44.18359625400623,276.7117523024765,-14.724347374934876,23918.38164453813,250.35432577819248,-4.951979456470367,0.0113640502746745,6.276995986359498,625.9983263132058,250,14.487203284178545,-4.118733750549196,13.965519836667339,13.488269732044404,0.47725010462293405
167,823.3070958919673,468.6766866804321,276.6562435689748,-14.989476518569516,23419.447990634653,242.7025372722004,-4.929091614058435,0.0112514242360367,6.006050045052713,625.9983263132058,250,14.510091126590474,-4.128642657190061,13.98840767907927,13.478360825403541,0.5100468536757283
578,1818.6072519915967,1682.2799792389228,276.47102404504994,-14.850939380486825,23404.081558588543,230.03802140147047,-4.928378985498821,0.0106713130019804,5.477416742706295,625.9983263132058,250,14.51080375515009,-4.225046308245614,13.989120307638885,13.381957174347988,0.6071631332908964
525,1082.2768281956603,1485.892624499846,276.5033822946004,-14.956280902138824,23370.83240945777,237.52396749847583,-4.926835431144298,0.0110342570172526,5.796032544554262,625.9983263132058,250,14.512347309504612,-4.01364268304545,13.990663861993408,13.593360799548151,0.3973030624452569
295,1627.559948297896,852.4281827729523,276.595597066119,-14.875124010911168,23068.949162423087,243.4878647347188,-4.91271950825558,0.0114593331877071,6.06770800176062,625.9983263132058,250,14.52646323239333,-4.057775726558001,14.004779784882125,13.5492277560356,0.45555202884652424
410,2132.829810090014,1158.263903459707,276.5478596367161,-14.803527521961849,22252.879564986622,231.1970766070129,-4.87361552203552,0.0112799184186114,5.631678848010004,625.9983263132058,250,14.56556721861339,-4.391846416543637,14.043883771102186,13.215157066049965,0.8287267050522207
636,2202.5233503790496,1921.0342990771023,276.4338233352697,-14.796546520148716,22016.79337570264,261.4333320216235,-4.8620351449448185,0.0128918940979441,6.862779166619408,625.9983263132058,250,14.57714759570409,-3.9760097298733528,14.055464148192886,13.630993752720249,0.4244703954726372
641,1624.5678780088415,1940.569253835857,276.4333008968292,-14.879930066254726,21527.05748769437,238.15283824389093,-4.837611654807109,0.0120110487292188,5.981002414400704,625.9983263132058,250,14.6015710858418,-3.948453937249652,14.079887638330597,13.658549545343948,0.42133809298664815
548,535.1203402836117,1560.9491792626525,276.49445337912744,-15.035417717445483,21367.89862059313,239.85824133868056,-4.829554514619877,0.0121871643648867,6.0632403736904505,625.9983263132058,250,14.609628226029033,-4.190562677482071,14.087944778517828,13.416440805111531,0.6715039734062973
627,440.6273284181736,1886.3992642934927,276.4462672472682,-15.05030774122432,21279.539505183056,242.66869156946208,-4.825055542015373,0.0123811607094595,6.183144717221589,625.9983263132058,250,14.614127198633536,-4.130562435633742,14.092443751122332,13.47644104695986,0.6160027041624723
621,2707.6333986753334,1853.0555653871247,276.44186338656243,-14.723452280030555,21055.400251666724,244.1391296761284,-4.8135587321594455,0.012588782446365,6.259936303300597,625.9983263132058,250,14.625624008489464,-4.0757616166020325,14.103940560978259,13.531241865991568,0.5726986949866912
232,451.5080753778392,684.8872418337545,276.6255510290008,-15.043946191875962,21041.82234063599,237.4783070022725,-4.812858351982586,0.0122532256825705,5.994957816483721,625.9983263132058,250,14.626324388666324,-4.002335068566921,14.10464094115512,13.60466841402668,0.4999725271284401
337,414.1092082826523,977.451235787182,276.58204484607904,-15.050522508934767,20903.919579517213,238.3505468348715,-4.805719293137706,0.0123793620480717,6.041656599246522,625.9983263132058,250,14.633463447511204,-3.868962140310054,14.11178,13.738041342283548,0.37373865771645143
69,670.1414796583086,217.28172733107863,276.69440358337164,-15.010510403514091,20877.077253643656,236.6401364794913,-4.804324224027849,0.0123063297153313,5.975200417091918,625.9983263132058,250,14.634858516621062,-3.8771407968785727,14.113175069109857,13.729862685715029,0.38331238339482887
405,844.221565997819,1143.5655146444822,276.55545468754167,-14.989214786431305,20786.0920804962,242.6534965962408,-4.799582095418737,0.0126742872221631,6.222973564176368,625.9983263132058,250,14.639600645230171,-3.8846424682205054,14.117917197718969,13.722361014373096,0.3955561833458727
316,1828.432500161949,906.9165369691564,276.58662330737576,-14.846387603249717,20784.10882776417,239.83725575719907,-4.799478497685316,0.0125283845813851,6.111146100975686,625.9983263132058,250,14.639704242963594,-3.907316304312516,14.11802079545239,13.699687178281085,0.4183336171713048
347,860.1824094074568,1003.751532340729,276.5762502936942,-14.986350054398072,20574.653967997583,252.38973124127807,-4.788481327878435,0.0133183056995696,6.621178410427548,625.9983263132058,250,14.650701412770475,-3.726388116595673,14.129017965259271,13.880615365997928,0.24840259926134323
584,1721.8183308477105,1700.8801375499097,276.4686517776042,-14.864964673047728,20128.71149743576,226.66988430382665,-4.764689916353299,0.0122260927342525,5.636308422262092,625.9983263132058,250,14.674492824295612,-3.850711102030984,14.152809376784408,13.756292380562616,0.3965169962217914
557,1591.6354878265995,1607.9666169248092,276.48305213459673,-14.883358596127504,20064.99047716218,223.77587639798904,-4.76124737320463,0.0121083271523016,5.523365838826078,625.9983263132058,250,14.67793536744428,-3.987685103283829,14.156251919933077,13.619318379309773,0.5369335406233038
45,784.2745865008112,129.71677538997065,276.70698265665703,-14.993694422539033,19513.713254553964,277.9906064029001,-4.730999775655274,0.0154667846880036,7.662998151491913,625.9983263132058,250,14.708182964993636,-4.01433671608306,14.186499517482432,13.592666766510542,0.5938327509718899
444,283.1617159489708,1242.7937362565626,276.5429877006381,-15.070453691723188,19506.05738508067,239.19259140696784,-4.730573722163085,0.01331337191129,6.191235202567008,625.9983263132058,250,14.708609018485824,-3.7693781956943377,14.186925570974621,13.837625286899264,0.3493002840753565
391,574.404573499725,1104.0619177589645,276.5624781443895,-15.027935970585224,18843.69570466422,243.8591053114208,-4.693065184485949,0.0140502072834404,6.426213076251858,625.9983263132058,250,14.74611755616296,-4.2763340774763465,14.224434108651757,13.330669405117256,0.8937647035345009
150,1331.323582595707,404.3232209800266,276.6636886061416,-14.91598004669075,18799.46252432582,245.17913168112577,-4.690513560780143,0.0141594996623843,6.480541057909163,625.9983263132058,250,14.748669179868768,-3.873130121022768,14.226985732357562,13.733873361570833,0.4931123707867293
502,1964.6001308032933,1396.9235267025897,276.51297460342533,-14.828749758152313,18690.945603488828,218.8333649785301,-4.684228162209585,0.0127113624638039,5.4479852173529375,625.9983263132058,250,14.754954578439325,-3.7982987864207294,14.23327113092812,13.808704696172871,0.42456643475524913
611,613.1028964767645,1818.9783379762555,276.45561963994726,-15.025197932174873,18623.46484412445,230.7975717351049,-4.6803011869440585,0.0134549035708496,5.934449609908407,625.9983263132058,250,14.758881553704851,-4.537713287614167,14.237198106193647,13.069290194979434,1.167907911214213
447,978.4057913636012,1251.537497951781,276.5387829408112,-14.970312020871136,18418.05003716244,222.7214276020829,-4.668259099577827,0.0131288954834892,5.630557390949539,625.9983263132058,250,14.770923641071082,-3.803459148421009,14.249240193559878,13.803544334172592,0.4456958593872855
448,1754.0921039411764,1253.9029931432835,276.5351857823992,-14.858518918442693,18265.688973082462,240.2909648587687,-4.659240123914308,0.014282729818274,6.334640649825479,625.9983263132058,250,14.7799426167346,-3.78381570460596,14.258259169223397,13.823187777987641,0.43507139123575556
108,824.4333747113593,309.59086492640483,276.67997468551096,-14.988655352370436,18227.44392812636,232.7847163058761,-4.656964405615413,0.0138655956090091,6.046216073306935,625.9983263132058,250,14.782218335033498,-3.69929267275878,14.260534887522294,13.907710809834821,0.3528240776874725
390,1191.5573577032314,1099.4836244141395,276.56057748054354,-14.938979575917648,18138.272123649484,224.14297550825057,-4.651639761355882,0.0134164945177999,5.712560240297101,625.9983263132058,250,14.787542979293027,-3.8224319268957294,14.265859531781825,13.784571555697871,0.48128797608395324
345,2996.688418277047,995.0234873926568,276.56855359005164,-14.678277588408603,17969.580611500714,232.7504777328749,-4.6414948316048,0.0140624981260193,6.066519484105775,625.9983263132058,250,14.797687909044113,-3.827301122770064,14.276004461532906,13.779702359823537,0.49630210170936984
278,2764.5858523642105,807.0478404739804,276.59755436350315,-14.710976543333953,17788.226586936216,237.41308418594627,-4.630481610488891,0.0144904487381548,6.2622281617191815,625.9983263132058,250,14.80870113016002,-4.236339063913781,14.287017682648814,13.37066441867982,0.9163532639689951
382,348.42613452527934,1081.4361383002931,276.56679969839746,-15.060404909739592,17674.793830051087,226.7159029744067,-4.623535869853867,0.0139263551374959,5.855231170965637,625.9983263132058,250,14.815646870795042,-3.7241554825936007,14.293963423283838,13.882848000000001,0.411115423283837
348,472.8802199244166,1007.3925357852796,276.5773300641088,-15.04217517161932,17524.364090794523,222.1703756330346,-4.614255647360354,0.0137642869992351,5.688799726056487,625.9983263132058,250,14.824927093288556,-3.674874283186949,14.303243645777352,13.932129199406653,0.371114446370699
132,2488.661909660426,368.1532830798701,276.6641516353859,-14.748939169958453,17415.60991331801,221.6566276904008,-4.607496699616507,0.0138182126196704,5.678134073881128,625.9983263132058,250,14.831686041032402,-3.736698167400875,14.310002593521197,13.870305315192727,0.4396972783284703
650,1084.4287089673692,1982.524390300556,276.42926991479226,-14.95793118260151,17289.97631975729,234.67407145437605,-4.59963597448826,0.0147360317137549,6.197381601122714,625.9983263132058,250,14.83954676616065,-3.8042032826263616,14.317863318649446,13.80280019996724,0.515063118682205
239,1664.2141530828978,709.1164846428035,276.61681655852686,-14.86924994781376,17236.244947372994,231.48776261792048,-4.596256621562599,0.0145812655042699,6.078834587386537,625.9983263132058,250,14.84292611908631,-3.6673761288102775,14.321242671575106,13.939627353783324,0.38161531779178226
393,761.7497900920157,1109.1786833800984,276.56093093593245,-15.000960784104896,17082.226238779316,225.57575583725657,-4.58651115184474,0.0143369836395522,5.861901887703072,625.9983263132058,250,14.85267158880417,-3.636348878675984,14.330988141292966,13.970654603917618,0.36033353737534846
327,682.9678689897587,945.640864935266,276.585664975416,-15.011652760840764,17075.381614531216,234.52062318696588,-4.5860760243917,0.0149114699947559,6.209065746141048,625.9983263132058,250,14.85310671625721,-3.964957179203026,14.331423268746006,13.642046303390575,0.6893769653554305
33,519.6955285408417,107.9154525913709,276.7113630296655,-15.031738338331978,16975.8944598104,230.26077608318465,-4.5797316446446725,0.0147264184037761,6.053176931981847,625.9983263132058,250,14.859451096004236,-4.110608008746006,14.337767648493033,13.496395473847596,0.8413721746454375
344,1328.9196473611598,993.149456037677,276.57586416490227,-14.918749186364233,16851.99570217647,224.2269874033697,-4.571778327557857,0.0144459590737017,5.829169003577347,625.9983263132058,250,14.867404413091052,-3.8794844270037294,14.345720965579847,13.727519055589871,0.6182019099899758
349,963.1971378417325,1007.5710161428818,276.5752482664643,-14.971519488470918,16805.477272809425,227.80577473556264,-4.568777105502369,0.014717149987199,5.97252170482539,625.9983263132058,250,14.87040563514654,-4.056232884211769,14.348722187635335,13.550770598381831,0.7979515892535041
603,781.3738296263963,1784.481185436594,276.46007353696336,-15.00081980528882,16715.384701784118,234.8555107020021,-4.562940918966145,0.0152543679082628,6.251259563923793,625.9983263132058,250,14.876241821682765,-3.890413791923964,14.35455837417156,13.716589690669638,0.6379686835019225
212,2452.2493962404715,612.5234019866691,276.6278777313541,-14.755215052723289,16642.847414845426,225.31177434249304,-4.558219057059287,0.0146982657057495,5.88961382593856,625.9983263132058,250,14.880963683589624,-3.787610076997927,14.359280236078419,13.819393405595674,0.5398868304827449
267,732.4500628752114,776.587382554516,276.6106835650101,-15.003834743645063,16595.12340909394,235.75673605149493,-4.555101194253357,0.0154238737502153,6.295367275496835,625.9983263132058,250,14.884081546395551,-4.021958139912047,14.362398098884348,13.585045342681553,0.7773527562027951
101,706.0689039169476,294.61345516807984,276.68271224343823,-15.00565354841994,16468.09399722441,225.77860143347115,-4.546758321358352,0.0148850150853908,5.922775196919894,625.9983263132058,250,14.892424419290558,-4.437978170288415,14.370740971779354,13.169025312305187,1.201715659474166
371,2564.1552612386736,1055.0130771171937,276.5614382217723,-14.74090820198353,16321.163357133104,217.92532343740464,-4.537027757375612,0.0144966090026042,5.629067619954943,625.9983263132058,250,14.9021549832733,-3.856501911240149,14.380471535762094,13.750501571353453,0.629969964408641
610,1932.017924440357,1808.0652557629885,276.45179243083203,-14.835092138055176,16111.469458394218,230.6648836839711,-4.522987859251312,0.0155437630851982,6.140768427892363,625.9983263132058,250,14.916194881397598,-3.9181902569975744,14.394511433886393,13.688813225596027,0.7056982082903662
112,2836.816434913982,310.6558268469696,276.6712331698873,-14.698475902544883,15996.867619078255,225.7861827621417,-4.515237355439423,0.0153240037026062,5.963369445795342,625.9983263132058,250,14.923945385209487,-3.6646656107554727,14.402261937698283,13.942337871838129,0.4599240658601538
332,1389.4034324471868,963.7638136857375,276.5799934324138,-14.90991109892191,15841.163377955963,217.66971994156785,-4.5046176610485125,0.0149183497008446,5.662258112199537,625.9983263132058,250,14.934565079600397,-3.8076422164703794,14.412881632089192,13.799361266123222,0.6135203659659698
643,2886.22836299897,1951.3876064623903,276.4264622387956,-14.69809253683095,15815.319551875233,230.1841024266372,-4.502844906700454,0.0158018229846622,6.146938601829211,625.9983263132058,250,14.936337833948455,-3.892764129713897,14.414654386437252,13.714239352879705,0.7004150335575474
275,1671.8082258024674,801.6203887565796,276.6029881075962,-14.868536125599128,15682.718691697752,223.09152855740072,-4.4937033592762,0.015444418618756,5.886554801749209,625.9983263132058,250,14.94547938137271,-3.729376298423841,14.423795933861506,13.87762718416976,0.5461687496917449
308,2045.574781587764,881.547814454772,276.58949004191703,-14.814975177671132,15387.351454490095,213.73420253587696,-4.4730596618025125,0.0150806475292073,5.549466932247272,625.9983263132058,250,14.966123078846396,-3.600231101151935,14.444439631335193,14.006772381441667,0.4376672498935257
556,2524.1243855258044,1606.6556620754636,276.4793634281805,-14.748924341930383,15319.915879214532,227.07384751060167,-4.46829092986208,0.0160923909886964,6.06982069822888,625.9983263132058,250,14.97089181078683,-3.721657596555672,14.449208363275625,13.885345886037928,0.5638624772376968
395,440.89110216017673,1111.9801557687165,276.5618544928568,-15.047205268773892,15037.246159161556,219.0679900182604,-4.448070751241879,0.0158168666154286,5.787847988845827,625.9983263132058,250,14.991111989407033,-3.63619485385803,14.469428541895827,13.970808628735572,0.49861991316025467
457,1349.1325889606112,1288.080602027533,276.53178204338906,-14.917029544500885,14513.899135278887,216.6261316265249,-4.409610229857821,0.016204535315754,5.740180960684021,625.9983263132058,250,15.02957251079109,-3.689819958112701,14.507889063279885,13.917183524480901,0.5907055387989839
169,1563.3047789241505,471.4083833367799,276.6526970269997,-14.8828140209332,14440.798135305056,223.8600255610424,-4.404127971130361,0.0168304291407151,6.0218917354677215,625.9983263132058,250,15.035054769518547,-4.173184322217913,14.513371322007345,13.433819160375688,1.079552161631657
354,2794.784541682176,1018.2407319587936,276.5659464096284,-14.707495138265244,13025.40267096716,210.61293097083225,-4.2921278735225,0.0175551163316207,5.643687398913158,625.9983263132058,250,15.14705486712641,-4.266465786850054,14.625371419615206,13.340537695743548,1.2848337238716585
