ID,X_pix,Y_pix,RA_deg,Dec_deg,Fluxo,Erro_Fluxo,Mag_Inst,Erro_Mag_Inst,Std_Fundo,Area_Ap,Exptime
639,2079.9988898905162,1317.601585480415,276.5308552450707,-14.793608386376132,4214102.997174373,2059.677275058669,-9.616384739096889,0.0005306447467066186,4.248347012311862,993.1466590310957,600
667,1625.3348835816164,1365.5093880319178,276.5256258391819,-14.859411265283951,710988.3666627521,859.7417326624799,-7.684278110972529,0.0013128507341589326,4.248347012311862,993.1466590310957,600
284,167.79783480070907,553.8153839624105,276.6531130231905,-15.066614814003875,537720.2248573983,752.2550797941675,-7.3810128029628075,0.001518862974419681,4.248347012311862,993.1466590310957,600
88,1796.0125434048223,184.96863891561463,276.7012187470848,-14.829966690117436,434406.0168694115,680.1275594240706,-7.149361453908423,0.0016998256529413844,4.248347012311862,993.1466590310957,600
766,173.7328257722898,1603.8391063636925,276.4960679356591,-15.070023592083398,308876.56455103995,580.5549455217576,-6.779084269654757,0.002040648520126938,4.248347012311862,993.1466590310957,600
526,997.8209487432758,1056.1287404452237,276.57449969474766,-14.948745016031056,221533.5087605844,499.7008995182173,-6.418220439368142,0.0024489535223912616,4.248347012311862,993.1466590310957,600
553,1693.884219063184,1114.7238931189368,276.56279295463077,-14.848495090174628,220044.87952946802,498.20915261383857,-6.410900041371571,0.002458160708622204,4.248347012311862,993.1466590310957,600
548,562.5097535556497,1106.2872049450793,276.5688385214191,-15.011825662405187,219946.4731660856,498.1103827313949,-6.410414380221052,0.00245877296756247,4.248347012311862,993.1466590310957,600
887,1322.5075574137097,1961.1403980601708,276.43791730288604,-14.90555243340815,218898.59861674684,497.0574200587674,-6.40522932712744,0.0024653206752714104,4.248347012311862,993.1466590310957,600
773,470.8343519044912,1637.767172759712,276.4897672593249,-15.027232191111667,217036.3504517547,495.180604093583,-6.395953069013683,0.0024770854317508017,4.248347012311862,993.1466590310957,600
485,199.06395661530613,973.4193333637643,276.5902324568379,-15.063800633429208,211805.10214753944,489.86996475214784,-6.369462917952955,0.0025110434797785417,4.248347012311862,993.1466590310957,600
515,1344.7349568162458,1040.1449602288274,276.5754175826093,-14.898588937369547,198472.2446938362,476.06693322742683,-6.298871327870414,0.002604222420129001,4.248347012311862,993.1466590310957,600
350,895.6867732571653,673.6333076530725,276.6320977567383,-14.961938765025257,187949.95888409996,464.8843287343972,-6.239727461650033,0.0026854217936710246,4.248347012311862,993.1466590310957,600
366,1307.1362160975784,714.9625954880464,276.6241617948742,-14.90269262742098,186256.24249445437,463.0590920316601,-6.229898967329469,0.002699202182357685,4.248347012311862,993.1466590310957,600
294,391.8960640868482,564.4396283006728,276.65057028967226,-15.03427362038377,180942.63552544953,457.2855953823394,-6.1984741534314045,0.0027438252430935597,4.248347012311862,993.1466590310957,600
850,1223.8904322637525,1853.7551073315844,276.454368885489,-14.919351674420838,180292.17747216672,456.57382501726687,-6.194564083881114,0.0027494382106387984,4.248347012311862,993.1466590310957,600
137,1167.7597088805705,292.6666763815556,276.68786120372573,-14.921097904769873,176130.1919273092,451.99300010734714,-6.169206394900738,0.0027861708140253195,4.248347012311862,993.1466590310957,600
37,977.9302056858638,84.54823322074633,276.7197860550704,-14.947664908701821,164899.41547346336,439.3937820363352,-6.0976696644999855,0.002892974652379038,4.248347012311862,993.1466590310957,600
173,2392.5145693215472,359.4997605161218,276.672550256302,-14.744616761990228,164622.40608405118,439.0784511938411,-6.0958442364141145,0.002895763011857335,4.248347012311862,993.1466590310957,600
436,2539.2809123047605,866.4907708318174,276.5962322970414,-14.725518910816685,162160.67870233842,436.26615605736544,-6.0794857574698415,0.0029208940750730305,4.248347012311862,993.1466590310957,600
156,2630.9468230047696,337.2100401285351,276.67483298853756,-14.710138844026769,160617.82016757783,434.4943042046799,-6.06910619294653,0.0029369746494059576,4.248347012311862,993.1466590310957,600
572,544.9531718749676,1158.6074122160892,276.5610907451397,-15.014574841189914,158362.22477378033,431.89084847043404,-6.053750859964807,0.0029609579863769738,4.248347012311862,993.1466590310957,600
909,2107.087670722317,2006.6255388590994,276.4278670234085,-14.792515336750158,151588.7560215122,423.9766930389491,-6.006289346626112,0.003036580731403743,4.248347012311862,993.1466590310957,600
116,162.3038890205547,250.8487678174606,276.698444520295,-15.066178749571801,140618.18879993737,410.83533078189424,-5.924725623555185,0.0031720215033099707,4.248347012311862,993.1466590310957,600
387,1861.336800315839,763.927875944001,276.614468146793,-14.822899189607805,136744.75718482933,406.093877574583,-5.894398585058282,0.003224226887812548,4.248347012311862,993.1466590310957,600
105,1237.1012039511493,218.71934281032182,276.69861035033944,-14.910784598058386,135585.59929290647,404.6641564453634,-5.885155786663771,0.0032403431997495074,4.248347012311862,993.1466590310957,600
552,698.1073727256423,1114.6301833416849,276.56702087440885,-14.992271236116313,125023.1251220837,391.39571451513723,-5.797097750241752,0.0033988778222759745,4.248347012311862,993.1466590310957,600
835,1895.803120541974,1810.5548536358856,276.45802449377146,-14.822196941542408,120759.69599640253,385.9108397222519,-5.75942690166144,0.0034695632117103924,4.248347012311862,993.1466590310957,600
901,934.0675644209189,1994.137733082958,276.4345898593445,-14.961772466773848,120131.59866508917,385.09619432528837,-5.75376501538127,0.003480341082820096,4.248347012311862,993.1466590310957,600
881,1476.266990214197,1945.273157888177,276.4396508337458,-14.883292278860319,120044.97710352851,384.98371046352025,-5.752981856829894,0.0034818350966052897,4.248347012311862,993.1466590310957,600
640,2641.2958419514416,1322.0892753789137,276.5277948316815,-14.712669711913575,115230.57741383795,378.67935992415676,-5.70854121932869,0.0035679087122259313,4.248347012311862,993.1466590310957,600
732,662.8685322906697,1511.8738881346228,276.5077898165895,-14.998978021274375,111699.02754145418,373.9873096245183,-5.674745354385448,0.0036351079413708336,4.248347012311862,993.1466590310957,600
106,271.8769739201852,226.0663392694774,276.70168020609975,-15.050242581210659,111530.03736103926,373.7613109723508,-5.6731014932488595,0.0036384158467469207,4.248347012311862,993.1466590310957,600
38,883.2015510932939,86.624747995733,276.71988703328424,-14.961355014684262,108746.81289683387,370.0193145169114,-5.645663218300658,0.003694176951669606,4.248347012311862,993.1466590310957,600
121,1182.9407545715637,260.9871932856965,276.69252930647343,-14.918776927796431,104716.70826751186,364.53283595067666,-5.604661828702538,0.0037794665869423393,4.248347012311862,993.1466590310957,600
513,191.09174995450067,1036.7190893601712,276.58080024258186,-15.06520994302258,103084.5343595348,362.2871990262227,-5.587605657857525,0.0038156568725518864,4.248347012311862,993.1466590310957,600
772,310.50633215074777,1638.0632990704014,276.490385780351,-15.050398403499077,103032.66780475306,362.21560985617964,-5.5870592367248895,0.0038168233046831064,4.248347012311862,993.1466590310957,600
472,839.6731462463893,934.2955405326142,276.5933774471546,-14.971089405189629,100703.33610405528,358.9858163253618,-5.5622315193321645,0.003870287875882497,4.248347012311862,993.1466590310957,600
370,623.9177354798678,728.5028647662662,276.62505436407145,-15.001418041652435,99321.42367814045,357.055883436853,-5.547229214354563,0.0039030408374292167,4.248347012311862,993.1466590310957,600
422,163.04885219138518,831.3621618846521,276.61162746991545,-15.068428391148448,92586.5496464576,347.4968055467398,-5.470991623720799,0.004074860584207225,4.248347012311862,993.1466590310957,600
241,1622.866391380437,467.29363060078913,276.6598019896367,-14.856106310348846,88399.36255975126,341.41886705113757,-5.420744707450816,0.004193225530408883,4.248347012311862,993.1466590310957,600
163,1713.034718878762,344.82881835300503,276.6777034684384,-14.842593330108627,86847.53750569467,339.13864086008505,-5.401515646230404,0.0042396460850447374,4.248347012311862,993.1466590310957,600
646,1326.5238381633544,1331.3072917401119,276.53199491721955,-14.902404506470093,84532.79192912282,335.7086119655763,-5.372184906511613,0.004311685816749391,4.248347012311862,993.1466590310957,600
650,2789.559330334656,1336.9470022458345,276.5249439503503,-14.69135308443182,83381.98414982314,333.99021597728614,-5.357302437400218,0.0043488192465531384,4.248347012311862,993.1466590310957,600
809,2425.4750087063635,1717.7585487605982,276.4696552644677,-14.74541044968229,82682.53977197956,332.9414663130903,-5.34815639516315,0.00437183655670218,4.248347012311862,993.1466590310957,600
622,1843.542234627808,1282.6577217514034,276.5370766534619,-14.827582834429728,80582.55777282541,329.7727065594673,-5.32022449459666,0.004443073506315933,4.248347012311862,993.1466590310957,600
139,402.60227472010786,296.827297060702,276.6905378971684,-15.03163949328155,79139.56412626687,327.57753943913485,-5.300606009017594,0.004493971359276494,4.248347012311862,993.1466590310957,600
709,2564.4859962696532,1457.1278543245705,276.5079679727285,-14.724297758692828,77369.6477143871,324.8647840765727,-5.276048422535994,0.004558708828221127,4.248347012311862,993.1466590310957,600
895,2845.0557090499965,1969.9355869758956,276.4302548813124,-14.68594279966736,72647.45713403611,317.5136805757623,-5.207672917460684,0.004745170947485207,4.248347012311862,993.1466590310957,600
755,777.366874819999,1576.884132437882,276.4975965319455,-14.982704105282771,72497.77716269181,317.277886688346,-5.205433601476086,0.004751436734460388,4.248347012311862,993.1466590310957,600
549,419.93826673225914,1107.1489543407538,276.5693087150552,-15.03242752607951,72314.2611548726,316.988550855711,-5.202681757322514,0.004759150742437698,4.248347012311862,993.1466590310957,600
200,1781.0739200406445,409.40626941147633,276.667762622627,-14.833036905692513,71829.84395033779,316.22353512834695,-5.19538418137498,0.004779683112303793,4.248347012311862,993.1466590310957,600
683,455.49873136560126,1406.9534741157188,276.52433747817724,-15.028508847237115,71792.64340707037,316.1647096464143,-5.194821734946032,0.004781270182751158,4.248347012311862,993.1466590310957,600
910,2223.063259052385,2008.0116543345614,276.4271766056768,-14.775791422011482,70819.99153854832,314.6227451365832,-5.180011550374221,0.004823297870755299,4.248347012311862,993.1466590310957,600
445,2153.878833527049,882.0626667121293,276.5955691399685,-14.781172169630135,68311.65437174431,310.61090545966897,-5.140858882057284,0.004936643141774808,4.248347012311862,993.1466590310957,600
794,1298.7522190095463,1692.1453437106868,276.4782024799043,-14.90788480664814,67527.44557178498,309.3459645615505,-5.1283226778889315,0.004973635695540164,4.248347012311862,993.1466590310957,600
111,1183.2519567791478,236.7507093612721,276.6961495819351,-14.918633390531065,63856.50801027968,303.3545586092465,-5.067634787746609,0.005157689553413092,4.248347012311862,993.1466590310957,600
217,2536.3132909304704,427.40694842318595,276.66178454323693,-14.724154196452217,60148.49954132782,297.180046032803,-5.002683868897654,0.005364196587416509,4.248347012311862,993.1466590310957,600
876,1550.40460599211,1924.4967514723896,276.4424466356642,-14.872506693004013,59240.53806976526,295.64847080358174,-4.98616936022985,0.005418342830941823,4.248347012311862,993.1466590310957,600
746,806.7206805136979,1549.293834017567,276.5015980472438,-14.978352072891603,58692.79641635658,294.7206756152131,-4.976083878922996,0.00545174633093926,4.248347012311862,993.1466590310957,600
344,2360.6911294246534,662.194215818042,276.62750129047737,-14.750442014940747,57786.92267135781,293.17981323769357,-4.9591957930052075,0.005508258763706975,4.248347012311862,993.1466590310957,600
29,2015.4277295979816,65.33580225467507,276.71812409944846,-14.797817108913383,54883.58477172122,288.18581677530955,-4.9032280489605915,0.005700854683132266,4.248347012311862,993.1466590310957,600
775,1607.7820310350191,1647.527053120206,276.4835766578594,-14.863095142634528,54726.090831480105,287.912436428528,-4.900107941366306,0.005711837397504074,4.248347012311862,993.1466590310957,600
818,1306.518429943098,1754.1169614967223,276.4689117420962,-14.907016325735295,54296.27934684872,287.16503889850486,-4.891547050476415,0.005742107681825932,4.248347012311862,993.1466590310957,600
78,2583.1487159207827,168.07188265975324,276.7002886515829,-14.716341581539012,53838.69466212619,286.36720287221664,-4.882358178347969,0.005774821884325516,4.248347012311862,993.1466590310957,600
882,2894.626509035862,1945.3917484852598,276.43370854272274,-14.678696243879443,52359.7091588006,283.77313011899435,-4.852114937842021,0.005884152000076726,4.248347012311862,993.1466590310957,600
611,2340.2513458359244,1255.0140705365852,276.5390915723285,-14.75581078294117,52322.588756813144,283.707717511428,-4.851344932466429,0.0058869692081519685,4.248347012311862,993.1466590310957,600
865,2530.545278218094,1888.0757850325397,276.44379220096346,-14.730954703823746,51474.70986646484,282.2094790845905,-4.8336066426085385,0.005952337220296845,4.248347012311862,993.1466590310957,600
716,1984.836273741905,1468.341510181462,276.50875059622473,-14.807953397067038,51220.985141639656,281.7595878765632,-4.828241691715905,0.00597228623603533,4.248347012311862,993.1466590310957,600
546,1203.3698401911113,1102.466764184184,276.5667055997151,-14.919252640968462,51212.34892848134,281.7442619596936,-4.828058613630917,0.005972968465805348,4.248347012311862,993.1466590310957,600
276,2936.0244913700362,535.1494747180338,276.64395621408613,-14.666959704878916,50910.51161194517,281.2080934658109,-4.8216405275126615,0.00599694674850206,4.248347012311862,993.1466590310957,600
406,975.3796761037364,796.9484112478414,276.6133280517369,-14.950930959587367,50459.15311739943,280.404410336447,-4.81197176716389,0.0060332972214966595,4.248347012311862,993.1466590310957,600
587,1661.514453767273,1202.5232234025798,276.5498167583951,-14.853524853288395,49869.91994823102,279.351749890639,-4.799218551751956,0.006081665965598269,4.248347012311862,993.1466590310957,600
543,153.7575242716684,1102.6579670482968,276.57109626489756,-15.070873357388454,49719.779192554706,279.08288985762954,-4.795944852179511,0.006094160079532317,4.248347012311862,993.1466590310957,600
628,481.81880966575835,1297.0813604140724,276.54065368569246,-15.02425928310342,49713.73774399754,279.07206589468717,-4.795812916396932,0.006094664285797841,4.248347012311862,993.1466590310957,600
380,1720.33479374469,743.857847629389,276.61807205201677,-14.843165688629979,49233.80345454742,278.2108618894642,-4.7852803429932225,0.006135084262426459,4.248347012311862,993.1466590310957,600
632,1557.212968344947,1302.547995786226,276.535317952773,-14.868986718551055,48816.26188414078,277.4594422665624,-4.776033174441146,0.006170847681531953,4.248347012311862,993.1466590310957,600
602,2369.166022455555,1231.811180674658,276.54243187012537,-14.751545527905355,48504.974601096066,276.89791407633817,-4.769087577815415,0.006197881099516895,4.248347012311862,993.1466590310957,600
19,2276.7725833401364,46.45398685863566,276.71979378142044,-14.760035459084014,48020.41495884536,276.0215483935565,-4.758186645556975,0.006240608194404699,4.248347012311862,993.1466590310957,600
196,1315.7228466428483,401.3288729499671,276.67098490293773,-14.900176065343496,47188.4616348744,274.510367479273,-4.739211422485395,0.006315863998244536,4.248347012311862,993.1466590310957,600
383,1019.357352281823,753.1450809716729,276.6196867498598,-14.944401653044165,47164.5660529224,274.46684002198424,-4.7386614814893395,0.006318061908541708,4.248347012311862,993.1466590310957,600
668,906.8322567526576,1367.3392110801865,276.52837376604026,-14.963152391211736,46263.382311666384,272.8202018370294,-4.717715326104219,0.006402491091961708,4.248347012311862,993.1466590310957,600
556,613.9652023149072,1119.0121647113244,276.56671989147395,-15.004443914146531,45318.47628827841,271.0829328951004,-4.695310122676992,0.006494365308578011,4.248347012311862,993.1466590310957,600
135,1059.811734191224,289.0842594008056,276.6888635225864,-14.936671512139736,45201.322709866916,270.86676231793,-4.692499733037896,0.006506005271929408,4.248347012311862,993.1466590310957,600
356,234.6638918577672,682.24500721437,276.63362351364896,-15.057472996646363,45195.5628792058,270.8561298880586,-4.692361373034678,0.006506578997708741,4.248347012311862,993.1466590310957,600
159,1668.5588061241817,342.1604023073042,276.6782952931083,-14.849001626033724,45074.22000054817,270.6320384198428,-4.689442424263607,0.006518697475160967,4.248347012311862,993.1466590310957,600
482,1037.998205588635,955.6780037879755,276.5893408239882,-14.942534071162278,44740.528474334686,270.0148305057812,-4.6813746482150975,0.006552338818444993,4.248347012311862,993.1466590310957,600
325,650.2386922313995,628.3984496438853,276.6399067623154,-14.9972086524474,44529.30827303266,269.62341977610873,-4.676236745961794,0.006573875907886071,4.248347012311862,993.1466590310957,600
604,1288.6435035142654,1245.8018187193134,276.5449293321221,-14.90752484014693,43454.23400649289,267.6223350642169,-4.6497021209433615,0.006686519180980281,4.248347012311862,993.1466590310957,600
26,1860.3136136241797,63.51752670469858,276.7190764328845,-14.820192528591155,40420.93819479813,261.8939067896182,-4.571137847885636,0.007034428870284873,4.248347012311862,993.1466590310957,600
68,1632.228134570981,152.7127098858686,276.70675191101844,-14.85347392379007,39862.066650117806,260.82474359011434,-4.556021401439483,0.007103932332493611,4.248347012311862,993.1466590310957,600
855,491.2659743507852,1865.5860228270587,276.45562530598085,-15.025207482658404,39195.53217489633,259.5438544709302,-4.537713287614167,0.007189257223035377,4.248347012311862,993.1466590310957,600
857,217.4155750787981,1873.10516334647,276.45562524994034,-15.064806000241704,39158.35431854089,259.4722230553243,-4.536682953332203,0.007194096827449683,4.248347012311862,993.1466590310957,600
424,1968.6903179019084,839.7629571100928,276.60268156256876,-14.807717818677503,38557.48624954169,258.31176215626107,-4.519893654990083,0.007273531224468405,4.248347012311862,993.1466590310957,600
80,1857.3800498558057,172.8090551363441,276.70276660924986,-14.82106104927705,36467.47587070969,254.23405768983977,-4.459386134713657,0.0075689888001148195,4.248347012311862,993.1466590310957,600
559,2805.431124249887,1127.8530082871166,276.55607822774914,-14.688209709292284,36277.890762540745,253.86092842592348,-4.453726945919348,0.007597376920176881,4.248347012311862,993.1466590310957,600
660,2104.4811395959964,1358.1685437309877,276.52469432436976,-14.79024204404658,36248.3442281764,253.80272742212108,-4.452842307585002,0.007601826429026372,4.248347012311862,993.1466590310957,600
58,1168.883501440404,133.88824998844285,276.7115827050643,-14.920289727115307,36133.56754117645,253.5765126345647,-4.449398980213815,0.007619176253593456,4.248347012311862,993.1466590310957,600
531,712.7656651298337,1073.8539188148093,276.57305420007486,-14.98998795102761,35854.17117784999,253.02500152471313,-4.44097109302851,0.007661848960131342,4.248347012311862,993.1466590310957,600
160,583.7582108125059,343.940952704099,276.6827158582372,-15.005656696044992,35755.472251915315,252.82988840452865,-4.437978170288415,0.007677074096709568,4.248347012311862,993.1466590310957,600
250,422.8309483475706,480.7072933547863,276.66295776110303,-15.029463536109155,35596.08145986253,252.51447815638932,-4.4331273539432035,0.007701830024282979,4.248347012311862,993.1466590310957,600
402,631.4094216549644,789.153326288437,276.61595594867947,-15.000582374282635,35455.03527759074,252.23504018340083,-4.428816678620155,0.007723912301398991,4.248347012311862,993.1466590310957,600
589,2007.9711620528763,1205.6831510638212,276.54787262170805,-14.803543255887863,34268.083542514476,249.87109428912655,-4.391846416543637,0.0079165514678735,4.248347012311862,993.1466590310957,600
66,80.24056145559113,148.3609058327383,276.71412442241865,-15.077623635394517,33217.191348636756,247.75930167678436,-4.3580291447089206,0.00809798369185492,4.248347012311862,993.1466590310957,600
819,324.04139420519056,1756.5924056827268,276.47260811575757,-15.048924788671519,32966.11177435616,247.2520818781659,-4.349791191055462,0.008142955624628483,4.248347012311862,993.1466590310957,600
695,2035.0637133911046,1427.1161612888818,276.51469386660534,-14.800538407889787,32110.4464271029,245.51563421874786,-4.321237732902617,0.008301233826705912,4.248347012311862,993.1466590310957,600
756,1942.1497065207932,1578.4274050038111,276.49249241925196,-14.814561807586085,31402.97061179817,244.07058575446828,-4.297048705950796,0.008438291976558099,4.248347012311862,993.1466590310957,600
569,452.56748009735554,1152.2224309521514,276.56243296152877,-15.02789638823081,30809.51639183372,242.8517996856618,-4.2763340774763465,0.008557881778001849,4.248347012311862,993.1466590310957,600
529,2670.386499479198,1065.0744907248657,276.56602794138314,-14.70742440469764,30530.75647301809,242.27718978836862,-4.266465786850054,0.008615585571412121,4.248347012311862,993.1466590310957,600
690,2907.618375999596,1416.4864738422168,276.51257063392137,-14.674658255409266,29802.420045023493,240.76939229012186,-4.240250702815913,0.008771211492706793,4.248347012311862,993.1466590310957,600
429,2640.1529406052855,854.2997700924594,276.5976157623136,-14.710922742766071,29695.24248265935,240.54671625567963,-4.236339063913781,0.008794727640001514,4.248347012311862,993.1466590310957,600
811,678.7908688920598,1733.2269834505933,276.47463730463124,-14.997579122150677,29641.192837065202,240.43434250496807,-4.234361065977421,0.008806648473715392,4.248347012311862,993.1466590310957,600
582,601.6989573264918,1187.0627199596781,276.55659875585445,-15.00649273491162,29440.50660597009,240.01663864136833,-4.226985071482763,0.008851276510306066,4.248347012311862,993.1466590310957,600
810,1694.1356270654753,1728.9887764302343,276.47104852730195,-14.850964906396392,29387.982576045964,239.90719621298786,-4.225046308245614,0.008863052856875818,4.248347012311862,993.1466590310957,600
47,1864.9638529221716,102.0131459350895,276.71330673844943,-14.819678256412548,29238.0262919456,239.59446260436965,-4.219492004788977,0.008896896987920943,4.248347012311862,993.1466590310957,600
656,1491.6479011350848,1345.5690685157974,276.52916841459336,-14.878625910294142,29042.604886878515,239.18629790523036,-4.212210790238967,0.008941503857769812,4.248347012311862,993.1466590310957,600
430,585.38254949553,856.7422933412429,276.60604720408753,-15.007506474343165,28747.434680778475,238.5684700447852,-4.2011196136754405,0.009009979179144248,4.248347012311862,993.1466590310957,600
767,413.57627719016665,1608.0015068181913,276.49445418917657,-15.03538365967001,28469.269352876814,237.98476752012493,-4.190562677482071,0.009075753188252806,4.248347012311862,993.1466590310957,600
465,2652.746579855238,926.1394780530557,276.5868393746375,-14.709400260392341,28408.549601799867,237.85716264289994,-4.188244527512753,0.009090274762391784,4.248347012311862,993.1466590310957,600
698,525.7943838115534,1432.46688371389,276.52023054731677,-15.018456709211529,28185.449964583793,237.38772121429298,-4.179684305227126,0.009144145268080122,4.248347012311862,993.1466590310957,600
266,1439.3303198798067,520.179672349015,276.65269453645755,-14.882814864975911,28017.216059545695,237.03311219801503,-4.173184322217913,0.009185311251711775,4.248347012311862,993.1466590310957,600
210,1330.5090846111589,421.97138730253323,276.6678368098984,-14.898125306441306,26942.291712850856,234.7547058773944,-4.130708209219037,0.009459966764798943,4.248347012311862,993.1466590310957,600
878,319.06968033723416,1932.9524163535773,276.4462605343445,-15.050360635978066,26938.674618019257,234.74700176306905,-4.130562435633742,0.009460926471998189,4.248347012311862,993.1466590310957,600
262,701.0091200844732,517.8361031772264,276.65621727576894,-14.98942493195568,26891.08424417203,234.64561462533905,-4.128642657190061,0.009473576501622182,4.248347012311862,993.1466590310957,600
501,1132.3569412289132,1010.9236068990565,276.5806850339678,-14.929133412355638,26727.401960688876,234.29656885968257,-4.122013736984072,0.009517415317249978,4.248347012311862,993.1466590310957,600
263,3055.35146869094,518.4642882177277,276.64592309775026,-14.649689903115222,26721.058315567207,234.28303082873566,-4.121756011123478,0.009519124713057197,4.248347012311862,993.1466590310957,600
43,2525.0771294993556,92.27810114368772,276.71185818244186,-14.724407325101387,26646.780875306984,234.12445642016573,-4.118733750549196,0.009539198131468312,4.248347012311862,993.1466590310957,600
70,397.70845400317745,157.06631216610367,276.7114562657032,-15.031779015848782,26448.098513364268,233.69976194274432,-4.110608008746006,0.009593424321715545,4.248347012311862,993.1466590310957,600
419,1374.4394467663387,825.962850016688,276.60728988501944,-14.893428070672934,26351.80324337253,233.49364758404803,-4.10664772194937,0.00961998884253802,4.248347012311862,993.1466590310957,600
342,2542.204770273491,656.6455781799345,276.6275415946329,-14.724240323546834,25830.20730814332,232.37402506922845,-4.0849416034135375,0.00976718754162395,4.248347012311862,993.1466590310957,600
867,2583.2007550450953,1899.327350623531,276.44189181036836,-14.723407798712195,25612.731514048763,231.90560953280078,-4.0757616166020325,0.009830264301629007,4.248347012311862,993.1466590310957,600
454,1503.4193327607384,900.7131488692914,276.5955717706228,-14.875113438480573,25191.9358085859,230.99657146225567,-4.057775726558001,0.009955288054961459,4.248347012311862,993.1466590310957,600
525,840.233687370126,1056.0052384292574,276.57518419706946,-14.971503704430598,25156.16323057009,230.91912750853098,-4.056232884211769,0.009966102320060774,4.248347012311862,993.1466590310957,600
576,1321.1064917478539,1174.6407244948746,276.5554238832719,-14.902548148496836,25051.960417557682,230.69339096794423,-4.051726166137272,0.00999777304447437,4.248347012311862,993.1466590310957,600
418,610.2868578075108,825.5510235848127,276.61060450017936,-15.00378181506075,24374.432127447217,229.2202267387813,-4.021958139912047,0.010210059412627594,4.248347012311862,993.1466590310957,600
84,661.8484394432912,179.03195444947912,276.7070325300881,-14.993705035918772,24203.932707129337,228.84801271992822,-4.01433671608306,0.010265285828399341,4.248347012311862,993.1466590310957,600
737,959.2178788417453,1533.0636088522217,276.50338814343155,-14.956261917525019,24188.465818369878,228.81421729669896,-4.01364268304545,0.010270332876190986,4.248347012311862,993.1466590310957,600
131,2471.77483017094,280.69986791136694,276.6839663050003,-14.732863433264807,24008.30304010643,228.42019012958886,-4.0055255346621275,0.010329584727809036,4.248347012311862,993.1466590310957,600
374,330.0353867485965,733.7182093394873,276.62552233735215,-15.043900172787868,23937.857526298496,228.26593645357949,-4.002335068566921,0.01035298697618963,4.248347012311862,993.1466590310957,600
779,1467.4651747670712,1654.93588662233,276.48305697702745,-14.883378236278539,23617.030567250215,227.56210314105752,-3.987685103283829,0.010461271779139355,4.248347012311862,993.1466590310957,600
212,665.2943600739576,422.45794291712417,276.67062800523905,-14.994196519068463,23606.90751264291,227.53985965402634,-3.987219620416236,0.010464734760115096,4.248347012311862,993.1466590310957,600
892,2077.82683003369,1967.350492156669,276.4338527574568,-14.796575992025447,23364.427413201658,227.00640438527884,-3.9760097298733528,0.010548550960929558,4.248347012311862,993.1466590310957,600
291,3043.794567496949,562.3878578086806,276.63942013815347,-14.651535307973223,23311.127525390475,226.8889766915122,-3.9735300745961495,0.01056720065237808,4.248347012311862,993.1466590310957,600
67,2730.238226892547,151.47125499449604,276.7021178322452,-14.695063010595408,23305.14530921227,226.87579317314433,-3.9732514118747404,0.010569298984405628,4.248347012311862,993.1466590310957,600
497,560.7420145565517,994.192284951494,276.58560344317135,-15.011625174603097,23127.7892955594,226.48459001506149,-3.964957179203026,0.010631985454250256,4.248347012311862,993.1466590310957,600
41,660.4091191480787,90.22056394184838,276.72031532301406,-14.993552110990581,23110.62999639369,226.44670502156745,-3.9641513353401505,0.010638099769685208,4.248347012311862,993.1466590310957,600
907,1029.5264570346226,2006.1513106340951,276.4324016265874,-14.948036667887367,22888.848612466303,225.95647552393226,-3.9536817408485785,0.010717924244678712,4.248347012311862,993.1466590310957,600
897,1500.5663923089216,1986.912910598274,276.43333032497077,-14.879954837301591,22778.904051607184,225.71305737670178,-3.948453937249652,0.010758053409360358,4.248347012311862,993.1466590310957,600
146,132.85288881334932,320.45142091272544,276.6881615265995,-15.070717819774073,22609.541402071947,225.3375725901099,-3.940351257727218,0.010820608795659277,4.248347012311862,993.1466590310957,600
147,2703.039463283014,320.8736630123404,276.6769547662759,-14.699676350913103,22515.988141702604,225.1298921965577,-3.9358494021963173,0.010855553947690078,4.248347012311862,993.1466590310957,600
852,1807.3991635910222,1854.6689233920522,276.45180604612136,-14.835133244679707,22152.735043825116,224.32167809321552,-3.9181902569975744,0.010993949298991435,4.248347012311862,993.1466590310957,600
480,1703.9615783874879,954.9804987225199,276.58660907670185,-14.846389348486683,21931.976512183726,223.82907927906692,-3.907316304312516,0.01108022485972865,4.248347012311862,993.1466590310957,600
240,848.757897491532,467.8781781622245,276.66305130845507,-14.967879996138263,21862.694089131197,223.67425937702865,-3.90388106907585,0.011107649515453216,4.248347012311862,993.1466590310957,600
345,472.63152772484233,663.9903655711045,276.6353423362897,-15.023012712913959,21713.86526729859,223.34132059703973,-3.896464720889881,0.011167135320554241,4.248347012311862,993.1466590310957,600
905,2761.7903653051194,1997.7615679801443,276.4264525009298,-14.698060842048807,21639.982352677907,223.17585570892072,-3.892764129713897,0.011196960450071293,4.248347012311862,993.1466590310957,600
840,659.0800232361491,1831.5380927254012,276.46002394996094,-15.000826586945108,21593.188060438843,223.07099380952678,-3.8904137919239643,0.01121595279497979,4.248347012311862,993.1466590310957,600
584,721.8483868662605,1191.66908462155,276.5554056514828,-14.98915532748938,21478.712144373218,222.81425529598485,-3.8846424682205063,0.011262753341485786,4.248347012311862,993.1466590310957,600
516,1205.1515626019225,1041.3963522850963,276.57582301209214,-14.918746642175613,21376.914547438908,222.58570207039355,-3.8794844270037308,0.011304779097167645,4.248347012311862,993.1466590310957,600
125,547.8698936445567,266.56624556840814,276.6944378029585,-15.010527278608075,21330.82089409302,222.4821366151092,-3.8771407968785727,0.011323936238661791,4.248347012311862,993.1466590310957,600
231,1207.8163042937413,453.4074890588378,276.66366920115473,-14.915968020259408,21252.170858321537,222.30531050123977,-3.873130121022768,0.011356810427518745,4.248347012311862,993.1466590310957,600
509,292.7251374792666,1025.7979218552964,276.5820064927316,-15.050478512191265,21170.7433116858,222.12209149568372,-3.868962140310054,0.011391095304799703,4.248347012311862,993.1466590310957,600
541,2439.4105596864197,1102.1994216435191,276.5614789283221,-14.740884835241838,20929.17044638662,221.57764026435004,-3.8565019112401484,0.011494332498808536,4.248347012311862,993.1466590310957,600
816,1597.5098703571234,1747.6665203052642,276.46866255959225,-14.86498632645367,20817.841191034415,221.32627817266865,-3.850711102030984,0.011542692539875525,4.248347012311862,993.1466590310957,600
490,1437.4429697745961,982.8940728651409,276.58357635936125,-14.884972154353964,20809.87137401686,221.30827276165695,-3.850295363646442,0.011546173804675064,4.248347012311862,993.1466590310957,600
100,1163.5810799953688,207.1770870152446,276.7006540766549,-14.921353507663014,20774.49661859579,221.22833642489582,-3.8484481473094534,0.011561657029105162,4.248347012311862,993.1466590310957,600
153,2537.499997975823,328.91478674007766,276.67648096485556,-14.723581113128644,20446.505353099958,220.48579448987422,-3.831169600430093,0.011707693952764553,4.248347012311862,993.1466590310957,600
517,2872.2528115527994,1042.0575668826973,276.5685930518596,-14.678225164664443,20373.784092610003,220.32082132958087,-3.8273011227700637,0.01174069159809589,4.248347012311862,993.1466590310957,600
568,1068.164510008745,1147.626205816509,276.56052930420884,-14.938959410790485,20282.618460059457,220.11383118466352,-3.8224319268957307,0.011782383373615394,4.248347012311862,993.1466590310957,600
82,1684.989054553281,175.70679583126687,276.70308691788426,-14.845952317378424,20137.22899743257,219.7833233349693,-3.8146211460992605,0.011849632050924153,4.248347012311862,993.1466590310957,600
502,1265.4042166345203,1011.8783055043102,276.57997770835135,-14.909927006837348,20008.205393148062,219.48960251428576,-3.8076422164703794,0.01191010671708555,4.248347012311862,993.1466590310957,600
914,961.429313876945,2028.7080836897471,276.4293112391073,-14.957962063589214,19944.932159081276,219.34541795490594,-3.8042032826263616,0.011940041629332421,4.248347012311862,993.1466590310957,600
289,567.0801424168911,558.9306118140212,276.6506466292465,-15.00893993929008,19937.731021613232,219.32900227818556,-3.803811205712439,0.011943460242055092,4.248347012311862,993.1466590310957,600
629,855.3879929618471,1299.4477913129822,276.538735944734,-14.970305819589345,19931.267125818238,219.31426616740947,-3.803459148421009,0.011946530909192326,4.248347012311862,993.1466590310957,600
705,1840.005493982441,1444.104319295658,276.51298151073723,-14.82875203767749,19836.7611883161,219.09870243122663,-3.7982987864207307,0.011991648181442643,4.248347012311862,993.1466590310957,600
459,3054.738587122293,917.5324424802509,276.5863840394343,-14.651409640545786,19775.373891419673,218.95856710837046,-3.7949336325872167,0.0120211793524017,4.248347012311862,993.1466590310957,600
343,2327.6116714814675,660.2258978199652,276.6279385711714,-14.755205377664941,19642.43303321296,218.65478099493743,-3.787610076997927,0.012085747998977525,4.248347012311862,993.1466590310957,600
631,1629.6448458739883,1301.220085566943,276.53521012031524,-14.858527002926998,19573.907525896444,218.49802686666882,-3.78381570460596,0.012119363875367958,4.248347012311862,993.1466590310957,600
627,162.09872416584085,1290.5871854020654,276.5429585141299,-15.070431571354348,19315.34762331081,217.9055479836204,-3.7693781956943377,0.012248293846925079,4.248347012311862,993.1466590310957,600
334,866.24078070606,651.5509457813819,276.6355239687212,-14.966101862611918,19110.114965554734,217.43411688207033,-3.7577801234361212,0.012353050786160516,4.248347012311862,993.1466590310957,600
357,103.21567337380226,683.1781992957472,276.6340410047866,-15.076474035602441,18885.381407994253,216.91671587668236,-3.74493627463238,0.012470305647500627,4.248347012311862,993.1466590310957,600
45,631.2292532452826,96.94601186892608,276.7194362222851,-14.997794954750265,18757.984961030423,216.6228639358309,-3.737587332375098,0.012537990827038823,4.248347012311862,993.1466590310957,600
203,2364.337766911261,416.0681035924032,276.6642285542226,-14.74891171418257,18742.6293752215,216.58741790314735,-3.736698167400875,0.01254620976117275,4.248347012311862,993.1466590310957,600
230,1171.9184933656943,452.3753793627842,276.66397814628914,-14.92114722250194,18693.34973638429,216.473624155728,-3.7338397023510694,0.012572675152405994,4.248347012311862,993.1466590310957,600
428,1547.682226405714,849.9180510311626,276.60297039266175,-14.868517288645624,18616.660109008953,216.29641774134876,-3.7293762984238406,0.012614132683667692,4.248347012311862,993.1466590310957,600
521,737.5218089911349,1052.3597589920341,276.57616261998123,-14.986324534094695,18565.493460513593,216.17810638278033,-3.726388116595673,0.012641978550097306,4.248347012311862,993.1466590310957,600
560,227.12880463879435,1129.3053644975603,276.5668042747146,-15.060378327226061,18527.355869125226,216.0898796516309,-3.7241554825936007,0.012662831328713113,4.248347012311862,993.1466590310957,600
778,2399.401072870899,1653.2257748068337,276.47939781093567,-14.748907020386623,18484.780123494682,215.9913432113097,-3.7216575965556724,0.012686209939087156,4.248347012311862,993.1466590310957,600
172,701.92664312013,358.81876444583816,276.6799838581881,-14.98864597480528,18107.909674386494,215.11715387927015,-3.69929267275878,0.012897827422735724,4.248347012311862,993.1466590310957,600
648,1224.9500379382034,1336.0617045083975,276.53171213944717,-14.917088487397553,17950.610918050224,214.75123081552132,-3.689819958112701,0.01298871734008575,4.248347012311862,993.1466590310957,600
523,351.6117868600533,1055.32578678708,276.57734398098575,-15.04208942345528,17705.205165091378,214.17909651462833,-3.6748742831869485,0.01313366566033418,4.248347012311862,993.1466590310957,600
384,1540.1010780394604,757.4959083937638,276.6168088773877,-14.869234988980237,17583.353279636125,213.89444475807971,-3.6673761288102775,0.013207105321758792,4.248347012311862,993.1466590310957,600
174,2712.1204863249864,358.3636958282235,276.67131962092975,-14.698519950333479,17539.511548379844,213.79193569241787,-3.6646656107554727,0.013233772442351674,4.248347012311862,993.1466590310957,600
431,1041.224700498499,858.8422563007338,276.60379810337497,-14.941673957505065,17348.349637353444,213.34439260520662,-3.6527672898002477,0.013351587435887565,4.248347012311862,993.1466590310957,600
522,2803.9314262056228,1055.288527778205,276.56691328136606,-14.6881292562146,17299.91395943443,213.2308471543588,-3.6497317320022193,0.013381842898082004,4.248347012311862,993.1466590310957,600
727,1579.1674325524052,1502.5015579102617,276.50535838790597,-14.866633424039668,17246.662096393702,213.10594152938296,-3.646384510478813,0.013415298532858175,4.248347012311862,993.1466590310957,600
571,639.2918275844866,1157.4479618532678,276.56086785217155,-15.000941589851138,17087.982943487994,212.73331465057157,-3.6363488786759834,0.013516197931608022,4.248347012311862,993.1466590310957,600
573,319.49060332420567,1160.037454181579,276.5618222448997,-15.047156497605963,17085.558978282905,212.7276173819798,-3.63619485385803,0.013517753471524216,4.248347012311862,993.1466590310957,600
745,2379.2652580938443,1546.7750546253062,276.4953728392759,-14.751375960900516,17014.86514954135,212.56139199834112,-3.631693152706834,0.013563310744124221,4.248347012311862,993.1466590310957,600
64,1267.0028547168092,146.4972326031382,276.70927193971545,-14.9061733350009,16993.530558363127,212.51120153322324,-3.630330916081882,0.01357713223348242,4.248347012311862,993.1466590310957,600
468,1920.816973492606,929.336895631508,276.58951083576625,-14.814990871469298,16528.890053378127,211.41516093248663,-3.600231101151935,0.013886803014791024,4.248347012311862,993.1466590310957,600
