RA,DEC,Magnitude
276.7291005049541,-15.106119061160925,15.826336385939895
276.72764476714434,-15.085716888619757,15.05404379642751
276.7273749242865,-15.081958842864651,15.407553094033362
276.7268305240962,-15.078736907691408,15.600491054873082
276.7189136046096,-14.8201925213547,14.092134900132823
276.7267217220072,-15.087929845759367,14.540396209309243
276.7179750401077,-14.797809831994014,14.141884040959878
276.72574416597934,-15.06470154090472,15.760751365042335
276.7266030692413,-15.09616005466299,13.397182240448656
276.7260237776405,-15.083391980556856,15.370193895371305
276.72579693466963,-15.104310135152643,12.89881474957916
276.7253329356611,-15.09316717605997,14.042842276786423
276.7252572514589,-15.096539455343589,13.488093587264391
276.72467016140433,-15.080917703504257,15.506816184705439
276.72498695518493,-15.103075731536418,12.710395111727047
276.7249128043309,-15.09842553981129,13.23068773905539
276.7161242521033,-14.796546839042177,15.612218676368977
276.7243482913882,-15.08985947513583,14.699796252822239
276.7241203415709,-15.087862824537678,15.06378167978098
276.7234601293027,-15.072902297675187,14.425972997682605
276.7197112604505,-14.947652876693956,12.441150625388197
276.7198096645504,-14.961338328200817,12.932718483238776
276.7234745333127,-15.093689233147632,14.166772735961882
276.72302280524883,-15.079363003936017,15.583491470104546
276.7213678084492,-15.020005641664463,15.558881578200674
276.7232415495414,-15.094731135586205,14.019083516812337
276.7202277146571,-14.993531235490485,14.536025838920793
276.7230631568661,-15.103503577514303,12.666888353451261
276.7226291510797,-15.089650125248658,14.909828274510735
276.71168390999736,-14.724337535488162,14.888387790437129
276.72189101490517,-15.095754569413035,13.969399688872887
276.7218297036968,-15.100787587377079,13.121392808195893
276.7131709943158,-14.819711752065274,14.800584156348009
276.72102247245016,-15.099162889864665,13.495990704211225
276.7209704903782,-15.104185644937406,12.717412159455481
276.7203741055699,-15.085675689289234,15.44906559836065
276.7202127058347,-15.097785330885477,13.816951864447734
276.7198952544102,-15.093856630835457,14.544558365421388
276.71872977414324,-15.100334178538095,13.547974183512626
276.71836816726193,-15.096251465227104,14.302282380560811
276.7178922133959,-15.102395609868237,13.341546206359366
276.71666412582357,-15.09013429913915,15.361451518825858
276.7167808880806,-15.099520107650463,13.90670882080851
276.7115099468618,-14.920297228769481,14.179722659551544
276.7158917398933,-15.092227526218203,15.174585454283198
276.7153379791625,-15.098777129703562,14.195147274190283
276.7154406917002,-15.10387142057908,13.335546475014416
276.71457911387114,-15.095716580577525,14.829501029011674
276.7140032376149,-15.077435759038535,13.996261766017989
276.7091463334572,-14.916549496825436,20.773177882163147
276.71449817008056,-15.10179424730506,13.788337803750508
276.7142608345762,-15.097386386970436,14.529357590064361
276.71410333017053,-15.098729986091328,14.338154578836898
276.7066759428734,-14.853449574502884,14.430958950031712
276.713461099259,-15.094386433854837,15.061837618912548
276.71134223610125,-15.031723785454028,14.945530015240582
276.7132264590978,-15.096892323742617,14.748492749256302
276.7128826459362,-15.10074051997028,14.145863878276682
276.71269145158095,-15.09829140450752,14.445728394502183
276.711907620584,-15.09259990836795,13.633816441182288
276.7041712923167,-14.830968143975735,15.247145717475355
276.70018235987743,-14.71636375275853,13.940490360318972
276.702687977587,-14.821008815316386,14.657445807432442
276.71059704234506,-15.10465265519585,13.713484538992756
276.706979381444,-14.99368800656833,14.807757599761167
276.70530208232327,-14.93979824059691,15.206268950838147
276.7095329829266,-15.097676922614578,14.992375936216499
276.70965418927744,-15.105126295127386,13.728816267971299
276.70948321980205,-15.101740050218785,14.312085076849115
276.70114206471675,-14.829963735391093,11.40767850369124
276.708719501388,-15.09931713625248,14.820177174185016
276.70867558207027,-15.10352571629623,14.117633993198956
276.7082249343597,-15.092075787253114,15.444465448757885
276.7072039960696,-15.104121838218296,14.13510763092195
276.70662101926126,-15.094846711427119,15.355760967037206
276.7066721691839,-15.102812481855642,14.43168066188105
276.70059266929326,-14.921364876512692,14.811829584284967
276.7054543877548,-15.097926773644147,15.258480421414873
276.69499493489053,-14.751120392183037,18.55585034673237
276.69957532950286,-14.912591806802617,13.893451455228535
276.70492504784346,-15.105502263088315,14.10340853613468
276.7048824569111,-15.103257112057895,14.574495961609502
276.7042398083254,-15.089956934780165,15.433178572899035
276.70108382349025,-14.991682825071472,15.907383057139418
276.69856962602705,-14.91077774377531,13.120722312378927
276.7015806604847,-15.050209738801822,12.977083053862284
276.6966089376899,-14.910628177956266,15.027206545007969
276.69611222340194,-14.91863272782373,13.765474163043509
276.70158628204007,-15.102224796933493,15.012104065033022
276.70057274632563,-15.077416099159182,15.397307373686385
276.70022335678306,-15.105297392409572,14.68942528070262
276.6983423527609,-15.066136821265548,12.731312704328069
276.6990581937852,-15.103863549077694,14.977333708822679
276.6987355685073,-15.10511205346796,14.835821673438833
276.6974074979391,-15.085950365983333,14.518862609865696
276.6924840307524,-14.918776200095662,13.253734489514681
276.69205528094784,-14.90786123633926,15.278429465861283
276.6943990903637,-15.010516323574585,14.695614654487091
276.6969390396987,-15.10502702843506,14.99251998398966
276.6838057171708,-14.732954178671443,14.777664862701776
276.6945958231013,-15.105909112295572,15.022111551694223
276.68884537050485,-14.936678152865849,14.297437504743074
276.6878357498263,-14.921103498420635,12.2996371275355
276.69050354626495,-15.031620417257155,13.514054907959597
276.69114201439385,-15.095289652878328,15.267053449991867
276.68812363522716,-15.104335699039906,15.319667093553218
276.68574582118106,-15.028883601700912,15.278439170497872
276.6746942582993,-14.710132143152402,12.780297743118624
276.67824550597413,-14.84900111432157,13.751487744100867
276.68273025601593,-15.005638067712367,15.13502659190631
276.67765265372515,-14.842598096554513,13.096411876149599
276.6799802714848,-14.98864316888417,14.819393339510157
276.67245109226536,-14.744657047138924,12.909006353865596
276.6706079682857,-14.743919177925488,13.579258335466491
276.67773938298205,-15.035323767506526,15.389692374771336
276.67915758749973,-15.104668770856726,15.066557455253495
276.6784371092599,-15.094903389315581,14.82667975191325
276.6776738098567,-15.092480099497035,12.913735859870389
276.67620098108597,-15.048173752904413,15.34016319840869
276.6710117425589,-14.900156986686811,13.941068208467811
276.6677086214129,-14.833049687299315,13.291132984229645
276.6641530977873,-14.749018880002149,15.109433101508507
276.673157076074,-15.084589475513246,15.698587101452892
276.6706547921807,-14.994200298428966,14.493548824288903
276.6678287080309,-14.898156304980034,14.582122662859243
276.6689183875612,-14.954816642519551,16.266403464783664
276.66168679037867,-14.724197160986051,14.060551157889599
276.6661589032997,-14.923296013702387,15.582499665067091
276.6709017218143,-15.105543289819705,15.207985747686998
276.66366864883724,-14.915981147595842,14.792206670152275
276.65977780032176,-14.856124169215565,13.473770109453401
276.6624826058661,-14.985349695897725,15.762604725960431
276.6616315929049,-14.96637037674067,15.477435473648187
276.6587036717513,-14.871913440567845,21.11893287870816
276.6629569175576,-15.029466160722825,14.213575755725053
276.6605997623404,-15.011981879492017,15.217513685636732
276.6597134283643,-15.097603240552921,16.51743703695938
276.6562389024671,-14.989496360563658,14.833219659849755
276.6566916084083,-15.014870994154526,15.48604876275824
276.652662390669,-14.882838006433868,15.142798192333231
276.6438506724578,-14.667076081169364,14.199558068431676
276.653090817703,-15.06660096982149,10.874579461003838
276.6491883921664,-14.948163949246444,15.470296949700751
276.65062554024445,-15.008972132528665,15.462648163772608
276.65058005338244,-15.034286234546926,12.069763408897801
276.6380095680441,-14.769577995788666,15.265299956846588
276.64656580989663,-15.102796000530883,11.771276874830557
276.63994883488226,-14.997240184244436,13.771164575570896
276.6355707468623,-14.966153718863955,15.068929768454419
276.6357370763755,-14.992110250467544,15.369279068955128
276.6274698161794,-14.724316842510857,14.653904156292157
276.6278209752474,-14.755286055988133,15.098968261613658
276.6353615515267,-15.023019761543916,15.429563329739745
276.62743990162727,-14.750484145609853,13.670538749458844
276.6321495828655,-14.961956352709775,12.836926322783667
276.63361686904415,-15.057474598103662,14.211991050766047
276.625925543153,-14.90263383918835,13.832772043923278
276.62570842560336,-14.90583532839961,14.169435320662114
276.6241918495681,-14.90270221549863,12.402547123654461
276.6250913266177,-15.001461854305232,13.274823174830125
276.62745194173027,-15.083642210033467,14.94906080796635
276.6241177243329,-14.980792389459427,15.458790237793963
276.6255262409009,-15.043949107119795,14.776741240390182
276.62419241693595,-15.035962666297829,15.075589296553911
276.61807599986264,-14.84319174953484,13.660044926542273
276.62092833629106,-14.949194240226939,21.332882058355814
276.6197291973232,-14.944426590703852,13.69845119191147
276.61681829593715,-14.869300230141024,14.849651876177013
276.6201035723894,-14.993915888402428,14.904361211584424
276.6166857800945,-14.903618732953722,15.709973935377349
276.61445620003326,-14.822905836600224,13.154747909846726
276.6189352281052,-14.986327421661251,15.776039480245414
276.6173690389837,-14.9542013289662,15.754203830827342
276.614843570078,-14.888845944239694,15.142689191223557
276.6159984175842,-15.000637293183711,13.94624887059084
276.61336476582744,-14.950966139223038,13.618891555961397
276.613201674706,-14.947434316143863,15.237754295352438
276.6122805130304,-14.975021486717914,15.449712580876852
276.6135105820526,-15.05929141311691,15.468691707497275
276.6011695509286,-14.661200461962483,20.017028235267432
276.6106733932157,-15.003846093476247,14.889940501301552
276.60729619797183,-14.893481602677682,14.554796424499804
276.6128628760736,-15.096932522358868,15.970577105920764
276.61164580876823,-15.068433440283762,12.811699941641887
276.60267858039555,-14.807743751557414,14.048114927208221
276.6029270899266,-14.85200099540082,15.700949589733044
276.60299821562813,-14.868546038358456,15.108065941708672
276.6061242298634,-15.007582855110119,14.368041857051216
276.60386129963206,-14.941672875845576,15.685717694437582
276.6073625563187,-15.066272425792805,15.488298650920202
276.60708192696995,-15.096021688430419,15.369588010098102
276.5961738436416,-14.725610178233211,12.638743138557409
276.59551203877294,-14.781587769547635,13.812506497582065
276.59506632710674,-14.779098130991718,14.670717577280486
276.5995192502235,-14.939435377822827,15.26103571227564
276.5956073153643,-14.875142301304061,14.520588345302276
276.5948048648716,-14.976437755773034,15.57059426667655
276.586756795712,-14.709518564997474,14.609748057948938
276.5978553726095,-15.095089920112269,14.290509392423829
276.5914288109003,-14.881023349568565,15.421458084229128
276.58950962300156,-14.815000223599844,15.011424577706709
276.5934473762542,-14.97111428544823,13.257071983329475
276.5900090462415,-14.89232712707308,15.07950755048046
276.5893876857801,-14.942568284150983,14.24405561574717
276.58661439844536,-14.846402983277468,14.65459379397428
276.58735353282816,-14.912873049819716,15.63979076043576
276.59025648102863,-15.06383096098142,12.818838283725896
276.5836047103681,-14.884982750567781,14.744881519753065
276.58325479450065,-14.87349710016601,15.845999717712402
276.58565199404103,-15.011662072684699,14.783459322471822
276.58072327822737,-14.929151711167178,14.339593767254915
276.57998572965215,-14.909922437817574,14.931610737682593
276.57609771458357,-14.80767482843933,15.237440940912336
276.5820306230899,-15.050523122233038,14.596516101780795
276.5801247767021,-14.989287330030379,15.63686178890496
276.58083861690767,-15.06523759801258,12.798262368243691
276.5754305232888,-14.898598425668496,12.539936151816825
276.57585607363114,-14.918750213681657,14.855126572364286
276.57624691725323,-14.986344530172222,14.567742061419825
276.5773135032772,-15.042166281873884,14.941746078892997
276.5752437673294,-14.971530495620325,14.84124783675448
276.5745465158247,-14.948763828275412,11.952031257797946
276.57580739281553,-15.020723308212235,15.490266288199415
276.5731056576666,-14.990027601020483,14.132190884655014
276.57069363795483,-14.987101391170755,15.394433989889727
276.56063712637547,-14.662205335702593,18.58491413500753
276.57137282581203,-15.039333291607019,16.057087420472218
276.56674780312557,-14.91926999330715,13.6696660570427
276.56644322145,-14.905228905832724,16.148747187124904
276.57112495374713,-15.070893445421666,13.970405589459876
276.5688820083543,-15.011855645147708,12.53809139768196
276.5693532866776,-15.03246572897484,13.602510127205115
276.56708297393584,-14.992316319412666,12.5613098435054
276.5628002053447,-14.848516833591018,12.28447957875393
276.56677779350474,-15.004481400460385,13.757224946017482
276.56552949261544,-14.975907431272454,15.859148396301599
276.5560533200558,-14.688342393246604,14.67330859241144
276.56682406737286,-15.060402833492612,14.764332109015394
276.5660884429951,-15.105938894786902,15.959762403286454
276.56057223515154,-14.938981757555077,14.720286163415615
276.5624832054633,-15.02792922981574,14.678710941451788
276.56194514320117,-15.017501086084287,14.132687983416897
276.5609307229996,-15.0009632811315,14.820986295947483
276.56113258517536,-15.014631117612138,12.712843551073739
276.56184273256827,-15.047205318705272,14.908992365963039
276.5554336861499,-14.902564059331493,14.289922469563859
276.5596697031749,-15.056343120610046,16.1793633943829
276.55664112840134,-15.006532605769525,14.260207117686468
276.55591832627783,-15.003184602668107,15.24386113069711
276.55546268575523,-14.989225047495886,14.686014336006979
276.5498102341373,-14.853522301353653,13.928732831331981
276.5478859470548,-14.803534650309174,14.597252067472255
276.55332834538956,-15.005288315237848,15.168274129167035
276.5528133032835,-15.00057493287065,15.466612932396561
276.5519478449759,-14.982222939024489,15.30811928458234
276.5424208710475,-14.751595711185173,14.256350531457713
276.5449425565468,-14.90753342654031,13.82924264004074
276.54608769798875,-14.972872181944764,15.531414205596768
276.5390955363995,-14.75588102364591,13.787329567482166
276.5440762312631,-14.93870229017351,15.869194096876061
276.53510350904656,-14.662874284488922,18.42177563551506
276.5455693618738,-15.046925826384328,18.937551577281365
276.54036889117486,-14.913033536734314,15.067611038253979
276.53705284725703,-14.827597965227017,13.274328374500374
276.53956280516365,-14.940369008448322,15.943387245766202
276.54298397966625,-15.07043837478786,14.627955471079423
276.5406645683816,-15.024304689645573,14.207636098652067
276.53878753412954,-14.970320347477392,14.736363220794825
276.538832918408,-14.977674589600138,15.618812206736779
276.53517209393215,-14.858535354456096,14.692760544915984
276.53532906201104,-14.868996435430999,13.529823741137523
276.5308399345063,-14.7936265352171,8.828922273039694
276.5277507532159,-14.712803987040576,12.89776098142475
276.5320003584996,-14.902411271943745,13.06326319851191
276.5317799610696,-14.917032284210238,15.367955322695165
276.5367069376713,-15.093162043162629,15.250637140452435
276.5248945071233,-14.691479106958086,13.478915215453263
276.5309156549427,-14.918491222935122,15.67324656042878
276.5291817669997,-14.878640477227673,14.311628337260114
276.5303397488278,-14.93090200625866,16.7900516879089
276.52467592545776,-14.790282532816214,14.01627978807428
276.5248650761741,-14.801271978509511,15.145373075426097
276.5295978651458,-14.982342103982244,14.96743344744872
276.52560698945524,-14.85941694326606,11.118256261068439
276.52839678619125,-14.963166065680321,13.821517609769836
276.5267867896074,-14.939886747739742,15.360230961791286
276.5281804373715,-15.00447000883384,16.317457993264277
276.5283407647264,-15.052475075620649,15.302427700827607
276.52653719138794,-15.030798152036274,15.523475910423818
276.5279256429307,-15.09977267108748,15.579540817839002
276.5214061906316,-14.915332627034244,15.541331940290238
276.5243419257028,-15.028568337274946,13.126621154869014
276.52425621750274,-15.050927149323137,15.3011815576286
276.5125044109081,-14.675187973443924,15.008898189806652
276.5146840428227,-14.800560753011043,14.254198118785148
276.5202301077901,-15.018502280174829,14.290273798118587
276.5129684171059,-14.828762682418674,14.745047255588084
276.5111632001438,-14.789807722576612,14.931511005695786
276.50795229033935,-14.724399638686883,13.367351744858418
276.5163850366434,-15.026763489779983,15.605321491270718
276.51332820178857,-14.940283565687574,15.680518576376983
276.5087304504355,-14.807968664137212,13.816434703100612
276.5169761215125,-15.111654544433723,15.631453461606348
276.5124186378205,-15.06499425929708,15.119011581368916
276.50590882333745,-14.873676316118003,15.47859801171789
276.50535420310194,-14.866635527137447,15.003912189421609
276.5097173934257,-15.058082550936156,17.40809143690887
276.5077893486407,-14.999012044724061,12.684503958221745
276.51027259824605,-15.0950419391224,14.77540569744876
276.51007259113726,-15.1035341765454,14.643659494769748
276.5033965332093,-14.956299317786913,14.423959295160174
276.50559254462877,-15.052675616822324,15.702584499262267
276.5049677804325,-15.06672097112488,15.601862983029637
276.50159709050786,-14.978360390818507,13.460370118894609
276.50288070469475,-15.03442163378133,15.010654557417386
276.50007692137234,-14.99517671397756,15.784860545099201
276.4995590387964,-14.99192071006362,15.642046727377705
276.49761013679614,-14.982725492561078,13.307997584639594
276.49245466517124,-14.814578535362719,14.272109382784055
276.49880940466943,-15.045417410348918,15.997876087099549
276.4855486550304,-14.691289801830422,15.393567201592909
276.49174009043793,-14.902788856467941,15.70524306517128
276.495973943435,-15.053945926716633,15.080084488755649
276.49607934236354,-15.070009857087031,11.378045602352818
276.4944447371009,-15.03542369318341,14.497598826465692
276.4901207196795,-14.910501650840036,16.28510399321494
276.4903803076648,-15.050411648576581,12.581728985427155
276.4897487333796,-15.027250158660886,12.766889115263236
276.48356498373437,-14.863092860021913,13.67187335642292
276.4899531846071,-15.093393779939982,14.115529571951246
276.4830534396637,-14.883364164883066,14.594573366541216
276.48206668933517,-14.854186859951062,16.072191794637206
276.48575846940673,-15.0562453556814,14.896475719384311
276.48656340740183,-15.09009276832804,15.706243346403655
276.4793238047926,-14.879108172136293,22.281000297177584
276.48479689906645,-15.076568469902398,15.424684976437051
276.47818618275596,-14.90787825122222,13.639810710387467
276.4803562503187,-15.010900399609389,15.49548025998047
276.4786093754215,-14.961270163511735,15.172364006608369
276.47561705227196,-14.923655348279363,15.30019439141959
276.469625554197,-14.745486682611345,13.347613021417573
276.47691824298505,-15.003303545382119,15.04059744404514
276.47104376986476,-14.850949137953073,14.47678945112609
276.4746269839652,-14.997593337394548,14.207952153260996
276.46865291698066,-14.864972245918056,14.637277052448313
276.46888660428215,-14.907009265120221,13.724967765484925
276.4691187779252,-14.915063183606685,15.061075848174095
276.4726139468435,-15.048931713637916,14.290119618559196
276.46793965827726,-14.963500006567484,15.315399182786843
276.46728012527086,-14.974807003157759,15.78107243546563
276.4612687675986,-14.792237202381793,18.79421510669664
276.4700201768235,-15.110351148298355,14.805262408782237
276.4672861599886,-15.017629355870382,15.923418160297459
276.4695354986939,-15.107088685798635,14.41523746848915
276.46814944238685,-15.058282709003969,15.197565959294971
276.4558749674743,-14.706929209865645,15.187608823237582
276.46697369550634,-15.11181161990321,14.65309144505963
276.4659544661037,-15.104474699703356,13.834094145697271
276.45801180229176,-14.822212928902244,12.529057812611292
276.4635861470211,-15.104621360260262,15.08934828278511
276.4632412937336,-15.111918950017714,14.629385916712602
276.46007167682524,-15.000828723601225,14.877715553787084
276.4611118756235,-15.112034446116317,14.588216259405383
276.4610070227904,-15.108828435674889,14.67989308692637
276.4600491136874,-15.109584030511195,14.649947483038957
276.45857583993893,-15.065021224420512,15.701537014740849
276.45565352845193,-14.961895816795638,15.037303951558243
276.45433842631945,-14.919336150625327,12.33635042967389
276.45180546447136,-14.835091718061765,14.884043241588051
276.44923426603765,-14.746967401783191,18.40184146161735
276.45940243262197,-15.112060275302753,14.605551967464164
276.4588215665447,-15.109218662029658,14.62660531924035
276.4556108963741,-15.02520616310454,14.61471049859096
276.4556401685334,-15.06476941278451,14.182023774957132
276.4569090893855,-15.111902506238698,14.577707712959468
276.45017801095025,-14.929715757055867,15.588134583103479
276.45454188476793,-15.103044460420396,14.896808905624976
276.4519850336524,-15.009280170212179,15.302472317471237
276.4437932715142,-14.731056636454912,13.86055079463613
276.45326018799483,-15.10503651564449,14.713989086220007
276.441811769316,-14.723541237144563,14.887449431094307
276.4519269735098,-15.111815353218347,14.578892224691796
276.4399107541072,-14.700601983299823,17.718256725670457
276.4418487300624,-14.799656595540242,15.193834337690063
276.45041921817983,-15.109218105354417,14.60264081718109
276.44476452660695,-14.917201994923818,15.040532929822964
276.44915081739043,-15.084758399086494,16.08857959561386
276.44962752189923,-15.108254680760949,14.618079983395635
276.4478224563681,-15.052225062561664,15.516695704149937
276.43894094230535,-14.741354817202513,20.768116175006263
276.4424805477098,-14.872508786954135,13.67283828585832
276.4484954841529,-15.106881699374558,14.594368813746257
276.44847400185955,-15.10873913588272,14.59135287089854
276.44628031953306,-15.050329083664971,14.583755864482796
276.44715370635674,-15.11069801343852,14.60995114290689
276.43373061545947,-14.678963207152151,14.619874536571327
276.43961479548926,-14.883271708523003,13.090951185732191
276.44581193112174,-15.110481321031513,14.603174734293033
276.4458276967379,-15.107552233724853,14.602913418286501
276.44433327054014,-15.106321652202144,14.105059430778356
276.44433544298704,-15.110923671671154,14.578244624608171
276.43788495861014,-14.905532287682723,12.351450894154963
276.4360829987597,-14.875046738356653,15.208979450575429
276.4338140057343,-14.7965871974142,14.619963180580068
276.430257154528,-14.686078878485493,13.757739895655122
276.43806380180104,-14.964166181360325,15.064878190647715
276.44125225014955,-15.110462907901493,14.548779106693711
276.44066198954005,-15.105272180748416,14.594190072483718
276.43980231512495,-15.100461540430283,14.655477794900918
276.4333217911028,-14.879936733489206,14.5792515906858
276.43972937085795,-15.109030254553753,14.554226299687738
276.4392580252008,-15.104117451506225,14.620653899317281
276.4390820492967,-15.106701807062457,14.610804138134817
276.439097085147,-15.105161945671798,14.633832224635727
276.43454856660475,-14.961757711951098,12.88994070896669
276.4381954355732,-15.110971268352776,14.44877500571009
276.43760382792965,-15.108068943605168,14.556166116729472
276.43740160782676,-15.10672423766615,14.6008952430743
276.4373223263769,-15.112143270057732,14.22687082858493
276.4323357351424,-14.948026748642409,14.730631138617806
276.42786190038663,-14.792529168293033,12.352222201957915
276.42718010865525,-14.77587613482455,13.945188994219984
276.43586948507226,-15.100456018499386,14.642344696134396
276.43585948824926,-15.103072294474577,14.625935790770196
276.4357343253662,-15.111983153255473,14.212062075891764
276.435304418299,-15.098984374690266,14.62766575808142
276.4348548024184,-15.1020915608999,14.606643191071704
276.4293013047011,-14.948648839018308,15.49137261766842
276.4292866562925,-14.957928217551787,14.713611543513055
276.4332581846199,-15.103053220213582,14.637620590583175
276.4327279453919,-15.104170005293339,14.609902225034244
276.4325711629881,-15.105386729632357,14.559989273321573
276.42641218015444,-14.90019311294546,18.934747604215282
276.43190588385403,-15.100304887753508,13.04855741653217
276.4316972544673,-15.109765036527609,14.295192387108198
276.43098161450587,-15.095733693891175,14.672937355363958
276.4307798694673,-15.10764532669488,14.415575832243709
276.4304233390844,-15.109784379418103,14.194598782955886
276.42989254563446,-15.106295891586322,14.471460398447917
276.42927013338675,-15.103790514460284,14.578964431441424
276.4285872291194,-15.111705180336903,13.863837310584163
276.4285161929611,-15.106691914939777,14.375067058739162
276.4210902925019,-14.847802992225143,13.350225109936858
276.42781117489534,-15.11015683926176,14.028046429593156
276.42783709176183,-15.108547536330528,14.204874588100758
276.4269984867213,-15.107144479532824,14.288927071394633
276.4266942028803,-15.11314592093822,13.535504626081682
276.4256184475648,-15.103465032449863,14.474847735280049
276.4256691638278,-15.100260747253499,14.631424667479338
276.42583516118856,-15.112512152335801,13.560426223393728
276.4255829418849,-15.109608856135965,13.929529917803677
276.42290834205204,-15.022360110463543,14.18492432961577
276.4244010834594,-15.10177646076995,14.513131628291523
276.42436218732325,-15.097461090097097,14.653887302115512
276.42409901281815,-15.111929626685795,13.516006366152785
276.42345672746563,-15.10636432080497,13.075721504026466
276.42288357683873,-15.094815968346811,14.671481332218349
276.42276512195906,-15.091719632130628,14.690355773987628
276.4208030157061,-15.019565473723377,15.017413580415239
276.4231440365285,-15.108346766967502,13.901367372643968
276.42295693946255,-15.101318391866831,14.481463973195304
276.41209507147323,-14.75171072604539,11.66208007243513
276.4213408265727,-15.108394732401424,13.781225826834838
276.4212013808127,-15.102306692007284,14.42797990133125
276.4134070837024,-14.834565725744048,12.095330979730115
276.42049040661556,-15.08720653070204,14.746369744799932
276.41967605164797,-15.101259635966782,14.251039438080872
276.4191291056937,-15.099818285044366,14.488715305698452
276.4192358668758,-15.108651229718353,13.193796631230448
276.4188013299026,-15.097134887805764,14.610290675293081
276.4072635114156,-14.698929754742785,14.058916439588598
276.4183271715223,-15.114332628985165,13.549088814225223
