RA,DEC,Fluxo,Mag_Inst,Mag_B_Calibrada
276.7157671497309,-14.657008556249917,5966.960512193729,-3.4445328878316466,15.291593243139035
276.71894478277045,-14.82017573435179,17549.96417942251,-4.6158405642710925,14.12028556669959
276.71798959303345,-14.797783523207459,15801.946065000797,-4.501926416156374,14.234199714814308
276.71445609767653,-14.681826212803255,55.039675543543126,1.6431603589595747,20.379286489930255
276.72435388033244,-15.030083714522803,1504.1061705808897,-1.9483462106976954,16.787779920272985
276.7183766871777,-14.830821654394882,189.23748118151707,0.3023321246793817,19.038458255650063
276.7125164552853,-14.673383461734272,26.972173663481954,2.4175601535070577,21.15368628447774
276.72137889155755,-14.969667327993687,1011.4412153889571,-1.5175015953107045,17.218624535659977
276.7192972407099,-14.919734837205496,4714.158782887913,-3.188660494309704,15.547465636660977
276.72345939920723,-15.07289478938887,7982.74010186972,-3.7605299532070298,14.975596177763652
276.7114433760131,-14.662252512619746,393.8793424830692,-0.4935579889815752,18.242568141989107
276.7222062249184,-15.030024388219948,3287.2251711967037,-2.7972236127701358,15.938902518200546
276.7197232906167,-14.947650596024612,82815.3179559138,-6.300426662324632,12.43569946864605
276.71460762892576,-14.776389389411362,2886.177428020863,-2.655957542997581,16.080168587973102
276.7198218085113,-14.961338931287756,52606.45004298316,-5.807747468283191,12.928378662687491
276.72139483317375,-15.02001955763271,5177.961844785539,-3.290547093055187,15.445579037915495
276.7202379239684,-14.993537383294978,12412.472798516326,-4.239795752729617,14.496330378241066
276.7235022941639,-15.10210081096356,16065.151888139284,-4.519862068191086,14.216264062779596
276.7176306586006,-14.913371824605356,4209.022759911451,-3.0656031637265664,15.670522967244116
276.71456813372805,-14.816467878173022,3434.303279720887,-2.844746589841511,15.89137954112917
276.71173013612423,-14.724351547920138,7727.962877588216,-3.7253125463567063,15.010813584613976
276.7193402171167,-14.997754525118722,4576.066258815859,-3.1563807387339073,15.579745392236774
276.7144390130044,-14.830747883919127,1870.6368825894824,-2.1851237105752968,16.551002420395385
276.722296307843,-15.099717037491423,429.9374747585971,-0.588663231561098,18.147462899409582
276.72221925284384,-15.103748574102156,2917.9781162009895,-2.667855054608286,16.068271076362397
276.71319388016275,-14.819696451330287,8712.579422791561,-3.8555168535665327,14.88060927740415
276.70853428372874,-14.66412832108642,155.2903762285241,0.5169886663309053,19.25311479730159
276.712180304478,-14.82213350063242,1802.6173022486328,-2.1449088165305037,16.59121731444018
276.7169449186978,-14.988361229504434,1452.2177670652527,-1.9102293428241592,16.825896788146522
276.708673491635,-14.706686815664145,3152.5365332025904,-2.751800298570974,15.984325832399708
276.7069896141039,-14.660268955617324,140.7638420594085,0.6236222413896328,19.359748372360315
276.7150684971042,-14.976974833182156,1779.246700962016,-2.13074040142228,16.605385729548402
276.71387287491564,-14.941681357202427,2928.6159417390154,-2.6718060335740117,16.06432009739667
276.71139010942494,-14.866043156274936,3044.7201804627184,-2.714018442692039,16.022107688278645
276.7091952669655,-14.790990650265972,49.46526397849084,1.759099193943753,20.495225324914436
276.7134770135177,-14.978888494245538,1095.5283549455053,-1.6042090349261684,17.131917096044514
276.71151792332745,-14.920291295186402,16662.23806797657,-4.559483316628779,14.176642814341903
276.7159994822475,-15.0915327981481,96.42157326873712,1.034414488184206,19.770540619154886
276.705583927688,-14.760088937698022,3983.5383140620906,-3.0058224748413647,15.730303656129317
276.7147070429312,-15.084784996398998,110.7324334576333,0.88416291147435,19.62028904244503
276.7075803620584,-14.845838879452852,3570.592479819483,-2.887000693227045,15.849125437743638
276.70922141067877,-14.906169753081523,3680.3353809730907,-2.9198684702952598,15.816257660675422
276.7140065917028,-15.077433433929258,14595.93086784309,-4.415729472583399,14.320396658387283
276.70910437774813,-14.916537846806639,146.47581133522908,0.5804352410293886,19.31656137200007
276.70669265811455,-14.853457136963877,12988.734318666684,-4.28906706208415,14.447059068886531
276.7019267243681,-14.69509847304967,3891.8121424921846,-2.9805296501626577,15.755596480808023
276.7124301621644,-15.060586492504628,4613.635864137112,-3.165258264339313,15.57086786663137
276.71135021392,-15.031734821772938,8948.555435584945,-3.8845323104674145,14.851593820503268
276.70735961769503,-14.900384552699041,1942.6380315401111,-2.2261296952731287,16.509996435697552
276.7096866476544,-14.999301024766279,1824.5249029302358,-2.1580244668801187,16.578101664090564
276.70980223256345,-15.009024017952738,3285.4050779520403,-2.7966222884578373,15.939503842512845
276.707548865809,-14.930674851833857,1727.5628245919725,-2.0987346030628524,16.63739152790783
276.7041580607213,-14.830932111683504,3806.317263218538,-2.956412439985786,15.779713690984895
276.7001840382078,-14.716330386889094,18323.487704122083,-4.662670331028852,14.07345579994183
276.71033578843986,-15.068850974583642,1982.4084804890808,-2.248132845549965,16.487993285420718
276.70545594386914,-14.905143034061016,2017.5272148383592,-2.2671984826222875,16.468927648348394
276.7026937273954,-14.821014710490607,10405.058232809555,-4.048261266122727,14.687864864847956
276.70941011134545,-15.06269317123929,937.8876376531334,-1.4355270069162591,17.300599124054422
276.70772822820584,-15.006686437109208,2729.312102965174,-2.5952829809660205,16.140843150004663
276.70298156278824,-14.845969891693766,5351.954769613883,-3.3264310644952433,15.40969506647544
276.70969885833154,-15.079175512323369,851.3180789137623,-1.3303796191516963,17.405746511818986
276.70877817432336,-15.051196647280047,4321.006854132582,-3.094112366332185,15.642013764638497
276.70697017283635,-14.99369208935157,9607.693776183543,-3.9616978594378867,14.774428271532795
276.70529183966727,-14.939812224726408,6809.905469534395,-3.5880026867565955,15.148123444214086
276.708460299912,-15.077128088865463,1245.1830571799146,-1.7432329851704438,16.992893145800238
276.7011487063441,-14.82995491935702,208604.93652776454,-7.3034614322350695,11.432664698735612
276.70896210796803,-15.097744613849917,228.36686425980588,0.09826730025326763,18.83439343122395
276.70071736799997,-14.852916877493294,3099.0353573545435,-2.7332163063143513,16.00290982465633
276.7056620454263,-15.026506945108597,2314.268004544574,-2.4161841061676976,16.319942024802984
276.70379891868777,-14.962329030739154,1589.4661848183532,-2.0082782106407997,16.727847920329882
276.70602986644207,-15.103309500561444,103.70397063234122,0.955361559089783,19.691487690060466
276.7006040394482,-14.921351051606708,9347.550888800302,-3.931894573734707,14.804231557235974
276.69924969995566,-14.880137524173698,1238.5246264680172,-1.7374115943060926,16.99871453666459
276.6949477534875,-14.751122631254216,431.7759616515177,-0.5932961285916003,18.142830002379082
276.69198522496794,-14.660744580767158,208.81594757666244,0.19544086343995792,18.93156699441064
276.7011106194409,-14.991712164267113,3638.263127062215,-2.907385240769935,15.828740890200747
276.6985728390947,-14.910774837101384,41593.94141545258,-5.552725167779843,13.183400963190838
276.7015933633048,-15.050208897222342,49993.71767264352,-5.752438561583725,12.983687569386957
276.69612400245467,-14.918633013190098,24194.066505409734,-4.964422153610014,13.771703977360668
276.7005768195152,-15.07738142054401,3455.4501059094328,-2.851411544484522,15.88471458648616
276.6944391076181,-14.908024645706941,3731.705408006019,-2.934918358123401,15.801207772847281
276.6907026977819,-14.785122502295359,0.01536558588850312,10.52847721037925,29.264603341349932
276.69039166997777,-14.775571148632656,2005.2502468558596,-2.2605714245095045,16.47555470646118
276.6926459182342,-14.865222589925137,3295.03930844945,-2.7998014781039005,15.936324652866782
276.69835636160917,-15.066138113338528,62114.92545942309,-5.988139899285784,12.747986231684898
276.6925922432113,-14.873651658604654,1609.105182000596,-2.0216110619507086,16.714515069019974
276.69528975031864,-14.987346024750732,2138.3840730673983,-2.3303642560320386,16.405761874938644
276.6924939110812,-14.91877526032059,39299.220032726844,-5.491109805985941,13.245016324984741
276.6917666493427,-14.895694693666503,2195.668966497331,-2.359067137368246,16.377058993602436
276.6892355077529,-14.806737207301559,841.3813702122934,-1.3176322075188664,17.418493923451816
276.69475442770283,-15.000244655743943,3823.908037317211,-2.9614185763429246,15.774707554627756
276.6920431604989,-14.907825374559206,5993.860112343624,-3.4494164856939125,15.286709645276769
276.69440368365326,-15.01051026769735,10759.911276085928,-4.084671703935526,14.651454427035155
276.692705775299,-14.956817105809545,3275.5261318715493,-2.7933526496863337,15.942773481284348
276.6915185543611,-14.912854793974274,1660.2554359289206,-2.055587255468469,16.68053887550221
276.6904355825742,-14.890546116565599,1283.6617614886854,-1.7762764892283172,16.959849641742366
276.69590546047294,-15.092750168161261,47.98176875343779,1.792159388335279,20.52828551930596
276.691174058868,-14.971263645789145,2651.5942424788736,-2.563917646680272,16.172208484290408
276.685750944648,-14.79229332400875,129.29277622098743,0.7159143694753067,19.45204050044599
276.6838450632152,-14.73286464057702,8977.235576622996,-3.8880065330589124,14.848119597911769
276.6826488351002,-14.698331904776946,3122.072435984366,-2.7412574158656913,15.99486871510499
276.69284021619893,-15.050197923903385,160.6531964935566,0.48012659400914504,19.216252724979828
276.6885893214271,-14.90920792779768,2160.797806046794,-2.341685303873151,16.39444082709753
276.6908797806577,-14.998462454906937,2529.8133902970003,-2.512871195732508,16.223254935238174
276.688846270566,-14.936670872840383,14974.851830435335,-4.443556313144786,14.292569817825896
276.68522796876937,-14.8138751917635,1692.1560956105313,-2.0762510351475147,16.659875095823168
276.6893091991184,-14.962666699164929,1583.8964125584607,-2.004466916205295,16.731659214765386
276.69313531466946,-15.096333953147838,5041.257548542533,-3.261497191590764,15.474628939379919
276.6878413359821,-14.921100608511127,94732.09606504656,-6.446392845107965,12.289733285862717
276.68808398466047,-14.939980696094548,2589.92660855555,-2.538368622161121,16.19775750880956
276.68667552196877,-14.898690000342873,2354.0014444342596,-2.434666790805136,16.301459340165547
276.6905035689618,-15.031626506990882,31565.852373783644,-5.253193781045794,13.482932349924887
276.6859268739501,-14.881151610837561,2686.0412363749783,-2.5779316676109154,16.158194463359767
276.6838284454739,-14.805704616265142,1908.9006784653175,-2.2071083091042363,16.529017821866447
276.6902427143977,-15.037311771137228,4275.70965008004,-3.082670493253081,15.6534556377176
276.6909999059848,-15.081063703116198,2772.614357089842,-2.61237364772534,16.12375248324534
276.68875734604546,-15.04915655960801,881.8182699454264,-1.368597709596377,17.367528421374306
276.6792178194623,-14.724624361255765,2559.165760774733,-2.5253960199803456,16.210730110990337
276.68465968171586,-14.91856503076567,1476.9670407113808,-1.9285769881013266,16.807549142869355
276.6781634562356,-14.721919847512348,2230.880477298546,-2.3763407356742743,16.359785395296406
276.6880948549465,-15.070671029044934,3648.959320969894,-2.910572532883364,15.825553598087318
276.6818165965584,-14.864891683954223,2032.8226153112337,-2.2753986873934196,16.460727443577262
276.6848297496322,-14.977851285081444,2081.091620919491,-2.3008779798867596,16.435248151083922
276.68557958396633,-15.026363401138113,1702.1888786976633,-2.082669350101605,16.653456780869078
276.6857622833022,-15.028901766317386,6450.00358450559,-3.5290498682920157,15.207076262678665
276.67634659437056,-14.72355169378367,4678.940568032427,-3.180518800351708,15.555607330618974
276.68399802929855,-15.020191848439705,1956.319369376608,-2.2337493654865774,16.502376765484104
276.6747216065919,-14.71012378971928,53587.38116997603,-5.8278063119991375,12.908319818971545
276.683341324082,-15.012123345298567,2464.1148455347575,-2.4843023413728007,16.251823789597882
276.6782340345363,-14.848993974137677,24516.443964690203,-4.9787936716359,13.757332459334782
276.6827027606491,-15.00565223243601,6960.046409744689,-3.611680317083677,15.124445813887005
276.6807587014615,-14.940411293590314,2097.4012912986,-2.3093538059417527,16.426772325028928
276.68497200800175,-15.087339664255088,4935.4374253466885,-3.238464103354575,15.497662027616107
276.6805365868191,-14.94427250589955,877.1784751112646,-1.3628698935197328,17.37325623745095
276.6776646785507,-14.842590466976668,44841.61263976641,-5.634353035181112,13.10177309578957
276.6801559012153,-14.951464554422532,2703.233262540125,-2.584858785003907,16.151267345966776
276.67692421858885,-14.85814912455607,1552.4671552894797,-1.9827060303489732,16.75342010062171
276.6827251805949,-15.06010260508839,1356.387002381307,-1.8361090270354814,16.900017103935202
276.6785884545485,-14.921754380696752,1656.5396597922518,-2.0531545731641945,16.68297155780649
276.67272317286967,-14.734234738251628,4313.472912884994,-3.092217666228971,15.643908464741711
276.6769560212331,-14.881265796326764,1580.0383473446927,-2.0018190467156116,16.73430708425507
276.6799603519618,-14.988659725812282,9526.614523156648,-3.9524964599445234,14.783629671026159
276.6795662808761,-14.98448413066665,2176.813560914845,-2.3497030640907406,16.386423066879942
276.67688747611487,-14.896677063382377,2335.099227037026,-2.4259133285185057,16.310212802452178
276.6724632327155,-14.744633475798702,45595.93919620675,-5.652465392919033,13.083660738051648
276.6712422514982,-14.698558831740144,5107.058399537076,-3.2755770384921834,15.460549092478498
276.6770811278204,-14.92366666252013,1430.9383222078905,-1.8942022651965535,16.841923865774127
276.6769179100931,-14.91946797453843,1507.55135366373,-1.9508302658112702,16.785295865159412
276.6740620213464,-14.825483211031726,1528.757071119595,-1.9659961754113309,16.77012995555935
276.6698460603494,-14.710083452976951,1909.8600944296777,-2.2076538644462937,16.52847226652439
276.68041280566507,-15.083806031991887,2919.0446545151062,-2.6682518251263296,16.067874305844352
276.6692942519356,-14.723524942840472,4487.961860571042,-3.1352728722167282,15.600853258753954
276.6699176309747,-14.752777556343482,1717.12026723702,-2.092151763933617,16.643974367037064
276.67775222665347,-15.035320221319402,5958.899320458666,-3.4430650978062656,15.293061033164417
276.67577737323586,-15.008292359789278,2254.4355553866844,-2.387744541343019,16.348381589627664
276.6784386276443,-15.094872913633802,4145.656056848318,-3.0491331486617974,15.686992982308885
276.6747246843364,-14.983007090654388,1381.5414717000094,-1.856059794032007,16.880066336938675
276.6718378954372,-14.887699974824944,2136.183200124884,-2.3292462164765952,16.406879914494088
276.6776872273026,-15.092472606789707,51905.97990090544,-5.793193463902617,12.942932667068064
276.67484630937884,-14.999269885877776,2233.5869447407094,-2.37765713459542,16.35846899637526
276.669825885408,-14.828672851998226,3670.645160885586,-2.91700598717064,15.819120143800042
276.67623655390815,-15.048179887445956,6252.629470374042,-3.49530671140817,15.240819419562513
276.67266259857246,-14.934011331229632,2106.7849926652198,-2.314200518498607,16.421925612472073
276.6740910032281,-14.985197683918972,720.877112429007,-1.149803070969222,17.58632306000146
276.67310310415195,-14.964666790199502,2962.2289975408057,-2.684196550754621,16.05192958021606
276.6710172372628,-14.9001565156286,19163.800876874004,-4.711354102408099,14.024772028562584
276.6726293171394,-14.980801165885184,4449.737520404073,-3.1259859626249535,15.610140168345728
276.6631770982928,-14.669331402773166,1389.9866768436113,-1.862676572118756,16.873449558851927
276.6701304583797,-14.91450989880756,2359.5754599533466,-2.437234655252345,16.298891475718335
276.6677194665412,-14.833044082249158,37528.71772256042,-5.441059292661299,13.295066838309383
276.6716131831218,-14.983584099494522,1408.2197284746653,-1.8768260390191172,16.859300091951564
276.67324694159356,-15.04609873299322,978.0348864737607,-1.4810358441560523,17.255090286814628
276.66818054551266,-14.881492154724759,3253.323384701529,-2.785968065521623,15.95015806544906
276.6656169492304,-14.797832558137113,2289.008170004796,-2.404268335259286,16.331857795711397
276.66414787808975,-14.748973078560587,6673.310458410269,-3.5660033026744964,15.170122828296186
276.670636498028,-14.99420298359248,12917.046632101112,-4.283058046910008,14.453068084060675
276.66782756507035,-14.89814307419658,11596.48023792066,-4.165965458885598,14.570160672085084
276.67315779857154,-15.084583773349745,4405.18761679712,-3.11506100264441,15.621065128326272
276.66593491000543,-14.843364342458601,1402.390452870146,-1.8723223446339259,16.863803786336756
276.66114371439244,-14.676206492189445,3737.797393246816,-2.9366893703520125,15.799436760618669
276.6715938529376,-15.041197555224228,1382.7984759207466,-1.8570472088304135,16.87907892214027
276.6689254434968,-14.95478154225113,2642.0025924572183,-2.5599830768921343,16.176143054078548
276.66168145659765,-14.724164741302204,16839.483360524784,-4.570971886087191,14.16515424488349
276.6707897240744,-15.044753873272866,1285.9088194128854,-1.7781754156734846,16.957950715297198
276.6634452697227,-14.80096057417139,3892.4037120810463,-2.9806946734696926,15.75543145750099
276.6692572782757,-15.003087829284967,2237.9187961405332,-2.379760788103799,16.356365342866884
276.66664635796803,-14.929373627719624,1721.5476315166452,-2.0949475863205205,16.64117854465016
276.6661449138778,-14.923302119965985,4331.297242692432,-3.0966949507081614,15.63943118026252
276.66438043648856,-14.870574818713957,2909.51780816495,-2.6647025275843648,16.071423603386318
276.6593180049017,-14.691877349671431,2538.113360326024,-2.5164275162790894,16.21969861469159
276.6662458255859,-14.93272835854512,3473.8196836747447,-2.857168157511352,15.878957973459329
276.6682120772702,-15.01007384659129,4869.599197333948,-3.2238830212181684,15.512243109752514
276.66922321015124,-15.068832958817202,3084.9698107014046,-2.7282772743565546,16.007848856614128
276.6640020141205,-14.921102510149003,4521.450112499864,-3.1433443368393243,15.592781794131358
276.6636777668115,-14.91597944558631,9596.199368124217,-3.960398133764677,14.775727997206005
276.6676065771191,-15.055150306708718,845.2577030515822,-1.322622821553737,17.413503309416946
276.6560962084681,-14.669735298475137,3536.7246064992432,-2.8766530883217847,15.859473042648897
276.6680290321447,-15.077944966956851,3827.8319708000126,-2.962532141889136,15.773593989081546
276.6634127252972,-14.922935358915579,2769.1502800276576,-2.6110162914972705,16.12510983947341
276.66747248305273,-15.067317527152913,1793.6986522292937,-2.139523682856313,16.596602448114368
276.6644819369361,-15.002520479560875,1877.5409192392617,-2.1891235053681606,16.54700262560252
276.66306919699707,-14.967931795292712,2757.2358645853237,-2.6063347756177357,16.129791355352946
276.65978587695616,-14.856117555667732,32060.086076105807,-5.270061688393886,13.466064442576796
276.6580840814451,-14.801345650158193,5351.905701200034,-3.326421110076728,15.409705020893954
276.66344337258437,-14.989800770738173,1568.0832124223598,-1.9935727417562705,16.74255338921441
276.66380987579845,-15.01328135050742,3429.250879082436,-2.8431481249185224,15.892978006052159
276.66247461275833,-14.985356310193355,3875.234892940636,-2.975895058081343,15.76023107288934
276.6616393992782,-14.966373976199959,5153.059055760175,-3.2853127774397004,15.450813353530982
276.6629668429031,-15.029476736589883,16739.92929108903,-4.564534026358661,14.17159210461202
276.65361501909484,-14.73801084215197,3922.3205941633496,-2.9890076988355663,15.747118432135116
276.65631906706926,-14.843651939607216,2470.573148443691,-2.4871442707112212,16.248981860259462
276.6624000857956,-15.063537740503714,2820.910191741539,-2.631123128082712,16.10500300288797
276.6605967465763,-15.011962852393857,6808.979850274962,-3.5878551007655632,15.14827103020512
276.6557304366849,-14.895437110261144,1659.6295620935998,-2.0551778835227097,16.680948247447972
276.65685110099844,-14.95994319108595,1955.7025055916092,-2.2334069587354226,16.50271917223526
276.6499469498172,-14.72778004907,1086.5032915096526,-1.5952275941520466,17.140898536818636
276.6562401947565,-14.989482847236493,8937.130347563601,-3.883145208676079,14.852980922294602
276.6567206909259,-15.014875840529934,5274.761959726435,-3.3106571420783975,15.425468988892284
276.6526907297254,-14.882819322921186,6858.769916677964,-3.595765564124406,15.140360566846276
276.6581326820604,-15.07197372992766,1173.515894379736,-1.6788724187266635,17.05725371224402
276.65438945838946,-14.953502471354884,1116.0412312478074,-1.6243505772176903,17.11177555375299
276.65197412388227,-14.863277160209607,2057.948601527911,-2.288736287826712,16.44738984314397
276.6580317862282,-15.077905963279703,3529.7270202566506,-2.874502777072465,15.861623353898217
276.6566529533507,-15.051368193432086,2781.0361770252057,-2.615666574338833,16.12045955663185
276.6571696371034,-15.081626746045513,1962.631122765335,-2.237246681979215,16.498879448991467
276.6556411909668,-15.035574355770661,3632.139490898764,-2.9055562760181832,15.830569854952499
276.65369671433876,-14.980626266901504,1907.2022996231826,-2.206141882605456,16.529984248365224
276.64387276745003,-14.667013023247957,15108.2136585736,-4.453182773170401,14.282943357800281
276.653936404466,-15.026721073150368,2261.1846585627936,-2.3909900539313993,16.34513607703928
276.65222790597494,-14.966910268640778,1737.7223314796647,-2.10510093400411,16.631025196966572
276.6519772813551,-14.958254727567247,796.3434832173662,-1.2579010543546398,17.47822507661604
276.64921218452395,-14.879121173651775,2382.740902593403,-2.4478420284877074,16.288284102482976
276.6515977280123,-14.995088448394876,2737.0120311698265,-2.598341744460471,16.137784386510212
276.65309627551966,-15.066602001105442,358712.51531639096,-7.89201630151267,10.844109829458013
276.6468487428946,-14.861202990880406,1814.2836373787432,-2.1519129377748896,16.584213193195794
276.6492125744409,-14.948170334150854,5183.656529804699,-3.291740521745377,15.444385609225305
276.6506530712582,-15.008960424285071,5353.127768678758,-3.3266690014851585,15.409457129485524
276.6505881755782,-15.034284875473693,119581.07851232646,-6.69930614342528,12.036819987545403
276.64219578284593,-14.752095064887781,3921.5222436607874,-2.988786685216188,15.747339445754495
276.6507194463627,-15.044758643694795,1270.594572308888,-1.7651674678097218,16.97095866316096
276.6514176469261,-15.08037573239452,1919.008601055939,-2.212842281472761,16.523283849497922
276.64647562132444,-14.930353584581699,1335.5508693440133,-1.8193010642389655,16.916825066731718
276.6435296522608,-14.838695941681902,1080.2999422175199,-1.589010860474025,17.147115270496656
276.6482795301634,-15.004961990420487,1202.1752781209725,-1.7050694602386196,17.031056670732063
276.646385218696,-14.963736453776725,1471.3874283851837,-1.9244675810361072,16.811658549934574
276.64353876222,-14.870887361353246,2369.895142096888,-2.4419728051424756,16.294153325828205
276.64893888176647,-15.097066464202793,2708.8163242323426,-2.5870988732609486,16.149027257709733
276.6447067870726,-14.953994659213198,2123.0134285898894,-2.3225318313091425,16.41359429966154
276.64845198534925,-15.086766918977014,2008.4832319697452,-2.2623205041458276,16.473805626824856
276.6476411859794,-15.058477941054006,1264.4636591272429,-1.759915858750104,16.976210272220577
276.6450040466917,-14.974053627719568,1504.2061566949706,-1.9484183830869026,16.78770774788378
276.63799960419703,-14.76955612254829,5921.926020585226,-3.436307422523398,15.299818708447283
276.64090087750833,-14.910744679047541,1213.8359148314921,-1.7155499363139177,17.020576194656766
276.6465718049363,-15.102796316682255,155279.51140395834,-6.982935367943737,11.753190763026945
276.6438525455565,-15.018756079002948,2150.1582986779467,-2.3363260649828446,16.399800065987836
276.6417487825293,-14.979353138026845,2338.8616021848575,-2.427661288309118,16.308464842661564
276.64080826243617,-14.947842851489677,2730.321733650824,-2.5956845436473817,16.140441587323302
276.64188908617894,-15.008691893109434,1471.9393784529166,-1.9248747884025397,16.81125134256814
276.63367195428555,-14.738790628329742,2703.1252542494185,-2.5848154033039004,16.151310727666782
276.64231739969193,-15.046047104975754,793.7611266875756,-1.2543745436767493,17.48175158729393
276.6426481645193,-15.066592725053766,2353.318828877047,-2.434351902339275,16.30177422863141
276.63774409857945,-14.914063536064383,4991.225251963217,-3.2506679029237078,15.485458228046975
276.63994332049066,-14.997235031059617,25136.17029095412,-5.005897753162291,13.730228377808391
276.6350804510167,-14.827000477998867,1611.2178279409854,-2.0230356249571537,16.71309050601353
276.6377606386371,-14.926685459728484,2493.20819682398,-2.4970463434085257,16.239079787562154
276.637121787516,-14.90610522034096,2330.4011769136414,-2.423726705694297,16.312399425276386
276.63922806433,-14.993985504401225,1780.3988460099863,-2.1314432386114834,16.6046828923592
276.64143255582076,-15.087247110335234,1681.648200880365,-2.069487845802738,16.666638285167945
276.62899240066344,-14.714441957648148,3037.1189871316164,-2.7113044955228824,16.0248216354478
276.63840270704134,-15.035794198964192,1134.2247805191364,-1.6418978070957424,17.09422832387494
276.6355761667393,-14.966142354168914,7368.977805794966,-3.6736680995647006,15.062458031405981
276.6321132748067,-14.85835104241326,3591.65070893363,-2.893385214678684,15.842740916291998
276.63573641796813,-14.992110668477762,5657.904217578231,-3.3867889558955158,15.349337175075167
276.62746858235994,-14.724277759358856,9968.497048070894,-4.001724189813054,14.734401941157628
276.63554532079894,-15.014041508421252,1123.7143403665614,-1.6317897862737796,17.104336344696904
276.62785149862407,-14.75525957189493,6883.54964857459,-3.5996811012498062,15.136445029720875
276.6353576247771,-15.023011033441435,5315.218449946529,-3.3189527740132374,15.417173356957445
276.62744070248914,-14.750458344009648,25252.55898119336,-5.010913463674427,13.725212667296255
276.63210493034416,-14.928664134506635,1349.2743318478097,-1.8304006247293807,16.9057255062413
276.62894711791427,-14.83247609426631,17.592873676177987,2.8815080609310684,21.61763419190175
276.62915599367096,-14.849084656985871,2148.0813150780596,-2.3352767719376697,16.40084935903301
276.63225186577205,-14.967545557934537,4295.72923223878,-3.087742226243633,15.648383904727048
276.63215298629814,-14.961954714595748,59233.859691653124,-5.93657505904321,12.799551071927471
276.6284934330845,-14.86295432863475,1430.4134007939283,-1.8938039036909733,16.84232222727971
276.6340530626885,-15.076467565911358,4125.146512875508,-3.043748423324692,15.69237770764599
276.6336225723013,-15.057474773704401,16990.827711521502,-4.580686318634134,14.155439812336548
276.63391044697175,-15.074227719520461,1605.7023136473872,-2.0193125611814113,16.71681356978927
276.6296802897183,-14.930191742086768,1704.0883521804644,-2.0838802482195433,16.65224588275114
276.6286784650016,-15.006142971051101,1841.4467040073287,-2.168047862878182,16.5680782680925
276.62570865445184,-14.905833170697443,17066.880670464365,-4.5855353582306995,14.150590772739982
276.62168734646525,-14.820308277667472,2967.943412351924,-2.686289019081327,16.049837111889353
276.6241849191836,-14.902697514353054,84899.94727188256,-6.327418529620672,12.40870760135001
276.6229702221381,-14.858245109026738,1661.23040872634,-2.0562246589347035,16.67990147203598
276.6279577491814,-15.032920272785905,1902.1910513299226,-2.2032853139393622,16.53284081703132
276.61616510281743,-14.688444542748655,1778.8235739838565,-2.130482169152503,16.605643961818178
276.6274435307792,-15.083652292746633,8931.070947063068,-3.8824088266926577,14.853717304278025
276.6251023980858,-15.001462811587473,39844.781937399115,-5.506078614220106,13.230047516750576
276.61617458995636,-14.711782741978109,3920.147674164633,-2.988406046934073,15.747720084036608
276.6241366481693,-14.980776797893185,5502.665039575579,-3.3565826709913136,15.379543459979368
276.625548029515,-15.043941861415696,9713.017628330876,-3.9735354206833984,14.762590710287284
276.6260270752469,-15.069168882628748,5246.099399930186,-3.304741266025992,15.43138486494469
276.62051712476483,-14.885543665548948,1187.453219672636,-1.6916912517711793,17.044434879199503
276.62588402349184,-15.07252344944753,1533.1823201473235,-1.9691344847086283,16.766991646262053
276.624205694218,-15.035953692483483,7725.253791716517,-3.7249318679897647,15.011194262980917
276.62533748967496,-15.079679818754244,1166.037710752098,-1.6719314686713664,17.064194662299315
276.6180765648138,-14.843176787450373,27192.597304566494,-5.091276706480366,13.644849424490316
276.6203451653122,-14.960160490180785,493.63618233794114,-0.7386674406367424,17.99745869033394
276.61973736672303,-14.944431811695837,26672.981242279602,-5.070328877191399,13.665797253779283
276.6194127374604,-14.931490589974317,1912.1588360817477,-2.2089598900748215,16.52716624089586
276.61681554734463,-14.8692594831569,9186.73704420685,-3.913053192224092,14.82307293874659
276.62338867968396,-15.097047429327985,2416.09433409584,-2.4629346955534395,16.273191435417242
276.62011066624933,-14.99391443440902,9017.926754536042,-3.89291673720836,14.843209393762322
276.62206008682074,-15.071156419120395,1690.6041394493877,-2.0752547983506475,16.660871332620033
276.6204248654771,-15.022910472489931,1185.0830516651258,-1.6895219462020439,17.04660418476864
276.61986878360744,-15.008110056511745,1372.4797311789443,-1.8489148270594051,16.887211303911275
276.61445860243504,-14.822899027982245,43040.691122176526,-5.589848069220951,13.146278061749731
276.61671012087766,-14.903621993599291,4107.0881096797675,-3.0389850280868993,15.697141102883784
276.6220520424355,-15.093299299374829,1365.9056189476687,-1.843701707309017,16.892424423661666
276.6189411418071,-14.986320812408646,4138.419903392474,-3.0472363635946156,15.688889767376066
276.6182837404637,-14.96730797845529,1753.593421867663,-2.114972247491957,16.621153883478726
276.6173629658678,-14.954225431675404,4060.223412525367,-3.0265248062022203,15.709601324768462
276.61446825192746,-14.862029206570092,1299.7432552441314,-1.7897939093891884,16.946332221581493
276.6141046484516,-14.847867941092737,4546.6349403088025,-3.1493751910956034,15.586750939875078
276.61482190503176,-14.888835954502774,7075.004275017389,-3.629466744858747,15.106659386111936
276.6165100164029,-14.967862590880454,1167.6980125431437,-1.6734763308864842,17.0626498000842
276.61599617848486,-15.000639039435105,21509.162104406372,-4.836708709946348,13.899417421024335
276.6126240349002,-14.880488127461483,3168.175928175144,-2.7571732030017007,15.978952927968981
276.6101009720589,-14.805821516541254,16.952003695892927,2.9217974257099217,21.657923556680604
276.6108522545666,-14.848003134400079,1363.1061443047656,-1.8414741668629186,16.894651964107762
276.6053503479553,-14.66371357590671,2947.1407325089313,-2.6786521654953956,16.057473965475285
276.6133719324689,-14.950956841967972,28735.86963567139,-5.151210840203563,13.58491529076712
276.6132065261156,-14.947434686818546,6255.79662317998,-3.495856531587811,15.24026959938287
276.6082880183117,-14.778083820655048,578.7840841883663,-0.9114414285104695,17.824684702460214
276.6167012727102,-15.076092419033,1594.2521218352194,-2.0115424875061088,16.724583643464573
276.6141644799581,-14.992581347152948,1341.5253122085996,-1.8241471569538708,16.91197897401681
276.6110406097249,-14.913893521602455,689.2740485262912,-1.1011297968751264,17.634996334095554
276.606063107683,-14.74392307400223,2044.773276652275,-2.2817628800126717,16.45436325095801
276.61102098194607,-14.920630108247098,4421.847137497905,-3.1191592908597983,15.616966840110884
276.6122894831514,-14.975021857910894,5430.730501731101,-3.3422956073254606,15.39383052364522
276.615809861324,-15.108162264663305,7096.037417242653,-3.6326897204562965,15.103436410514385
276.61067200723363,-14.945421131179577,2642.0029871567313,-2.55998323909467,16.17614289187601
276.61316892519136,-15.046409232057652,885.656918622466,-1.373313777381491,17.36281235358919
276.61352655479425,-15.059268283253372,5550.887812907757,-3.366056103428763,15.370070027541919
276.61102785651735,-14.977664922614895,942.396894341291,-1.4407345939015213,17.29539153706916
276.61143864039866,-14.995976754266406,1670.1293377487746,-2.062025240763057,16.674100890207626
276.6081016460417,-14.886772692622053,2435.0381827346355,-2.4714144172693766,16.264711713701306
276.610819663527,-15.001307714800536,1153.8534634476164,-1.6605266232959877,17.075599507674696
276.6106784645741,-15.003838252649093,9074.153176783308,-3.899665243634283,14.836460887336399
276.60730498232215,-14.893468813247958,11618.374995597922,-4.168013452544305,14.568112678426377
276.6126959459093,-15.085413471976626,750.1572649667651,-1.1930307772909496,17.543095353679732
276.6128454947717,-15.096925675346322,3814.7490523208544,-2.958814912830289,15.777311218140394
276.6110732980117,-15.036657145665625,2989.231770459861,-2.694048951874508,16.042077179096175
276.61164805282175,-15.06843358013816,60971.55847897961,-5.967968218464942,12.768157912505739
276.60267156551924,-14.807726169427331,18784.11779894581,-4.68962698612815,14.046499144842532
276.6081334222291,-15.003659946413576,2694.9622992112127,-2.5815317134820326,16.15459441748865
276.60609260050273,-14.939361943392992,935.2781837707444,-1.4325019886769885,17.303624142293693
276.6074474949278,-14.983856159177515,2213.363473974554,-2.367781825134735,16.368344305835947
276.6028976324783,-14.852004845855582,4144.4591342797285,-3.0488196325896855,15.687306498380996
276.604795341844,-14.919400221051184,935.4188578527028,-1.4326652806914009,17.30346085027928
276.60426631390686,-14.897047802471164,1416.6931191682306,-1.8833394397080714,16.85278669126261
276.602988444719,-14.868542013985355,7191.076680671904,-3.6471347778054497,15.088991353165232
276.60611635850586,-15.007573160711972,14826.357712210054,-4.43273616341433,14.303389967556353
276.6056936180348,-14.993332618013708,1223.8138420298055,-1.7244383808342156,17.011687750136467
276.59754040279626,-14.711049641819082,6361.952353581488,-3.5141260089003707,15.22200012207031
276.6038474723083,-14.941653385107434,4496.06180906143,-3.1372306608510856,15.598895470119597
276.60737401957795,-15.066271169046797,5486.534838949185,-3.353395331497797,15.382730799472885
276.6013863435473,-14.867036373117509,2967.463638737834,-2.686113493601927,16.050012637368756
276.6015588525124,-14.883311011900975,3031.977405148893,-2.70946487964498,16.026661251325702
276.6050592669041,-15.020978741494071,2496.1265438553746,-2.498316474821257,16.237809656149423
276.6070804952104,-15.09602279647211,5872.99522336806,-3.4272990973753075,15.308827033595374
276.5961810261643,-14.725569490044592,64310.92114094534,-6.025861803651597,12.710264327319084
276.60608750948734,-15.078678575401849,115.66431538922188,0.8368515426230773,19.57297767359376
276.6013350175904,-14.923791470103936,1529.1970840041758,-1.966308631320355,16.769817499650326
276.5945505734123,-14.707551245201802,1130.3787579471464,-1.6382099474818943,17.09791618348879
276.59849269166193,-14.844063930227891,1222.4195941830694,-1.7232007348212748,17.012925396149406
276.6043731087306,-15.049782771341851,2276.5348233974873,-2.3983357232037625,16.33779040776692
276.60499201179175,-15.086726028786078,1595.7158351885155,-2.0125388653468916,16.72358726562379
276.60159143266293,-14.981538737720244,1870.6506312366037,-2.1851316903971583,16.550994440573525
276.6012684950332,-14.970736464520648,1459.7121870688206,-1.9158180631752226,16.82030806779546
276.5955366656271,-14.781187061219905,27844.183614139503,-5.116986200783977,13.619139930186705
276.5919636906991,-14.662608141003576,3009.6678508123878,-2.7014464012589534,16.03467972971173
276.59917503808845,-14.905559278080215,2840.3151062427205,-2.6385662873381133,16.097559843632567
276.60058146323445,-14.977845252700925,851.6159435431473,-1.3307594370557063,17.405366693914974
276.599513586939,-14.939415608022253,6317.680719262411,-3.50654416307279,15.229581967897893
276.6005395970138,-14.984988752493052,1821.4789841181046,-2.156210390316908,16.579915740653774
276.5961242415344,-14.859521041455457,2748.8941700916475,-2.6030450288835234,16.133081102087157
276.5965683900882,-14.881341279196596,2043.2490534276512,-2.28095324431004,16.45517288666064
276.60225333099555,-15.083759566655013,1074.0676644443083,-1.5827290834259578,17.153397047544725
276.59559705352973,-14.87513298438133,12428.558466465722,-4.241201877485482,14.4949242534852
276.6003372467971,-15.06138039086673,2674.573243587307,-2.573286217352578,16.162839913618104
276.5910619654107,-14.753272467426346,2518.8283524794097,-2.508146411246461,16.22797971972422
276.593623899084,-14.870535764475063,670.2091025842019,-1.0706757833200677,17.665450347650616
276.59590604630563,-14.960565419550635,3150.9083016241784,-2.751239389398274,15.984886741572408
276.59712320982794,-15.024601337446652,3753.1096632006374,-2.9411281142574195,15.794998016713262
276.5920758989029,-14.867635698735528,3804.4824739397445,-2.955888947775906,15.780237183194776
276.5934153623125,-14.913679059605126,3650.6702937408336,-2.9110815080546626,15.82504462291602
276.5948183322427,-14.976437809993573,4875.858927537927,-3.2252778077047717,15.510848323265911
276.5867875900888,-14.709484650324914,10269.56413878937,-4.034030007435894,14.702096123534787
276.5978526166961,-15.095090277918377,15862.493336430198,-4.5060786099771715,14.23004752099351
276.59143677074655,-14.881028886940884,5375.599035771593,-3.331217146735076,15.404908984235606
276.58949395604094,-14.814983882510935,7846.789222898275,-3.7418799456523266,14.994246185318355
276.59676320732166,-15.072675703468667,1574.5457744627856,-1.9980382052283403,16.73808792574234
276.59490496583925,-15.009016772259104,1656.1635349119751,-2.052908023818974,16.68321810715171
276.5934456361852,-14.97111455590346,40648.97168305252,-5.527773887091943,13.208352243878739
276.59024363974106,-14.90199493621079,1927.154383750305,-2.2174412464390563,16.518684884531627
276.58998917887493,-14.892319945337798,7445.168118574213,-3.684836250714581,15.051289880256101
276.59542713312436,-15.088418961946767,1227.4685004948624,-1.727675868318027,17.008450262652655
276.5920776742461,-15.00694632916733,2801.7901685122342,-2.623738995853484,16.1123871351172
276.5917601544795,-15.01798683458516,928.2833857787482,-1.424351422348316,17.311774708622366
276.58939125179063,-14.942559842793,16454.460757289373,-4.545859113921865,14.190267017048818
276.5866218604837,-14.846396279379544,10939.677462395885,-4.102661272717776,14.633464858252907
276.5873551709255,-14.912860597270098,4450.614604976217,-3.126199950221013,15.60992618074967
276.59023131534724,-15.027727268267846,1528.979284257788,-1.9661539815932207,16.769972149377463
276.5897662944887,-15.045661556369204,1005.39542454615,-1.5109922394845987,17.225133891486085
276.5902582340801,-15.063819629646588,61190.27260374028,-5.971855948296184,12.764270182674498
276.5886519215832,-15.009506571115331,1674.9093494284316,-2.065128245396285,16.670997885574398
276.58919262562927,-15.033724652529639,3045.527956406673,-2.714306454468609,16.021819676502073
276.58870911658806,-15.038215915919563,3181.775580667105,-2.7618238393532013,15.97430229161748
276.588480688475,-15.035878762733422,2914.8600746123775,-2.666694257462053,16.069431873508627
276.5795870686949,-14.733418530997675,1667.1511059252734,-2.0600873904505517,16.67603874052013
276.5859512635721,-14.952714572025164,1050.6985332591867,-1.5588452933125243,17.17728083765816
276.58360169941085,-14.884970191428447,10116.465239130433,-4.017721962321171,14.71840416864951
276.58326534423486,-14.873473884624419,3705.529385193513,-2.9272756323503417,15.808850498620341
276.5846514689262,-14.947059970089299,1452.665642693246,-1.9105641409690766,16.825561990001606
276.58281922389,-14.88889638517059,1659.5026954967907,-2.0550948837223357,16.681031247248345
276.58227209248116,-14.867950440245146,1103.8136730030456,-1.6123894018027292,17.123736729167952
276.58328154707505,-14.919936150547482,3819.399798362203,-2.9601377804032585,15.775988350567424
276.5856611214926,-15.011655816860706,10083.285340946466,-4.014155121336169,14.721971009634512
276.5804839890239,-14.849205032582711,3190.6542952996097,-2.764849356574681,15.971276774396001
276.5863642099597,-15.05391991286099,93.53735748794861,1.067387280311765,19.803513411282445
276.5871239759477,-15.102350324284652,3292.2104765228723,-2.7988689598211796,15.937257171149502
276.5769142952149,-14.781535268630364,1810.521651081901,-2.1496592850317753,16.586466845938908
276.5807265459482,-14.929145069717881,14927.259967502192,-4.440100219299717,14.296025911670965
276.5799871413239,-14.909913830303521,8474.5831007112,-3.82544583503159,14.910680295939091
276.57614705426516,-14.807663438983084,6519.306047637321,-3.5406534018055584,15.195472729165123
276.57942058780446,-14.923195793908182,1477.6815404076406,-1.9291020984028338,16.80702403256785
276.57905111868456,-14.920587728695967,840.9785262653822,-1.3171122447364627,17.419013886234218
276.58253260418365,-15.053930480511141,54.59590374795516,1.6519498730865214,20.388076004057204
276.5820411978101,-15.050524344017434,11949.745914792416,-4.198546655970311,14.53757947500037
276.58013170654056,-14.989283132481624,4723.4822250044235,-3.190805691810541,15.545320439160141
276.57594420854207,-14.864807556267593,1617.588290608248,-2.0273199645427007,16.70880616642798
276.5822142361346,-15.108729898987677,41.8067613394669,1.9417337086924253,20.677859839663107
276.5740439065996,-14.828008526778948,1525.2195507598153,-1.9634808872326657,16.772645243738015
276.58083476400213,-15.06523594726869,61914.64015467032,-5.984633361234292,12.751492769736391
276.5783299204387,-14.993449330576075,2420.1632037776144,-2.4647616123930325,16.27136451857765
276.57543389324667,-14.89859161024306,78141.87169454715,-6.2373595019686965,12.498766629001985
276.5758605911168,-14.91875242459201,9205.000273247053,-3.9152094926496703,14.820916638321012
276.5685592688683,-14.678309709204525,5328.506879634675,-3.3216638053986185,15.414462325572064
276.5770819758842,-15.01220339675865,2701.308268169647,-2.584085348012631,16.15204078295805
276.57832239581654,-15.055430964179946,1218.080789608619,-1.7193402132607982,17.016785917709882
276.5762486740519,-14.986348550070256,12185.347200323224,-4.219744748731583,14.5163813822391
276.5773243819652,-15.042176899434008,8249.847470384884,-3.7962647759424333,14.939861355028249
276.5752443320239,-14.971523269496615,9507.404249398045,-3.950304878959546,14.785821252011136
276.575078552736,-14.965351068229507,2335.744619243378,-2.426213370957185,16.309912760013496
276.5745484871474,-14.948762326376654,134625.77512343775,-6.827970520354504,11.908155610616177
276.56688798453985,-14.688202175503958,5206.4827310122055,-3.2965110589475186,15.439615072023162
276.57544159648745,-15.005020629403097,1158.707647844174,-1.6650846619645765,17.071041469006104
276.57579926523806,-15.020728418109066,5376.072407621599,-3.3313127517689356,15.404813379201746
276.57781668430914,-15.102529651055997,2137.8429224953725,-2.330089459220728,16.406036671749952
276.5767446998186,-15.080707738206666,2034.267153408422,-2.2761699452049795,16.4599561857657
276.57311151822006,-14.990025699105225,18233.09437378234,-4.657300927990372,14.07882520298031
276.5729602056532,-14.997858343972895,1480.8233315946927,-1.931408099487474,16.80471803148321
276.5710563156962,-14.9301220051879,1645.1422104539888,-2.045658592007469,16.690467538963212
276.57575280461936,-15.10599028044082,2163.664254460695,-2.3431246538937063,16.393001477076975
276.5724871414094,-15.000258324182425,2373.2616467326297,-2.443514030424714,16.292612100545966
276.5747192133788,-15.087069303765531,1565.8147567241758,-1.9920009325047818,16.744125198465902
276.5723455362989,-15.032105815527588,352.44145083540934,-0.3728674292196063,18.363258701751075
276.57063501220426,-14.987109257018101,5742.683819443388,-3.4029372422288517,15.33318888874183
276.56654162691916,-14.862200716738235,1720.9059602952475,-2.0945428252010974,16.641583305769586
276.57136658378306,-15.039334492143377,3144.1056703484865,-2.748892812894539,15.987233318076143
276.5727968226453,-15.09539316395172,1418.0891704611058,-1.884408829453066,16.851717301517617
276.5694809144397,-14.980058917051513,261.723990795952,-0.04975881293598637,18.686367318034694
276.57082177317716,-15.047373726935817,1914.3706711829363,-2.2102150586087173,16.525911072361964
276.57003758608874,-15.022778170536249,1535.2890667932224,-1.9706253713284971,16.765500759642183
276.5707199947939,-15.043131238193146,1641.2607059799484,-2.043093908368163,16.69303222260252
276.5664656436489,-14.90521208492907,2687.368457552824,-2.5784680168550245,16.15765811411566
276.5667476656592,-14.919262604598735,27560.558268227724,-5.105870004365619,13.630256126605062
276.57155337354686,-15.08680277851784,2731.409075030584,-2.5961168483360924,16.14000928263459
276.5711272400362,-15.070891150231725,21341.90841824762,-4.828233108175075,13.907893022795607
276.5614284203453,-14.740926741398571,6963.640160114694,-3.6122407814340693,15.123885349536613
276.56888461749725,-15.01185483844901,79125.11261512013,-6.250935831162754,12.485190299807929
276.5693542076795,-15.032468220749683,29786.569256902963,-5.190201191158026,13.545924939812656
276.5670902981021,-14.981154638639765,1667.2694101968373,-2.060164433661057,16.675961697309624
276.56708263366653,-14.992316902849588,77221.59999065983,-6.224496967652257,12.511629163318425
276.56279921463675,-14.848508287254319,97569.09831215505,-6.478430706976374,12.257695423994308
276.56539195930145,-14.941385225247718,3381.539181226457,-2.827936038007106,15.908190092963576
276.5664364079715,-14.9897364555663,382.54776422404393,-0.46186414857254493,18.274261982398137
276.566781186039,-15.004480798181875,25712.32623160439,-5.030503402506575,13.705622728464107
276.5655832516595,-14.97587065136,3762.24662160813,-2.9437681305270913,15.79235800044359
276.5650955218609,-14.962464635804084,2666.7185572800518,-2.5700929361141682,16.166033194856514
276.56678670190297,-15.060399099147013,10312.06374298378,-4.0385139505730505,14.69761218039763
276.55604788113664,-14.688290236772772,9352.74793450829,-3.932498052949829,14.803628078020854
276.56180597615827,-14.91618189865317,1470.9574518083755,-1.924150255121593,16.81197587584909
276.5641334047806,-15.007011802595771,3956.231980699231,-2.998354351572952,15.737771779397729
276.55794139779687,-14.793549916705281,1805.1085695008733,-2.1464082982414596,16.58971783272922
276.5661016963383,-15.10592346872107,3436.069575732785,-2.845304851121076,15.890821279849606
276.5571207207315,-14.796960946165985,4902.942465893539,-3.2312919708216654,15.504834160149016
276.5647520665688,-15.065755100924433,1566.3576385350316,-1.992377301598479,16.7437488293722
276.5614592103885,-14.959502383868767,1159.9439811607444,-1.6662425176367028,17.069883613333978
276.56057334671,-14.938980444371929,10566.898732458758,-4.065018841809507,14.671107289161174
276.56248066417885,-15.027932453352514,11154.100380703763,-4.123736349775099,14.612389781195583
276.561955003879,-15.01750550436472,18004.095263101975,-4.643578233838551,14.092547897132132
276.5609283825227,-15.000961120704435,9739.507365931546,-3.9764924542771496,14.759633676693532
276.56113437734757,-15.014631757230374,67576.73786712257,-6.07964303642205,12.656483094548632
276.5618508233799,-15.047205284177195,9087.694319563641,-3.9012842542220145,14.834841876748667
276.56272122428186,-15.107173138307305,3776.483122533791,-2.947868848654215,15.788257282316467
276.561031576656,-15.05310791423304,1792.603961677356,-2.1388608580307946,16.597265272939886
276.56011075818475,-15.040806548476422,813.9565216804549,-1.2816529963827028,17.454473134587978
276.5559956013924,-14.917755966615264,1510.934998881712,-1.9532644313014749,16.78286169966921
276.5557491306888,-14.912852354633877,817.1801606357185,-1.2859445142175612,17.45018161675312
276.55543973216334,-14.902561496629776,15574.134170342666,-4.486159757820534,14.249966373150148
276.5596703454149,-15.056333084253556,2806.6229055408257,-2.6256101415017863,16.110515989468894
276.55858610113046,-15.023520962243381,1720.9252389075991,-2.09455498819585,16.641571142774833
276.5541318612571,-14.877483814978408,1461.183305444909,-1.9169117323061817,16.8192143986645
276.55780163328853,-15.020256019140799,1019.7137287686492,-1.5263456443278414,17.209780486642842
276.5523914455934,-14.84044999235368,1806.9210948190666,-2.147497948498001,16.588628182472682
276.5566387174539,-15.006533129672095,16145.336243917998,-4.5252677135575405,14.210858417413142
276.55591245674674,-15.003188368975977,6565.89529873633,-3.5483848610441453,15.187741269926537
276.5572962738523,-15.054240768873852,489.1219881162251,-0.7286929449360823,18.0074331860346
276.5554547675124,-14.989218947141154,10586.456777077015,-4.067026550059639,14.669099580911043
276.5530692246175,-14.908316817068261,1583.877744377045,-2.004454119383656,16.731672011587026
276.5571802901237,-15.065582243315543,1992.1843221792442,-2.253473773380973,16.482652357589707
276.55688405285935,-15.088163264094463,1170.631735055511,-1.676200711757866,17.059925419212817
276.55487099233414,-15.024543086444783,1347.7115476285107,-1.8291423522186219,16.90698377875206
276.549811178984,-14.853515746334471,21555.221092223408,-4.839031182764191,13.89709494820649
276.5469136687019,-14.756926495192044,2523.04921531077,-2.5099642834975406,16.22616184747314
276.54786295558074,-14.80353371817405,11516.634227650182,-4.158463912596792,14.57766221837389
276.55505905886764,-15.059936308444847,2610.7664099187386,-2.5470700194039777,16.189056111566703
276.553365165709,-15.005294715522485,7071.543808082446,-3.6289355687316096,15.107190562239072
276.55282279430406,-15.000586105135374,5131.433250059206,-3.280746688202678,15.455379442768004
276.55130787696476,-14.949209392079535,1186.0719652917978,-1.6904275802769408,17.045698550693743
276.5519436504342,-14.982230514175656,6230.460742908173,-3.491450388187646,15.244675742783036
276.5433854792243,-14.690031379833519,125.86222720030491,0.7451114902910194,19.4812376212617
276.55083223776927,-14.97156331760277,1463.3447260590547,-1.9185165950508611,16.81760953591982
276.54894795130343,-14.910856537295324,1259.1671443114828,-1.7553584359050625,16.98076769506562
276.54613574030225,-14.808520326447876,3238.1562946399135,-2.780894495371263,15.955231635599418
276.55270516761317,-15.051266553161442,1934.568013923512,-2.221609985539093,16.51451614543159
276.5499642677062,-14.957028320900996,1352.3117649667038,-1.832842044234901,16.90328408673578
276.54809835027424,-14.894528446012654,2672.171807146282,-2.57231092242528,16.1638152085454
276.5508816324611,-14.990550697488672,1455.522088436468,-1.9126969795918867,16.823429151378797
276.5433004227839,-14.736583093788354,5450.415918764113,-3.346224089209703,15.38990204176098
276.5460167752713,-14.84982270193265,2047.4318519977242,-2.283173616679573,16.45295251429111
276.55192868456646,-15.06953982552232,1503.0924889186863,-1.9476142398191088,16.788511891151572
276.5476013949918,-14.922110811224114,1655.7408386035677,-2.0526308801358306,16.683495250834852
276.54240594889507,-14.751584576992231,14952.119734076492,-4.44190689367577,14.29421923729491
276.54836053673495,-14.960654117988433,2779.9861780912615,-2.6152565699193975,16.120869561051286
276.5463386506531,-14.89621744206253,1794.5964547808544,-2.140066991991278,16.596059138979403
276.5462952350113,-14.933357455164144,1539.9497364165945,-1.9739163428247655,16.762209788145917
276.5451208432751,-14.899600544778053,2909.8793144129813,-2.6648374214278236,16.07128870954286
276.54493553882065,-14.907521633421041,23887.707307286655,-4.950586150980978,13.785539979989704
276.547425822383,-15.007929442801066,865.5742255043442,-1.3484107678743191,17.387715363096362
276.5460862150553,-14.97287595256739,4994.21883689885,-3.2513188992369586,15.484807231733724
276.5464841997334,-15.000713191047083,1708.0959359503904,-2.086430626760624,16.649695504210058
276.5493500636515,-15.104177424743169,1388.62779748279,-1.8616146150526016,16.87451151591808
276.5430248153622,-14.886321692825568,1334.812653027344,-1.8187007652941556,16.917425365676525
276.5390766112909,-14.755845350075196,23130.67070745283,-4.915620543203932,13.82050558776675
276.5440919525568,-14.938703211434834,3695.275356094615,-2.9242669925738336,15.811859138396848
276.5437502810419,-14.932660123236218,2316.3028583058403,-2.4171383360489123,16.31898779492177
276.5467650387777,-15.046503717404521,1937.510070607903,-2.2232598996181308,16.51286623135255
276.54716142849804,-15.062459055566727,1732.9601771190864,-2.1021214355141793,16.634004695456504
276.5417658976951,-14.880944362518797,1829.6131655254576,-2.161048170082385,16.575077960888297
276.5402721888107,-14.869829708706602,1937.7133012444901,-2.223373779433093,16.51275235153759
276.54235683453476,-14.95383689532738,1030.5513533840422,-1.5378240732553161,17.198302057715367
276.54045000532165,-14.91988507640639,1439.2728391624114,-1.9005078028257916,16.83561832814489
276.5403810776102,-14.91303250801257,7588.666071215659,-3.7055635851128574,15.030562545857824
276.53706074749687,-14.827587995656593,38951.27938933998,-5.481454295896264,13.254671835074419
276.5427081670398,-15.051695407913101,826.5140808446668,-1.298275620308923,17.437850510661757
276.54186826930265,-15.018870778624633,2249.052662048889,-2.385149039951976,16.350977091018706
276.5395630150746,-14.940357732764422,3444.817567581573,-2.8480655464757945,15.888060584494887
276.54298587095866,-15.070447883526539,11823.784646836852,-4.187041256009761,14.549084874960922
276.54067326834365,-15.024304122590893,17128.805264339935,-4.589467658179743,14.14665847279094
276.538836946612,-14.977659959976753,4742.83577028806,-3.1952451949187437,15.540880936051938
276.5387813078314,-14.970311794378544,10288.054925240234,-4.035983163747984,14.700142967222698
276.53517966218516,-14.858527787196323,10790.980074602528,-4.087802204870103,14.648323926100579
276.535327576163,-14.868990550032592,31183.83223860006,-5.239973691773923,13.49615243919676
276.5414696881539,-15.094755252304358,2904.950053152221,-2.66299665247067,16.07312947850001
276.52908605903315,-14.695091827537867,3215.437621948091,-2.7732502005243473,15.962875930446334
276.53252552829287,-14.85502278456713,2280.493731421462,-2.4002221853150174,16.335903945655666
276.5308404992879,-14.79361322891315,2311213.5251165177,-9.914750154107777,8.821375976862905
276.52775101366973,-14.712756390658294,50289.85172022673,-5.758850866080603,12.977275264890078
276.53713592991693,-15.036751106872241,1001.3532505531184,-1.5066182581881824,17.2295078727825
276.532370118475,-14.91049038794279,1840.4739986456625,-2.1674741941125664,16.568651936858117
276.5350216294714,-15.001026142403102,3189.886857877529,-2.764588176659669,15.971537954311014
276.53200108275723,-14.902405654716224,48459.834238332165,-5.7186047889616365,13.017521342009045
276.53428302162,-14.98586465174341,1290.6570684670514,-1.7821771388723024,16.95394899209838
276.5317828965505,-14.917028278752365,5127.860316830112,-3.279990444491441,15.456135686479241
276.5367218748556,-15.093165829322903,6615.395912987042,-3.556539579855589,15.179586551115094
276.5249149075509,-14.69144695224047,28111.721058628493,-5.127368565425026,13.608757565545655
276.53517608260495,-15.050814762587814,1472.3816892350296,-1.925200997958133,16.81092513301255
276.53166734312134,-14.946162265771838,1884.7252135792878,-2.1932700796275584,16.542856051343122
276.52993541582043,-14.894444335509466,1312.0895637811118,-1.800058681254986,16.936067449715697
276.5299672486451,-14.897995245923308,1663.0505211948112,-2.057413585047075,16.678712545923606
276.52917382958384,-14.878632878881072,14879.044509636413,-4.436587585659736,14.299538545310945
276.5303527893665,-14.930883634552595,1620.6536406255982,-2.0293755011942896,16.706750629776394
276.5276972641847,-14.871863938602107,2104.402450252368,-2.312971975305946,16.423154155664736
276.52467864711326,-14.790255622307885,19273.039431854442,-4.717525503203459,14.018600627767224
276.5237118681424,-14.76038614443967,2232.7300355257685,-2.377240515096903,16.358885615873778
276.52486746219006,-14.801265915192042,6822.276434110856,-3.589973260199712,15.146152870770969
276.52959737251143,-14.982330964839047,8475.100468895012,-3.825512116548437,14.910614014422245
276.52281183205235,-14.748783686709979,3641.7096962872383,-2.908413284516854,15.827712846453828
276.5321805355691,-15.077090375171569,2208.1687032951595,-2.3652306039873934,16.37089552698329
276.52645972989774,-14.882441862525813,1662.2168025868596,-2.0568691485202866,16.679256982450397
276.52560864566226,-14.859409776918435,289214.73213250085,-7.6582010069378175,11.077925124032864
276.52839963265893,-14.96316199390839,24321.649563276776,-4.97013254502869,13.765993585941992
276.5257712499969,-14.88773582595122,2091.8701612812365,-2.306486791153815,16.429639339816866
276.524830217927,-14.851933071494779,2130.2583720545663,-2.3262306802882717,16.40989545068241
276.52873425264846,-14.994227564140463,856.4510555279339,-1.3369063506849246,17.399219780285758
276.52961261138023,-15.038705482309982,1444.48465239926,-1.9044323079211525,16.83169382304953
276.5267323643148,-14.939870529922933,5889.479811486366,-3.430342321833627,15.305783809137054
276.5281839639238,-15.004464155896143,2538.4241292065417,-2.516560446657721,16.21956568431296
276.5241119932527,-14.887050069599539,2225.1930109095847,-2.373569196317327,16.362556934653355
276.5180140733585,-14.686330635495523,2514.6314283831016,-2.50633582620382,16.229790304766862
276.5274556627986,-15.015857091407778,2634.447528322744,-2.556873860628146,16.179252270342538
276.52833772990607,-15.052481415643314,6304.742013371164,-3.5043182787640963,15.231807852206586
276.529898850863,-15.11039894468804,3370.3132889706176,-2.8243256602810725,15.91180047068961
276.51958864828987,-14.766602429168794,1460.4482382770584,-1.9163654012292064,16.819760729741475
276.5165013544577,-14.667399992960256,148.53176969321066,0.5653016328875228,19.301427763858204
276.5265423128323,-15.030809358808638,4990.173039112495,-3.2504389919919814,15.485687138978701
276.52555408488286,-14.998333112409677,1838.2469862626458,-2.166159634906808,16.569966496063874
276.52102327056684,-14.846359005946015,315.4812080232077,-0.25258371615391023,18.48354241481677
276.52792081699454,-15.09976996673639,4810.084386791845,-3.2105317172776475,15.525594413693035
276.5241726053597,-14.970569895579342,1167.6921639247958,-1.67347089277447,17.06265523819621
276.5206113637584,-14.854756788698685,2083.715709476921,-2.302246143214511,16.43387998775617
276.5190666219308,-14.812465768362735,1540.9711469348185,-1.9746362460369378,16.761489884933745
276.5256265362945,-15.043611588116004,1409.3517494252592,-1.8776984755882533,16.858427655382428
276.52140108854064,-14.915325287013875,4924.36519718833,-3.2360256115323027,15.50010051943838
276.52434655127047,-15.028566516591495,46098.69797451506,-5.664371626367297,13.071754504603385
276.5175195266528,-14.804287866704138,5099.806756047707,-3.274034278186228,15.462091852784454
276.52425912206985,-15.05092897165983,6292.016357111679,-3.502124585748136,15.234001545222545
276.51937343813944,-14.896056885062153,1917.0657942923863,-2.2117425239576582,16.524383607013025
276.5151329948617,-14.75532435618036,2777.499312134736,-2.614284878462767,16.121841252507913
276.52319642300273,-15.037899239290466,599.1839387785512,-0.9490503871056156,17.787075743865067
276.51253810548405,-14.674740288728419,7983.934526159734,-3.7606923952593845,14.975433735711297
276.51991131429384,-14.943017631522928,3552.360352657015,-2.88144251412724,15.854683616843442
276.5211421508391,-14.99847606001952,1741.1002073991112,-2.1072093964465095,16.62891673452417
276.51786863193945,-14.899258759666212,1869.6761494709426,-2.1845659483003708,16.55156018267031
276.51668795467066,-14.86020476808255,1420.56913002918,-1.886305910601552,16.84982022036913
276.5146872700455,-14.800543777441925,15578.17807184071,-4.486441638038955,14.249684492931728
276.51699457566957,-14.885921304954048,1021.0263124178819,-1.5277423139256388,17.208383817045043
276.51528192993294,-14.834671299569889,2959.4388007861635,-2.6831733870236327,16.05295274394705
276.5202410381496,-15.018507757970545,15877.745973725301,-4.507122101908171,14.229004029062512
276.51879135208793,-14.988302751086781,2985.528526770533,-2.6927030413899344,16.04342308958075
276.5099314924797,-14.687245599660475,2686.5792636921033,-2.5781491241535086,16.157977006817173
276.5152398255912,-14.876684889418557,558.8420196014267,-0.8733726120243323,17.86275351894635
276.5146052832114,-14.854117813373003,2417.0217189019822,-2.4633513606039315,16.272774770366752
276.51297716141073,-14.828758438565496,9964.301036983823,-4.0012670777507475,14.734859053219935
276.5169186513491,-14.97157546561175,3275.8330870721693,-2.793454391130714,15.942671739839968
276.51118365428647,-14.789825614032315,8339.22472041972,-3.8079641710730416,14.92816195989764
276.51689932125623,-15.004236492509362,1791.6443692854664,-2.138279500864453,16.59784663010623
276.5079493733671,-14.724358130985783,33106.448426946736,-5.304931461511614,13.431194669459067
276.51642130472055,-15.026758793076368,4790.083948267165,-3.2060077900137878,15.530118340956895
276.51748133498455,-15.06861637197168,1607.8091661601284,-2.0207362289624635,16.71538990200822
276.51331213966176,-14.94028236363258,4250.1091640171435,-3.076150190928866,15.659975940041816
276.5155084528785,-15.02998795014278,847.0352381677803,-1.3249036736374746,17.411222457333206
276.5080684501273,-14.767049700682902,2372.6941498328815,-2.4432543769599566,16.292871754010726
276.5087337335487,-14.807960189018884,23329.796112460463,-4.924927336703744,13.811198794266938
276.50450079025444,-14.694120875346282,3893.683532830073,-2.981051604413728,15.755074526556953
276.5075873213054,-14.811247006504601,3390.908237409574,-2.8309400716637603,15.90518605930692
276.5080924313678,-14.88626046664674,1350.3897349978215,-1.8312977983197185,16.904828332650965
276.5099907530126,-14.966427213339117,1108.2609691327089,-1.6167550744929367,17.119371056477746
276.5038846783481,-14.755693100161821,2074.64635160171,-2.2975101699310416,16.43861596103964
276.50633623019036,-14.843380434088672,264.1816317596895,-0.05990652417016754,18.676219606800515
276.5037623656973,-14.757989543126877,3687.5292737520213,-2.9219886700251188,15.814137460945563
276.5123959287554,-15.06501291778101,7486.51638281966,-3.6908494265545535,15.045276704416128
276.5093296021864,-14.977077653496357,2271.0564777508334,-2.395719814827575,16.340406316143106
276.505886072509,-14.873669674952684,5255.545483738286,-3.3066944758446803,15.429431655126002
276.50534754188,-14.866626660085979,7952.495030566664,-3.756408494303099,14.979717636667583
276.50949545573457,-15.03200335484595,2925.2062971678897,-2.670541227495592,16.06558490347509
276.50779459709844,-14.999009237178761,69591.42541334727,-6.111539308485854,12.624586822484828
276.5102867178117,-15.095038839250288,10148.877753690162,-4.021195031645979,14.714931099324703
276.5047964001617,-14.9096345556455,850.6651543165863,-1.3295465863755018,17.40657954459518
276.5100728095211,-15.103535277266996,10887.403147417332,-4.0974607398679765,14.638665391102705
276.4990396401321,-14.74207636830529,5720.240161298359,-3.3986856353274266,15.337440495643255
276.50935434637825,-15.105879188370922,880.687656518654,-1.3672047518979336,17.36892137907275
276.5087362061325,-15.084145881927467,2420.8796400682404,-2.465082973244364,16.271043157726318
276.5089776120506,-15.111709223159808,12194.93945546138,-4.220599099574393,14.515527031396289
276.50235471757685,-14.904563251946554,39.53713975858409,2.0023369019771478,20.73846303294783
276.5033826319408,-14.956281846595955,13922.937825944966,-4.364477187730721,14.371648943239961
276.50562045678373,-15.05268270057986,4416.461924927302,-3.1178362049752737,15.618289925995409
276.4956707555479,-14.72501148668518,1597.7712917619792,-2.0139365123945088,16.722189618576174
276.50492797663054,-15.066731042062322,4788.43922562572,-3.205634927746038,15.530491203224644
276.5044771121656,-15.049268296519875,1611.5589385729909,-2.0232654616422305,16.71286066932845
276.49458272948647,-14.712769521548028,2417.5980106490097,-2.46361020239593,16.27251592857475
276.50438758570056,-15.04596958585402,1465.7881034416932,-1.9203279597488454,16.815798171221836
276.49546828770457,-14.751383507924185,2293.6645213310767,-2.4064747206144474,16.329651410356234
276.49735944598416,-14.824001783395671,5054.309592999838,-3.2643045792115273,15.471821551759154
276.49546916581795,-14.755447883267232,1685.2104061315767,-2.0717853088711973,16.664340822099483
276.5016027468623,-14.978360389299493,34063.83978189676,-5.335883981844497,13.400242149126186
276.4970637831475,-14.820132125847742,2777.485904746907,-2.614279637445623,16.12184649352506
276.5029278374241,-15.03443115499365,8252.845034934435,-3.796659204232519,14.939466926738163
276.5021384145769,-15.00450205486482,757.4434681724306,-1.2035255403087586,17.53260059066192
276.5046191218588,-15.10791030488237,3060.575856135678,-2.719657848129196,16.016468282841487
276.501905119884,-15.023261556503297,1175.806685401214,-1.680989791248622,17.05513633972206
276.5001019319965,-14.995171473709513,3963.3269379741687,-3.00029972608802,15.735826404882662
276.4995721257428,-14.99192572846713,4541.776463438677,-3.148214366721348,15.587911764249334
276.4954060645372,-14.843027653874309,78.98311098550039,1.251014432376441,19.987140563347122
276.49419425310634,-14.819644709960928,4738.812710655373,-3.194323839994437,15.541802290976245
276.4976105707461,-14.982723899071749,39180.11043132976,-5.487814117679153,13.248312013291528
276.4924568706697,-14.814557796542957,15520.59116502908,-4.482420626105432,14.25370550486525
276.4959522606864,-14.941713075688357,1112.5336669835015,-1.6209328840004682,17.115193246970215
276.4906587260574,-14.762765394188827,605.8023671698465,-0.9609773933293042,17.775148737641377
276.4988291269913,-15.0454135188066,3205.0535911603,-2.769738217520657,15.966387913450024
276.4962439841887,-14.987423436713192,2920.1595019313463,-2.668666412520389,16.067459718450294
276.4930043451373,-14.871354073919607,1136.9574207237383,-1.6445104797688317,17.09161565120185
276.4975813848065,-15.042285579559406,958.4698346361838,-1.4590961011485304,17.27703002982215
276.49429192978977,-14.934130955101248,718.3019924509499,-1.1459176560600268,17.590208474910654
276.49612024674286,-15.003223420248831,2153.7956374316127,-2.338161210698922,16.39796492027176
276.49176420449663,-14.885278273470668,970.5957327754368,-1.4727459223388673,17.263380208631816
276.4917565743116,-14.902750694311777,4264.67476661293,-3.0798647696279384,15.656261361342743
276.4959748634855,-15.053946495352939,7749.3761297354795,-3.728316829966559,15.007809301004123
276.48549761051675,-14.691294837828309,4618.978761089362,-3.1665148915337515,15.56961123943693
276.496080466265,-15.070010869490382,231713.34350833908,-7.417527588098913,11.318598542871769
276.4944512584818,-15.035419633425521,13213.749127877461,-4.307715121247146,14.428411009723536
276.4901316665909,-14.91048824530245,2532.900624204507,-2.5141953558694663,16.221930775101214
276.4931562856227,-15.029579828547766,1447.7866333263228,-1.9069113850500523,16.82921474592063
276.49014286947573,-14.993434485921346,2588.318675800605,-2.5376943432241057,16.198431787746575
276.49038165341267,-15.050409810191189,76481.73348771353,-6.214044285394848,12.522081845575833
276.4897627965792,-15.027257099547308,65028.46146999598,-6.037908675849447,12.698217455121235
276.47916665965045,-14.694209010845672,2521.3814987353107,-2.509246382733762,16.226879748236918
276.4835624042993,-14.863084725999984,27484.970926221533,-5.1028881830761685,13.633237947894514
276.48996358429554,-15.09338981247955,18273.709311914514,-4.659716758604146,14.076409372366536
276.47936099208073,-14.748953624613874,5587.231525507756,-3.3731416487406736,15.362984482230008
276.483053844719,-14.883362110806454,11881.578285746087,-4.19233531294278,14.543790818027901
276.48211007747676,-14.854149780389257,2813.7546854233005,-2.628365556294959,16.107760574675723
276.48308773304683,-14.944906396232522,2862.262043888426,-2.646923457020056,16.089202673950627
276.48575232153036,-15.056250544351787,9033.03916090788,-3.8947347109001114,14.84139142007057
276.48658307128744,-15.090095596601005,4192.825971008155,-3.061417070293917,15.674709060676765
276.48314702976376,-14.998834580457546,1449.0917024496885,-1.9078896525011304,16.828236478469552
276.48479400253456,-15.076564938861956,5557.105161392195,-3.3672715167023766,15.368854614268304
276.4758578926755,-14.786245921390888,3318.2553414138674,-2.807424483701313,15.928701647269369
276.47380523337955,-14.727685342432046,1857.7255209152936,-2.177603846708167,16.558522284262516
276.47818990949656,-14.907864142275406,28668.881345668036,-5.148676846291122,13.587449284679561
276.4748521394978,-14.799665155077706,3322.362178943091,-2.8087674138572325,15.92735871711345
276.4835507439029,-15.103118660615326,1906.605304052151,-2.2058019704870686,16.530324160483612
276.4733002555942,-14.743361854039293,3495.0109737245,-2.863771337551706,15.872354793418976
276.480357023402,-15.010901028086407,5247.170152035149,-3.3049628469784214,15.43116328399226
276.4758813581593,-14.864709473259618,1091.720315240651,-1.6004284581581676,17.135697672812515
276.47476342777037,-14.819722021472938,3888.248967086278,-2.9795351415699622,15.75659098940072
276.47860708285856,-14.961276621809247,7104.105928408899,-3.6339235496397353,15.102202581330946
276.478006192739,-14.967763870607943,1313.959538227762,-1.8016049579794493,16.934521172991232
276.472611016896,-14.792399186569174,1791.956654260699,-2.138468729019285,16.5976574019514
276.47366083837943,-14.841080417322743,2026.591516901426,-2.2720655293405696,16.464060601630113
276.47615324651304,-14.934878659467913,2366.7300533279486,-2.4405217923063733,16.295604338664308
276.47561279777693,-14.92366133571839,6147.333085865466,-3.476866842029102,15.25925928894158
276.47054160663765,-14.755635100450295,1434.7230887091137,-1.8970701967606813,16.839055934210002
276.46962749326644,-14.745439147098843,34408.14090099976,-5.3468029982732155,13.389323132697466
276.4769226455247,-15.003308154031922,7876.397658531969,-3.7459690643246315,14.99015706664605
276.47880249700444,-15.107561701779824,3557.2924770383543,-2.8829489131018438,15.853177217868838
276.4710236196366,-14.850941241495205,13138.557708565466,-4.3015192107113895,14.434606920259291
276.4746178249418,-14.997583527478353,17157.58252014735,-4.5912902191352405,14.144835911835441
276.47518575182147,-15.027180207790877,3483.7228833819245,-2.8602589814977737,15.875867149472908
276.4684939947012,-14.800454028537631,2413.8668926676037,-2.461933273860585,16.274192857110098
276.46845150487843,-14.81797363637805,4525.946972972648,-3.1444236317081082,15.591702499262574
276.4686554780505,-14.864973345555295,11231.788903680652,-4.131272309562151,14.60485382140853
276.4711403327928,-14.956639376613404,1576.3851334217397,-1.9993058044874215,16.73682032648326
276.46913361762705,-14.915032060283723,7762.487737160605,-3.7301522960841744,15.005973834886507
276.46888906348346,-14.907001182054076,26473.11163462898,-5.062162455895772,13.67396367507491
276.4725997087883,-15.048923573311916,15909.113603293103,-4.509264935933755,14.226861195036927
276.46861109816416,-14.930622775326297,1154.1105754391901,-1.6607685298373203,17.075357601133362
276.47148172876757,-15.042013126938977,1117.0948371697232,-1.6253750899610293,17.110751041009653
276.4672797663554,-14.89912798469857,2505.133513698027,-2.5022271708112194,16.23389896015946
276.4629364964965,-14.777945565466327,2161.9534738848233,-2.3422658371312837,16.3938602938394
276.46794615429076,-14.963509220174968,6197.902010316277,-3.485761742574947,15.250364388395734
276.46220795820545,-14.794406400631418,3308.010222545032,-2.804067085711655,15.932059045259027
276.46729431717523,-14.97479497752816,4014.007796434562,-3.0140955075334137,15.722030623437268
276.46728060308163,-15.017641441355783,3531.76658084456,-2.875129960203615,15.860996170767066
276.46814321427684,-15.058285883230901,6908.222001657145,-3.603565692186094,15.132560438784587
276.4695347649168,-15.107058422970354,6385.491282479263,-3.5181357691477273,15.217990361822954
276.4671332639361,-15.027588549652206,2946.0460256831575,-2.678248797030496,16.057877333940187
276.4685975696173,-15.090969565272333,1094.8828696176424,-1.6035691305990463,17.132557000371637
276.4634914347709,-14.961829052757887,76.16943378671567,1.290398203597871,20.026524334568553
276.4558278192015,-14.70689751674028,5809.343935772609,-3.4154677012226746,15.320658429748008
276.4647441923908,-15.050854195799507,1950.659573264973,-2.2306036869770516,16.50552244399363
276.4596275924228,-14.881223172155384,3832.7956817119775,-2.963939149681642,15.772186981289039
276.4580080850568,-14.822190995965906,77635.94324939602,-6.23030706306436,12.505819067906323
276.4659707092679,-15.10448880071841,17379.4531032191,-4.605240243182779,14.130885887787903
276.46007841905697,-15.000830993798468,9009.218174438378,-3.891867738991855,14.844258391978826
276.4544728986009,-14.818882037090834,2629.4983867650662,-2.554832250079083,16.181293880891598
276.452605106705,-14.761969450221642,5248.859854794937,-3.3053124213367715,15.43081370963391
276.45546200199897,-14.878540755420978,4450.593471687207,-3.1261947947012665,15.609931336269415
276.4544276687349,-14.867951752060295,1657.0136994066925,-2.0534652257595236,16.682660905211158
276.448557279345,-14.673805317976148,109.73086198032252,0.8940280447500628,19.630154175720744
276.4585795936985,-15.065025005052865,4150.457252096538,-3.050389841258668,15.685736289712015
276.4556599220226,-14.961896348122414,7952.933231407311,-3.7564683192270087,14.979657811743673
276.4543385962085,-14.919334768279507,95412.95724439336,-6.4541683699445995,12.281957761026081
276.45179890897765,-14.835090077851124,8872.09301765859,-3.875215194413219,14.860910936557463
276.45149421539566,-14.858420460571404,1206.6477762804643,-1.7091012705027535,17.02702486046793
276.45561578506044,-15.025202200835214,11921.43698506838,-4.195971497088825,14.540154633881857
276.4556393537553,-15.064763530758103,17386.45379579883,-4.605677505211754,14.130448625758927
276.4448285630899,-14.692367939256961,5130.646797969122,-3.2805802736931073,15.455545857277574
276.44387169210705,-14.67838409669693,2857.3667914426114,-2.6450649608614323,16.09106117010925
276.450185776824,-14.929725837463794,4695.131559432353,-3.18426939300682,15.551856737963861
276.45198857489777,-15.009270218433663,6225.411175684247,-3.490570080764841,15.245556050205842
276.44378566543,-14.73099686387945,20969.054334913577,-4.809097090917522,13.92702904005316
276.45183903547536,-15.018940132730247,944.8112609858872,-1.4435126305482182,17.292613500422462
276.4499235948997,-14.986747224672335,2087.8051055754913,-2.304374866535798,16.431751264434883
276.44185653605274,-14.723505110869835,7775.83908092256,-3.7320181393042056,15.004107991666476
276.4516598211585,-15.099913481212731,2.129406898646266,5.174203379883288,23.91032951085397
276.45116116849596,-15.086470430597737,2507.9288543715375,-2.503438008684593,16.23268812228609
276.4515980990976,-15.113327450232546,12977.509128412705,-4.288128335906981,14.447997795063701
276.44183558673745,-14.799636925247622,6500.3877583283975,-3.5374981377268657,15.198627993243816
276.44477229822775,-14.91725577184665,7856.907506308868,-3.7432790796700792,14.992847051300602
276.44639872404423,-14.978761482215202,3107.341472363827,-2.7361224318745907,16.00000369909609
276.44222230461975,-14.831865622480478,5364.180808968398,-3.328908498497482,15.4072176324732
276.4491518838648,-15.08480003473353,2153.2872261871453,-2.3379048884896365,16.398221242481046
276.4478041142367,-15.052230578710974,4903.120091205332,-3.2313313044952565,15.504794826475425
276.4424629292856,-14.872475325353516,25878.45103901813,-5.037495673251751,13.69863045771893
276.4485085102413,-15.106867177079264,79.21914890404878,1.2477745911225344,19.983900722093217
276.446266580721,-15.050306344449366,11925.790519207461,-4.1963679196654216,14.53975821130526
276.43961235760406,-14.88327060556229,47494.04514993439,-5.696747880242871,13.039378250727811
276.43373085429704,-14.678897847502263,11636.652318378357,-4.1697201248166635,14.566406006154018
276.4450872417336,-15.102586649637699,75.86736278053286,1.2947125520553247,20.030838683026005
276.44344802496676,-15.074583877948287,302.88701898070576,-0.2083516305703846,18.527774500400298
276.4443038979596,-15.106282561329866,6652.72176865369,-3.56264838002644,15.173477750944242
276.4413301694976,-15.025278773064514,1678.5936047384093,-2.067513888732017,16.668612242238666
276.43788033949784,-14.905526467990699,94360.14704685565,-6.442121500820424,12.294004630150258
276.4420935980518,-15.07631428352003,2901.449658706755,-2.6616875777843307,16.07443855318635
276.43384584036295,-14.788608615373782,6531.044396231395,-3.5426065682809686,15.193519562689714
276.43609111697305,-14.875025326045819,6679.9509871550035,-3.5670831681591384,15.169042962811544
276.4338168249873,-14.79656811831852,10999.022473412588,-4.108535201836538,14.627590929134143
276.4394112925203,-14.996261762772923,1247.844329977721,-1.7455510032874797,16.9905751276832
276.4349653511442,-14.843178393836306,2481.717867101346,-2.4920309968455427,16.24409513412514
276.43027237918733,-14.68610218940657,22886.958689429383,-4.9041201926239015,13.83200593834678
276.4380639683322,-14.96416618173756,7735.085181597569,-3.7263127299998677,15.009813400970813
276.43330669556445,-14.87993401215999,11826.894426767678,-4.187326778524246,14.548799352446437
276.4345506110591,-14.961754820071633,57800.03926657825,-5.909970311968653,12.826155819002029
276.4365076633972,-15.049403141516162,555.5297356538067,-0.8669182539051706,17.869207877065513
276.43743409912713,-15.090277159680374,45.08247735744226,1.8598305885873678,20.59595671955805
276.43627788848323,-15.053795536140605,1484.9038305717695,-1.934395797293966,16.801730333676716
276.43236208209873,-14.948025098309385,10615.31975755802,-4.069982679909724,14.666143451060957
276.43182697283487,-14.932051253213858,1344.415151007277,-1.8264834736841147,16.909642657286568
276.42785496133837,-14.792509910160659,89210.06160279439,-6.3811845764839825,12.3549415544867
276.4271577091994,-14.775822839782604,20398.351743723942,-4.77913766924674,13.956988461723942
276.4319188647321,-14.958760515536197,1246.658558789175,-1.7445187857560982,16.991607345214582
276.4293302424127,-14.94863738841099,5227.627435673283,-3.300911549731947,15.435214581238736
276.43233083989986,-15.05905608476892,1820.9031750258218,-2.1558671112449086,16.580259019725773
276.43118133675114,-15.025935328677388,750.0662307030143,-1.1928990113288322,17.54322711964185
276.42927323463374,-14.957933466458568,10690.383279488728,-4.07763316865312,14.658492962317561
276.42845347007824,-14.960776637409682,2364.3680862089823,-2.439437700050016,16.296688430920668
276.42381129990014,-14.800695829633334,1679.2865823793763,-2.0679620231993834,16.668164107771297
276.4319157997011,-15.100305152251643,36464.72380785557,-5.409832299484662,13.32629383148602
276.4262123799402,-14.911896303914759,796.2165294036022,-1.2577279514873883,17.478398179483293
276.42131310869996,-14.749729916062869,4072.8864629198797,-3.0299057376285345,15.706220393342146
276.42798053530475,-15.039526131229689,959.4167505393416,-1.4601682197716084,17.27595791119907
276.4210860635873,-14.847791862312427,36765.2905606645,-5.41874498483149,13.31738114613919
276.4235361110664,-15.036129719017188,1653.91444648389,-2.051432579963216,16.684693551007467
276.422908261833,-15.022364717100405,17540.01857432186,-4.615225100655681,14.120901030315
276.4199400284506,-14.927525222364729,2470.3662719370404,-2.4870533514368867,16.249072779533794
276.41497417417776,-14.779790660147093,4353.223335569775,-3.102177349703795,15.633948781266888
276.423455399838,-15.106347055942841,27399.627229791768,-5.099511614098456,13.636614516872225
276.4219122770474,-15.053079707493152,1878.0897999999725,-2.1894408633635507,16.54668526760713
276.4207651588888,-15.019559762023167,8241.800161619678,-3.795205178336944,14.940920952633737
276.4120858850715,-14.75168219944386,160810.91067214293,-7.020938756701039,11.715187374269643
276.41340288806765,-14.834548144549258,115678.32825496586,-6.663279987608009,12.072846143362673
276.4145720258865,-14.944696675542117,4410.65620427487,-3.1164079966010956,15.619718134369586
276.4072763859326,-14.698933642539986,25195.553388920467,-5.008459732153479,13.727666398817203
276.40586431871657,-14.665619849231453,8375.197283733156,-3.8126375931824272,14.923488537788256
276.4184065393936,-15.114254013382375,31008.267116207004,-5.233843719703488,13.502282411267194
