ID,X_pix,Y_pix,RA_deg,Dec_deg,Fluxo,Mag_Inst,SNR,Std_Fundo,Area_Ap,Exptime,Mag_G_Calibrada
451,2204.8440127870936,1270.3620086995506,276.5308418628304,-14.793600430176484,4684588.896046768,-10.681828689958802,2158.712675096299,6.2786552804884215,625.9983263132058,250,7.737918542557125
178,289.16724681400905,504.87038925013553,276.6531021445228,-15.066602528039285,665513.2030797655,-8.563041667921048,801.0728793228911,6.2786552804884215,625.9983263132058,250,9.85670556459488
472,1749.7748981203858,1318.2261055491513,276.525610124639,-14.85940127448252,518476.9392453306,-8.291973589962716,703.5057602734635,6.2786552804884215,625.9983263132058,250,10.127773642553212
48,1920.213477533433,136.23206697202016,276.70115888878047,-14.829945350768408,469037.4372905757,-8.183168749072594,667.527623975822,6.2786552804884215,625.9983263132058,250,10.236578483443333
661,2517.7694164840077,2058.104692522373,276.4120788634073,-14.751642219429767,398110.92115922016,-8.005160207096331,612.2691742662729,6.2786552804884215,625.9983263132058,250,10.414587025419596
547,294.8752652804137,1556.7105614229208,276.4960812999995,-15.07001128088143,384069.6586874304,-7.966174976998924,600.7343510469494,6.2786552804884215,625.9983263132058,250,10.453572255517003
192,39.42846959895621,555.5950624566666,276.6465851293749,-15.102794448916647,287267.5386274981,-7.650866361508516,514.3364495923738,6.2786552804884215,625.9983263132058,250,10.768880871007411
350,1121.1244058367065,1007.8023380868864,276.57455097592646,-14.94875936442084,236197.45916166552,-7.438338032025889,462.4436008716872,6.2786552804884215,625.9983263132058,250,10.981409200490038
646,2231.693660905296,1960.2423556788383,276.4278555742921,-14.792496743972666,187970.64012854948,-7.190375029326052,407.62322353397104,6.2786552804884215,625.9983263132058,250,11.229372203189875
376,1818.3247716649903,1066.943828018,276.56279995946693,-14.848499407483471,182784.30300236456,-7.1599972208712686,401.30032218400754,6.2786552804884215,625.9983263132058,250,11.259750011644659
6,1100.9471968110756,35.21283326254797,276.7197294021827,-14.94764859830143,169329.5569291007,-7.076981908306217,384.435665341798,6.2786552804884215,625.9983263132058,250,11.342765324209712
284,2663.974168684957,819.087806624101,276.59618617759173,-14.725537988779948,168154.6494688447,-7.069422178421071,382.92949620832695,6.2786552804884215,625.9983263132058,250,11.350325054094856
111,2517.027102912942,311.5402246770329,276.67246956064463,-14.744609215428948,164827.7608289919,-7.047725875355844,378.6337989779324,6.2786552804884215,625.9983263132058,250,11.372021357160083
609,1347.5136808500238,1807.225454825388,276.4543391400692,-14.919332346593112,161358.80664721318,-7.024631661639581,374.1049614857727,6.2786552804884215,625.9983263132058,250,11.395115570876346
98,2755.596547352506,289.5085229262413,276.674732746481,-14.71010297054801,160139.3030225212,-7.0163948132867535,372.5004948546027,6.2786552804884215,625.9983263132058,250,11.403352419229174
632,1446.2886424252558,1914.8317107543048,276.4378769865432,-14.905521819325928,158451.02146645606,-7.004887586438566,370.2684365329525,6.2786552804884215,625.9983263132058,250,11.41485964607736
343,1468.7848229317726,992.0682333111548,276.5754375015878,-14.898583741898026,139243.61511038273,-6.86458820362728,343.9200078346426,6.2786552804884215,625.9983263132058,250,11.555159028888648
61,283.72801455317415,201.699462460924,276.6983715500406,-15.06613553032644,138674.6665793782,-6.8601428042245765,343.11071531843936,6.2786552804884215,625.9983263132058,250,11.559604428291351
452,2765.882902811676,1275.2208639226233,276.5277616883292,-14.71271814055806,135472.62632150995,-6.834778854011856,338.52246913337973,6.2786552804884215,625.9983263132058,250,11.584968378504072
372,684.7244923273892,1058.0133258873757,276.5688885446453,-15.01185390885358,134608.2874275524,-6.827829475611448,337.27400963395485,6.2786552804884215,625.9983263132058,250,11.59191775690448
375,820.5588662237424,1066.2757287874292,276.56708676543826,-14.992313043123492,132668.68723214534,-6.812071057768198,334.45670361919883,6.2786552804884215,625.9983263132058,250,11.60767617474773
552,431.8831842406559,1591.0768080167895,276.49038428777425,-15.050409606567491,126850.23389636184,-6.763378159181281,325.8702976928151,6.2786552804884215,625.9983263132058,250,11.656369073334647
54,1360.6488693467345,169.56858568092036,276.6985791836301,-14.910771551794069,115499.78539833956,-6.661602921565563,308.4905671186627,6.2786552804884215,625.9983263132058,250,11.758144310950364
520,785.1790088256274,1464.5851955180983,276.5077970117683,-14.999007363522136,115244.67262683217,-6.659202124705246,308.0896593723558,6.2786552804884215,625.9983263132058,250,11.760545107810682
10,29.435161033703725,40.11946769006382,276.72356861090486,-15.102108381266394,111958.23424049384,-6.627790079152637,302.8819656547725,6.2786552804884215,625.9983263132058,250,11.79195715336329
55,393.54027059846646,176.90647490859365,276.7016047845053,-15.050207307720978,111361.91556156364,-6.621991710141425,301.92830862828674,6.2786552804884215,625.9983263132058,250,11.797755522374501
8,1006.0524132200836,37.24071041927356,276.719832497095,-14.961337404844992,109374.00932802714,-6.602435309217095,298.72927942311804,6.2786552804884215,625.9983263132058,250,11.817311923298831
340,312.2889805666252,988.38243210862,276.58083973016426,-15.065237080083532,108476.75380445425,-6.593491679170452,297.2751914798819,6.2786552804884215,625.9983263132058,250,11.826255553345476
320,320.3435889644395,925.0207712998376,276.5902630834861,-15.063820912504893,104270.34073213092,-6.550551960120837,290.3710061361023,6.2786552804884215,625.9983263132058,250,11.86919527239509
120,105.06142297039914,345.3220441902247,276.67769382103893,-15.09247508800286,95988.84601703649,-6.460701904807202,276.3294348106655,6.2786552804884215,625.9983263132058,250,11.959045327708726
104,1837.2743762257444,296.11931780024725,276.6776719377767,-14.842578608450744,95375.24346571538,-6.453739127304752,275.2637811906134,6.2786552804884215,625.9983263132058,250,11.966008105211175
243,1985.9391467823395,715.7760855610738,276.6144615961401,-14.822890096976826,86137.79346014862,-6.343134334593714,258.75771238886426,6.2786552804884215,625.9983263132058,250,12.076612897922214
507,2689.2122570914107,1410.3047068063524,276.50794618291525,-14.724325127708608,84783.3622973219,-6.325926567352244,256.2598730904396,6.2786552804884215,625.9983263132058,250,12.093820665163683
459,2914.071019909881,1290.1449245754688,276.52491410872085,-14.691407284640226,83870.05400357349,-6.314167284964735,254.56359790682717,6.2786552804884215,625.9983263132058,250,12.105579947551192
628,1600.2806649737718,1898.9427829164783,276.43961087073984,-14.883266352598246,81733.93091367668,-6.286155944296263,250.5576293677199,6.2786552804884215,625.9983263132058,250,12.133591288219664
658,56.04811972227351,2049.7609208162944,276.4234596350544,-15.106334210028232,77396.91722923826,-6.2269591352922,242.2504367633408,6.2786552804884215,625.9983263132058,250,12.192788097223728
440,1968.198501514658,1235.2988494269362,276.5370630513145,-14.827577019714134,74703.12090350251,-6.188496843061111,236.9666539298024,6.2786552804884215,625.9983263132058,250,12.231250389454816
651,96.3815098748558,1991.9580317605323,276.43192413537975,-15.100302029250653,72764.30737387098,-6.159945977708853,233.10149799373283,6.2786552804884215,625.9983263132058,250,12.259801254807074
639,2969.045501721031,1923.5574360227963,276.43026691672515,-14.686039246337216,70624.4023481033,-6.127536942494163,228.77223539741297,6.2786552804884215,625.9983263132058,250,12.292210290021764
290,2278.639087661837,834.3459236360869,276.5955430568018,-14.781173197335118,68180.02359471447,-6.089292846287365,223.74219559879137,6.2786552804884215,625.9983263132058,250,12.330454386228563
653,1849.6806540746627,2016.23857975354,276.4210837849178,-14.847783096806827,67931.6556051186,-6.085330476279327,223.2258740380381,6.2786552804884215,625.9983263132058,250,12.3344167562366
153,1746.9967136038588,418.6017728456141,276.6597915003477,-14.856108702914002,64540.368618028064,-6.02972858211754,216.0751324601281,6.2786552804884215,625.9983263132058,250,12.390018650398387
39,2707.6700738607947,120.05657011034248,276.7001943001602,-14.716297584488968,55992.45608609647,-5.875473773474763,197.1391131949518,6.2786552804884215,625.9983263132058,250,12.544273459041165
619,2655.124156471968,1841.61649450644,276.4437870579344,-14.730977832090762,54548.443726730766,-5.847105889895952,193.7973481883095,6.2786552804884215,625.9983263132058,250,12.572641342619976
100,1792.72843925692,293.5207133741512,276.678249472714,-14.848991193011983,51930.93034284964,-5.79371523595075,187.62338584043547,6.2786552804884215,625.9983263132058,250,12.626031996565178
554,1732.1287877274171,1600.6507482991406,276.48355904530945,-14.863079010876692,49265.28477145016,-5.736502472106664,181.17247338978223,6.2786552804884215,625.9983263132058,250,12.683244760409263
237,1142.5915044614198,704.2627581220607,276.6197452039696,-14.944425970771904,48967.16888253897,-5.7299124665544365,180.4402632282179,6.2786552804884215,625.9983263132058,250,12.689834765961491
564,1422.68503450454,1645.2720510182842,276.47818904273527,-14.907857499477403,48305.59513512318,-5.715143571015294,178.80736530087913,6.2786552804884215,625.9983263132058,250,12.704603661500634
139,2660.9411788507214,379.7279263254314,276.6616903438708,-14.724138120829284,47417.84624413855,-5.695004538553114,176.5986188498708,6.2786552804884215,625.9983263132058,250,12.724742693962813
173,3060.367923189413,487.77811325661816,276.64388022379546,-14.666973851027938,47195.30952037725,-5.6898970749771705,176.04172663215704,6.2786552804884215,625.9983263132058,250,12.729850157538756
629,3018.376298222552,1898.943871416414,276.4337308739234,-14.678827109698377,47011.03886618948,-5.685649599529656,175.57960736152003,6.2786552804884215,625.9983263132058,250,12.734097632986272
512,2109.5825624667086,1421.3064279166467,276.50873225262035,-14.807946272368524,46663.942800975,-5.677603556018247,174.70670461843045,6.2786552804884215,625.9983263132058,250,12.74214367649768
647,2347.624356123705,1961.6901065496236,276.4271596106086,-14.7757897836141,45746.42348383379,-5.656042843345098,172.38366528186594,6.2786552804884215,625.9983263132058,250,12.76370438917083
587,1430.374510975632,1707.3921257095271,276.46888983995257,-14.906995903775996,45098.57899094344,-5.640557123141495,170.72952887827776,6.2786552804884215,625.9983263132058,250,12.779190109374433
425,1412.6069809174392,1198.1139184972594,276.54493751357404,-14.907517744528482,41739.32504515024,-5.55651353315159,161.9591107597539,6.2786552804884215,625.9983263132058,250,12.863233699364336
473,1029.9418894379528,1319.6746896771642,276.52840117926,-14.963158525914016,40666.25931193621,-5.5282355424208784,159.08570923347975,6.2786552804884215,625.9983263132058,250,12.891511690095049
273,2093.364252739091,791.795360166297,276.60267133608664,-14.807714243779811,39205.7683528944,-5.488524902218628,155.11556681985982,6.2786552804884215,625.9983263132058,250,12.931222330297299
467,2229.257927916969,1310.9744682868668,276.5246836804116,-14.79024522918152,39023.30753025634,-5.483460169493992,154.61462903212708,6.2786552804884215,625.9983263132058,250,12.936287063021936
369,274.8972505796822,1054.4868200115836,276.571129478056,-15.070890354072848,36386.16461161309,-5.407490678167768,147.2460925879888,6.2786552804884215,625.9983263132058,250,13.01225655434816
23,1292.1651044095324,84.70508905657181,276.71152954922195,-14.92028876932312,35361.46805836953,-5.376475695276442,144.3153709461774,6.2786552804884215,625.9983263132058,250,13.043271537239486
28,202.24556682014685,99.32879958902856,276.71399604078545,-15.077452412326943,31772.843137803487,-5.260290174957538,133.7277782176649,6.2786552804884215,625.9983263132058,250,13.15945705755839
219,356.15368832318745,633.4610335531388,276.6336278076077,-15.057476525215709,30539.71693387616,-5.2173124967101945,129.9650470710099,6.2786552804884215,625.9983263132058,250,13.202434735805733
612,338.66386345328493,1826.4179128495816,276.45564060635354,-15.064761494979487,29028.1634556239,-5.16219887806797,125.25881576014795,6.2786552804884215,625.9983263132058,250,13.257548354447957
381,2929.9115661774617,1080.7922725029637,276.5560521597583,-14.68826339518017,28563.87107580545,-5.144692638823248,123.7916132433244,6.2786552804884215,625.9983263132058,250,13.27505459369268
305,2777.293970809899,878.8673028624631,276.5867952593399,-14.709441613225977,28544.64816806768,-5.143961714332254,123.7306424836662,6.2786552804884215,625.9983263132058,250,13.275785518183675
579,801.1476184933415,1686.4619595555298,276.4746197178092,-14.99758508561578,28304.95542269212,-5.1348061664532185,122.9688757503746,6.2786552804884215,625.9983263132058,250,13.284941066062709
315,1161.3183927208058,907.1449341589638,276.58939915737466,-14.942556701118155,28080.980716953985,-5.126180656526628,122.2545112155426,6.2786552804884215,625.9983263132058,250,13.2935665759893
399,1445.0188327020353,1126.7715045186474,276.55544397302765,-14.902557066973175,28044.901503399717,-5.124784775972379,122.13920499924292,6.2786552804884215,625.9983263132058,250,13.294962456543548
494,3032.0877615240865,1369.7056232970651,276.5125594196474,-14.674711062259448,27389.401844759297,-5.099106347896307,120.03293512175492,6.2786552804884215,625.9983263132058,250,13.320640884619621
211,2666.822941787156,609.0341791061185,276.6274853347997,-14.724252281369916,27113.41893064353,-5.0881106893766574,119.13962138422475,6.2786552804884215,625.9983263132058,250,13.33163654313927
588,445.4258806816119,1709.8300408508987,276.4726029741373,-15.04892581453047,25973.838161881373,-5.041490303814134,115.40892073772996,6.2786552804884215,625.9983263132058,250,13.378256928701793
74,2596.3879844105622,232.73682819619785,276.6838764444004,-14.7328287647363,25783.713743031894,-5.033513655544012,114.77976495795173,6.2786552804884215,625.9983263132058,250,13.386233576971915
268,1498.2648085336598,777.5466853320123,276.60731156927574,-14.89345617239782,24781.563860353723,-4.990471751831203,111.43059348337948,6.2786552804884215,625.9983263132058,250,13.429275480684725
133,787.7875699239327,373.1954984051728,276.6706403392198,-14.994201135209224,24196.81982146669,-4.964545704764222,109.45020812812146,6.2786552804884215,625.9983263132058,250,13.455201527751704
42,1981.752818844683,124.11298431016196,276.70270245106747,-14.821019333562507,24018.230540057997,-4.956502501079221,108.84142667508496,6.2786552804884215,625.9983263132058,250,13.463244731436706
14,2649.62843593622,44.18359625400623,276.7117523024765,-14.724347374934876,23918.381644538134,-4.951979456470367,108.50024407746588,6.2786552804884215,625.9983263132058,250,13.46776777604556
578,1818.6072519915967,1682.2799792389228,276.47102404504994,-14.850939380486825,23404.081558588543,-4.928378985498821,106.7335299628812,6.2786552804884215,625.9983263132058,250,13.491368247017107
525,1082.2768281956603,1485.892624499846,276.5033822946004,-14.956280902138824,23370.83240945777,-4.926835431144298,106.61876873147588,6.2786552804884215,625.9983263132058,250,13.49291180137163
295,1627.559948297896,852.4281827729523,276.595597066119,-14.875124010911168,23068.949162423087,-4.91271950825558,105.57373957926131,6.2786552804884215,625.9983263132058,250,13.507027724260347
636,2202.5233503790496,1921.0342990771023,276.4338233352697,-14.796546520148716,22016.793375702637,-4.8620351449448185,101.88746685553002,6.2786552804884215,625.9983263132058,250,13.557712087571108
627,440.6273284181736,1886.3992642934927,276.4462672472682,-15.05030774122432,21279.539505183056,-4.825055542015373,99.26240261988076,6.2786552804884215,625.9983263132058,250,13.594691690500554
621,2707.6333986753334,1853.0555653871247,276.44186338656243,-14.723452280030555,21055.400251666724,-4.8135587321594455,98.45725018373648,6.2786552804884215,625.9983263132058,250,13.606188500356481
232,451.5080753778392,684.8872418337545,276.6255510290008,-15.043946191875962,21041.82234063599,-4.812858351982586,98.40836796334622,6.2786552804884215,625.9983263132058,250,13.606888880533342
337,414.1092082826523,977.451235787182,276.58204484607904,-15.050522508934767,20903.919579517213,-4.805719293137706,97.91119936496716,6.2786552804884215,625.9983263132058,250,13.614027939378222
69,670.1414796583086,217.28172733107863,276.69440358337164,-15.010510403514091,20877.077253643656,-4.804324224027849,97.81427830631355,6.2786552804884215,625.9983263132058,250,13.61542300848808
405,844.221565997819,1143.5655146444822,276.55545468754167,-14.989214786431305,20786.092080496197,-4.799582095418737,97.48539098106308,6.2786552804884215,625.9983263132058,250,13.62016513709719
316,1828.432500161949,906.9165369691564,276.58662330737576,-14.846387603249717,20784.10882776417,-4.799478497685316,97.47821580679089,6.2786552804884215,625.9983263132058,250,13.620268734830612
584,1721.8183308477105,1700.8801375499097,276.4686517776042,-14.864964673047728,20128.711497435757,-4.764689916353299,95.09231187710488,6.2786552804884215,625.9983263132058,250,13.65505731616263
557,1591.6354878265995,1607.9666169248092,276.48305213459673,-14.883358596127504,20064.99047716218,-4.76124737320463,94.8587553260772,6.2786552804884215,625.9983263132058,250,13.658499859311299
444,283.1617159489708,1242.7937362565626,276.5429877006381,-15.070453691723188,19506.05738508067,-4.730573722163085,92.79779999644066,6.2786552804884215,625.9983263132058,250,13.689173510352843
4,232.08167660128163,35.04091984010857,276.7234634512866,-15.072884892289828,18870.91712989763,-4.694632496985379,90.4284988462729,6.2786552804884215,625.9983263132058,250,13.725114735530548
502,1964.6001308032933,1396.9235267025897,276.51297460342533,-14.828749758152313,18690.945603488828,-4.684228162209585,89.75173238587467,6.2786552804884215,625.9983263132058,250,13.735519070306342
447,978.4057913636012,1251.537497951781,276.5387829408112,-14.970312020871136,18418.05003716244,-4.668259099577827,88.72089612509767,6.2786552804884215,625.9983263132058,250,13.7514881329381
448,1754.0921039411764,1253.9029931432835,276.5351857823992,-14.858518918442693,18265.688973082462,-4.659240123914308,88.1429115487843,6.2786552804884215,625.9983263132058,250,13.760507108601619
345,2996.688418277047,995.0234873926568,276.56855359005164,-14.678277588408603,17969.580611500714,-4.6414948316048,87.01452567291828,6.2786552804884215,625.9983263132058,250,13.778252400911128
278,2764.5858523642105,807.0478404739804,276.59755436350315,-14.710976543333953,17788.226586936216,-4.630481610488891,86.3200803762183,6.2786552804884215,625.9983263132058,250,13.789265622027036
522,59.764177497707934,1469.5173228918452,276.51007139963195,-15.10353493503986,17722.298424432636,-4.6264500916553,86.06698902165796,6.2786552804884215,625.9983263132058,250,13.793297140860627
348,472.8802199244166,1007.3925357852796,276.5773300641088,-15.04217517161932,17524.364090794523,-4.614255647360354,85.30508176146624,6.2786552804884215,625.9983263132058,250,13.805491585155574
132,2488.661909660426,368.1532830798701,276.6641516353859,-14.748939169958453,17415.60991331801,-4.607496699616507,84.88513252870871,6.2786552804884215,625.9983263132058,250,13.81225053289942
650,1084.4287089673692,1982.524390300556,276.42926991479226,-14.95793118260151,17289.97631975729,-4.59963597448826,84.39882802985134,6.2786552804884215,625.9983263132058,250,13.820111258027667
239,1664.2141530828978,709.1164846428035,276.61681655852686,-14.86924994781376,17236.244947372994,-4.596256621562599,84.1904569556435,6.2786552804884215,625.9983263132058,250,13.823490610953328
327,682.9678689897587,945.640864935266,276.585664975416,-15.011652760840764,17075.381614531216,-4.5860760243917,83.56523290794047,6.2786552804884215,625.9983263132058,250,13.833671208124228
33,519.6955285408417,107.9154525913709,276.7113630296655,-15.031738338331978,16975.8944598104,-4.5797316446446725,83.17750705179975,6.2786552804884215,625.9983263132058,250,13.840015587871255
349,963.1971378417325,1007.5710161428818,276.5752482664643,-14.971519488470918,16805.477272809425,-4.568777105502369,82.51146877422937,6.2786552804884215,625.9983263132058,250,13.850970127013557
521,118.67678116448168,1466.4475505099645,276.51028550108526,-15.09503672186453,16776.74253735959,-4.566919077629152,82.39893016576264,6.2786552804884215,625.9983263132058,250,13.852828154886776
603,781.3738296263963,1784.481185436594,276.46007353696336,-15.00081980528882,16715.384701784118,-4.562940918966145,82.15839609949957,6.2786552804884215,625.9983263132058,250,13.856806313549782
598,2819.724648062009,1756.366480297483,276.4558113636724,-14.706902011019272,16683.54419466952,-4.5608707686369225,82.03345266009494,6.2786552804884215,625.9983263132058,250,13.858876463879005
101,706.0689039169476,294.61345516807984,276.68271224343823,-15.00565354841994,16468.09399722441,-4.546758321358352,81.18580149054795,6.2786552804884215,625.9983263132058,250,13.872988911157575
371,2564.1552612386736,1055.0130771171937,276.5614382217723,-14.74090820198353,16321.163357133104,-4.537027757375612,80.60549891358916,6.2786552804884215,625.9983263132058,250,13.882719475140316
504,2234.739019447808,1401.2877272141943,276.5111938967334,-14.78982079813835,16179.034323708853,-4.527531469223723,80.04242474128438,6.2786552804884215,625.9983263132058,250,13.892215763292205
610,1932.017924440357,1808.0652557629885,276.45179243083203,-14.835092138055176,16111.469458394218,-4.522987859251312,79.7741500176835,6.2786552804884215,625.9983263132058,250,13.896759373264615
229,175.8185537177624,679.9651688357897,276.62744653337194,-15.083650516485903,16106.847451384643,-4.522676342023555,79.75578352661734,6.2786552804884215,625.9983263132058,250,13.897070890492373
112,2836.816434913982,310.6558268469696,276.6712331698873,-14.698475902544883,15996.867619078255,-4.515237355439423,79.31821665457689,6.2786552804884215,625.9983263132058,250,13.904509877076505
332,1389.4034324471868,963.7638136857375,276.5799934324138,-14.90991109892191,15841.163377955963,-4.5046176610485125,78.69695104061891,6.2786552804884215,625.9983263132058,250,13.915129571467414
643,2886.22836299897,1951.3876064623903,276.4264622387956,-14.69809253683095,15815.319551875233,-4.502844906700454,78.59363040412836,6.2786552804884215,625.9983263132058,250,13.916902325815474
560,392.21960137536223,1623.229704822857,276.48574921424824,-15.056250221197368,15742.707910792786,-4.4978485724506125,78.30302700290271,6.2786552804884215,625.9983263132058,250,13.921898660065315
275,1671.8082258024674,801.6203887565796,276.6029881075962,-14.868536125599128,15682.718691697752,-4.4937033592762,78.06259416806097,6.2786552804884215,625.9983263132058,250,13.926043873239728
308,2045.5747815877637,881.547814454772,276.58949004191703,-14.814975177671132,15387.351454490095,-4.4730596618025125,76.8741763491924,6.2786552804884215,625.9983263132058,250,13.946687570713415
556,2524.1243855258044,1606.6556620754636,276.4793634281805,-14.748924341930383,15319.915879214532,-4.46829092986208,76.60176593459963,6.2786552804884215,625.9983263132058,250,13.951456302653847
65,146.7979747072946,212.33556364537804,276.6973657159785,-15.08591171690784,15127.320378085133,-4.454554990367825,75.82152770432417,6.2786552804884215,625.9983263132058,250,13.965192242148103
613,2922.738275592222,1827.145996236836,276.4448312439847,-14.692331107287083,14714.698326997866,-4.424528385444802,74.13863688886471,6.2786552804884215,625.9983263132058,250,13.995218847071126
457,1349.1325889606112,1288.080602027533,276.53178204338906,-14.917029544500885,14513.899135278887,-4.409610229857821,73.31402292003922,6.2786552804884215,625.9983263132058,250,14.010137002658107
19,2772.9169587518327,61.19600009903441,276.7086866290162,-14.706634099618569,14040.63416470174,-4.373616787692328,71.35556143671838,6.2786552804884215,625.9983263132058,250,14.0461304448236
191,2351.1312582007185,547.5296433311696,276.6379970829081,-14.769527304048138,14027.699816287262,-4.372616137538877,71.30173868978575,6.2786552804884215,625.9983263132058,250,14.04713109497705
235,507.1422872371558,692.2094903343669,276.6242238931374,-15.035959123564982,13963.699740818702,-4.367651232515927,71.0351842626638,6.2786552804884215,625.9983263132058,250,14.052096
546,2922.5950195217656,1554.67530973105,276.4854476434372,-14.691254175697578,13824.378139146662,-4.356763989778687,70.45356142886078,6.2786552804884215,625.9983263132058,250,14.06298324273724
437,1375.264191662516,1229.6691857081714,276.54038654542205,-14.913027671004215,13754.041128285986,-4.351225774983336,70.1592148139568,6.2786552804884215,625.9983263132058,250,14.068521457532592
605,2439.1511771146816,1788.526255014235,276.4526004321229,-14.76190525066764,13684.95491730672,-4.3457584059229,69.86963490528234,6.2786552804884215,625.9983263132058,250,14.073988826593027
624,1363.708796665649,1870.980880491045,276.4447603189664,-14.917249826603395,13675.29722783988,-4.344991914189686,69.82911696831776,6.2786552804884215,625.9983263132058,250,14.074755318326241
608,1052.1377407789516,1806.553512391744,276.45566096868936,-14.961893758222493,13517.989392893098,-4.332430231648623,69.1678621773051,6.2786552804884215,625.9983263132058,250,14.087317000867305
576,761.0243377046814,1672.102594266174,276.4769287090036,-15.00330944420404,13485.20617185306,-4.329793954961004,69.02974965547634,6.2786552804884215,625.9983263132058,250,14.089953277554923
312,1509.4571489899397,893.3707191795602,276.58998823360105,-14.892317628650694,13481.771828109748,-4.329517409968691,69.01527497149316,6.2786552804884215,625.9983263132058,250,14.090229822547236
586,1374.6912131005715,1707.3113801437255,276.469132796895,-14.915020537895945,13314.75408992212,-4.315982852989923,68.30993956877494,6.2786552804884215,625.9983263132058,250,14.103764379526005
630,52.54216511492436,1910.1199045291623,276.44432233214945,-15.106299006762068,13238.580933195888,-4.309753565340428,67.98733101542987,6.2786552804884215,625.9983263132058,250,14.109993667175498
354,2794.784541682176,1018.2407319587936,276.5659464096284,-14.707495138265244,13025.40267096716,-4.2921278735225,67.08138693464414,6.2786552804884215,625.9983263132058,250,14.127619358993428
623,2179.734358637,1867.994351525443,276.44182749876904,-14.799621271931358,13015.39668182534,-4.291293500885688,67.03875189851811,6.2786552804884215,625.9983263132058,250,14.12845373163024
634,2257.491107626147,1919.39875917095,276.43383948608613,-14.788615926314124,13002.376723152702,-4.2902068405112335,66.98325930425683,6.2786552804884215,625.9983263132058,250,14.129540392004694
46,1158.0603396571996,130.30149269859393,276.7053010623843,-14.939814207357028,12989.68013934634,-4.289146120931812,66.92912842806999,6.2786552804884215,625.9983263132058,250,14.130601111584117
534,540.4104959200529,1504.01433491204,276.50292903475315,-15.034430326234537,12984.057850575948,-4.288676082882662,66.90515302504872,6.2786552804884215,625.9983263132058,250,14.131071149633264
252,1528.9169503044152,726.32284286819,276.6148223992239,-14.888826564471946,12965.93919128913,-4.287159929525544,66.82786691032159,6.2786552804884215,625.9983263132058,250,14.132587302990384
385,2588.146988852486,1093.6676388880496,276.555574498313,-14.73760701912063,12885.403410606668,-4.280395027826284,66.48393331621565,6.2786552804884215,625.9983263132058,250,14.139352204689644
419,2597.676496855714,1175.6959467534102,276.54330568965594,-14.73656894944344,12831.33420110942,-4.275829519891222,66.25265597444218,6.2786552804884215,625.9983263132058,250,14.143917712624706
334,2098.8391148568926,969.3334910283962,276.5761750854194,-14.807655755251828,12732.9092029148,-4.267469083767011,65.83088111631159,6.2786552804884215,625.9983263132058,250,14.152278148748916
468,2152.8803946275752,1311.8125387855794,276.52487881896764,-14.801260852064912,12610.589514888416,-4.256988451508898,65.30532158392049,6.2786552804884215,625.9983263132058,250,14.16275878100703
115,2664.065809424081,328.41992010600035,276.6693246858697,-14.723470946953432,12519.12503479101,-4.249084920745409,64.91132192227084,6.2786552804884215,625.9983263132058,250,14.170662311770519
545,406.3395726615242,1554.3587190899975,276.49597067781457,-15.053944619838695,12417.461830405113,-4.24023206258723,64.47236622296447,6.2786552804884215,625.9983263132058,250,14.179515169928697
123,412.4916814245982,346.349896962019,276.6762379060846,-15.048178378633056,12275.510484829952,-4.227748882269722,63.85764268682159,6.2786552804884215,625.9983263132058,250,14.191998350246205
136,2993.7072429478326,373.55094352440216,276.6611881713745,-14.676108489519953,12196.327504593995,-4.220722672917374,63.513814703218856,6.2786552804884215,625.9983263132058,250,14.199024559598554
31,2854.2909596828526,104.037936408523,276.70195182655056,-14.69507726666701,12124.865290955757,-4.214342283883068,63.2029402748316,6.2786552804884215,625.9983263132058,250,14.205404948632859
107,2589.0819752378693,307.60995517775973,276.672747264926,-14.73419923961074,11652.34837270656,-4.171183629177572,61.13358590638893,6.2786552804884215,625.9983263132058,250,14.248563603338354
596,381.2693172448484,1741.434100504273,276.4681505103939,-15.058291861823118,11647.030055465932,-4.170687968772327,61.11015664168147,6.2786552804884215,625.9983263132058,250,14.2490592637436
570,1052.2197869752042,1652.8111751682995,276.47860121672204,-14.961275155126188,11598.24168430001,-4.166130364170248,60.89507988360078,6.2786552804884215,625.9983263132058,250,14.25361686834568
116,501.3928689226109,333.56634266818526,276.67776861357896,-15.035313659386343,11550.796597899054,-4.161679819007657,60.68567363327943,6.2786552804884215,625.9983263132058,250,14.258067413508272
458,126.80178591655108,1289.054515440939,276.53673313855,-15.093163319712342,11362.924253550123,-4.143875257406747,59.85402394819008,6.2786552804884215,625.9983263132058,250,14.27587197510918
158,982.4198294237708,427.9404660669754,276.6616468096984,-14.966373993918522,11349.77319025586,-4.142617935401674,59.79566148033199,6.2786552804884215,625.9983263132058,250,14.277129297114254
513,2899.3778495093343,1427.3634201324037,276.5045221775708,-14.69408587165212,11108.946823309292,-4.119332198015507,58.72347856842416,6.2786552804884215,625.9983263132058,250,14.300415034500421
152,3039.091760191114,406.3368808479869,276.65610802716395,-14.669699608274748,10948.90269240766,-4.103576468380832,58.00731685157084,6.2786552804884215,625.9983263132058,250,14.316170764135094
574,1313.5485521644898,1665.638372338313,276.475603600722,-14.923666878128984,10925.945956486104,-4.101297598352184,57.9043508856668,6.2786552804884215,625.9983263132058,250,14.318449634163743
414,893.2693296739811,1165.7031608032894,276.5519462601677,-14.982235799173711,10762.791876390753,-4.08496233397757,57.17082448223952,6.2786552804884215,625.9983263132058,250,14.334784898538357
79,75.2284947852676,242.5234445556057,276.693163763461,-15.09634951815433,10757.457887983008,-4.084424114903716,57.14679149622988,6.2786552804884215,625.9983263132058,250,14.335323117612212
160,2566.746402826771,436.2733737353614,276.6536638756112,-14.73796298310772,10739.266297183232,-4.082586507154907,57.06480211031528,6.2786552804884215,625.9983263132058,250,14.33716072536102
181,689.2851766381119,509.896350696293,276.65066056351884,-15.00896259031514,10588.27722192707,-4.067213236975038,56.38281080594744,6.2786552804884215,625.9983263132058,250,14.35253399554089
617,724.2291407690547,1840.1816805469653,276.45199667925084,-15.009271292833848,10552.353411906925,-4.063523297978506,56.22015736491658,6.2786552804884215,625.9983263132058,250,14.356223934537422
180,1110.9959678056098,507.5711035678405,276.6492218985016,-14.948169867215595,10479.58614731446,-4.0560103086303565,55.8902225331916,6.2786552804884215,625.9983263132058,250,14.363736923885572
475,1191.779089579101,1326.4088359037296,276.52672113555786,-14.939862311673531,10366.842262976104,-4.044266204729894,55.37779652439499,6.2786552804884215,625.9983263132058,250,14.375481027786034
9,598.9758288437981,38.34877529069221,276.7214054260996,-15.020020911424858,10364.71990874043,-4.044043904372404,55.3681359044581,6.2786552804884215,625.9983263132058,250,14.375703328143523
25,2403.2624746980327,92.46259856578972,276.70561414193304,-14.760091276464092,10171.555107010005,-4.023618369172077,54.48663401407344,6.2786552804884215,625.9983263132058,250,14.39612886334385
387,2176.6965078973944,1094.7505827464877,276.5571458515484,-14.79694324363646,10143.512032876082,-4.020620850137589,54.35828914746811,6.2786552804884215,625.9983263132058,250,14.399126382378338
264,347.5734378586041,768.3757752607528,276.6135283187836,-15.05926269515653,10106.87467424426,-4.016692179471631,54.19046824502911,6.2786552804884215,625.9983263132058,250,14.403055053044296
591,1038.6941876413102,1724.643240397197,276.4679388858884,-14.963508077365464,10019.79385917267,-4.007296945135817,53.79093623366981,6.2786552804884215,625.9983263132058,250,14.41245028738011
3,1294.447286594975,32.69728204935176,276.71927708007865,-14.919740787937693,9989.555796331491,-4.004015420733918,53.6519874408872,6.2786552804884215,625.9983263132058,250,14.41573181178201
12,1338.8584063168116,42.45491670597867,276.71763168395535,-14.913378764647645,9946.988712366265,-3.9993790411042953,53.45619657037265,6.2786552804884215,625.9983263132058,250,14.420368191411633
256,3090.8882644105806,745.3480612296698,276.6053650004831,-14.663651600363188,9930.02479226311,-3.997525810316068,53.3781081453298,6.2786552804884215,625.9983263132058,250,14.42222142219986
262,931.8989481719736,760.1744335070275,276.61229239026966,-14.975023105986743,9864.104852335877,-3.990294178385217,53.07433170619457,6.2786552804884215,625.9983263132058,250,14.429453054130711
514,2456.9935317126005,1444.8452284070424,276.5037691863494,-14.75795096895234,9858.786813755403,-3.9897086671668007,53.04980162710535,6.2786552804884215,625.9983263132058,250,14.430038565349127
207,2735.4620296284847,597.0910404528015,276.6289734464293,-14.714301832982777,9849.193385467455,-3.988651640202355,53.00554205061251,6.2786552804884215,625.9983263132058,250,14.431095592313572
57,2725.8004033585626,183.48455220811056,276.690662840621,-14.713951777746743,9725.169560270908,-3.974892933506569,52.43233666245506,6.2786552804884215,625.9983263132058,250,14.444854299009359
652,2529.5207570662283,1995.7523640710936,276.42132718301013,-14.749700988751044,9688.262002522531,-3.970764665938359,52.26139361045443,6.2786552804884215,625.9983263132058,250,14.448982566577568
559,3020.110938384877,1611.2981493749498,276.47659969773423,-14.677419881361102,9637.067969447002,-3.9650122834146977,52.02400132153417,6.2786552804884215,625.9983263132058,250,14.45473494910123
91,254.2429456652021,271.2198702888868,276.68812135111307,-15.07067251215632,9575.30329642212,-3.9580313260119953,51.73715853223904,6.2786552804884215,625.9983263132058,250,14.461715906503933
231,889.7732941619175,681.9951262857352,276.6241346314624,-14.980774455352623,9422.381850163918,-3.9405517293646457,51.024921940998574,6.2786552804884215,625.9983263132058,250,14.479195503151281
183,2471.2342733506803,515.8455497415753,276.64220927657766,-14.752072875485949,9411.870459910077,-3.939339831174267,50.9758569899349,6.2786552804884215,625.9983263132058,250,14.48040740134166
626,1956.2116821532195,1871.543158775476,276.4422246776823,-14.831856488168802,9182.825045819394,-3.912590753508829,49.90324889604381,6.2786552804884215,625.9983263132058,250,14.507156479007099
75,2835.5302854494025,233.95014937627636,276.6826708082488,-14.698336380571703,9134.957099084218,-3.9069162585607984,49.67824166440873,6.2786552804884215,625.9983263132058,250,14.512830973955129
615,3019.893037073501,1830.862140129964,276.44387288903647,-14.678335643034815,9030.620234820526,-3.894443926448541,49.18677807619621,6.2786552804884215,625.9983263132058,250,14.525303306067386
517,1654.5922318795572,1453.100350929281,276.5058905345075,-14.87366464645832,8963.592459174688,-3.886355234759282,48.87031258333825,6.2786552804884215,625.9983263132058,250,14.533391997756645
562,251.43847753447824,1633.4192374360446,276.4848104365892,-15.076570343620697,8885.871650868794,-3.876900068125924,48.50263130473988,6.2786552804884215,625.9983263132058,250,14.542847164390004
568,707.759509645009,1650.591926495379,276.4803594254161,-15.01089890862594,8754.546315350686,-3.860734089992492,47.87956678337063,6.2786552804884215,625.9983263132058,250,14.559013142523435
200,1349.6017651748127,577.6451990459741,276.6377578000054,-14.914063642588872,8675.570024755201,-3.850895027171042,47.50377844636706,6.2786552804884215,625.9983263132058,250,14.568852205344886
220,224.34253637089105,634.2966454305882,276.63405858915263,-15.076472801264886,8578.342326478392,-3.838658411223415,47.04001310608904,6.2786552804884215,625.9983263132058,250,14.581088821292512
162,1478.1119138626673,441.6711024941758,276.6574942092868,-14.894973031443662,8411.88788510859,-3.817383667598614,46.24312088099065,6.2786552804884215,625.9983263132058,250,14.602363564917313
151,207.6148504687625,407.19151948186976,276.6680254354748,-15.077952568095512,8348.037041274714,-3.809110896860204,45.93645179498344,6.2786552804884215,625.9983263132058,250,14.610636335655723
487,1362.921615364744,1357.2114544980452,276.5214114158237,-14.915320084335084,8315.789395244909,-3.804908683082603,45.78136056308486,6.2786552804884215,625.9983263132058,250,14.614838549433324
261,1309.2373048136185,758.0549361917394,276.6110170615131,-14.920625474364035,8281.978359962697,-3.800485206812034,45.61859927198577,6.2786552804884215,625.9983263132058,250,14.619262025703893
616,1276.2757346206288,1837.124911889624,276.4501729239706,-14.929716175369016,8247.355187643785,-3.795936724977529,45.4517677971258,6.2786552804884215,625.9983263132058,250,14.623810507538398
171,394.0822849822712,478.10276893607886,276.6566535924771,-15.051374305482836,8244.897679931775,-3.795613154251616,45.43992012689846,6.2786552804884215,625.9983263132058,250,14.624134078264312
527,316.0187315090349,1496.8923075671185,276.5049227375294,-15.06672929002242,8190.790577642561,-3.788464533373375,45.17886093143468,6.2786552804884215,625.9983263132058,250,14.631282699142552
244,1425.9482203400737,716.5057233633556,276.6167219007773,-14.90363030969133,8089.835570547963,-3.774999214510845,44.69069802199512,6.2786552804884215,625.9983263132058,250,14.644748018005082
40,262.4591534828908,121.90692580827636,276.7103702216022,-15.0688690716669,8085.846959486371,-3.77446377132123,44.67138260304062,6.2786552804884215,625.9983263132058,250,14.645283461194698
483,82.58761655644524,1349.272452338227,276.5279275355092,-15.09977161019886,7971.614225209574,-3.759015662022303,44.117264132499294,6.2786552804884215,625.9983263132058,250,14.660731570493624
135,160.61612492361377,374.0600099925513,276.67316930494087,-15.08458844787423,7854.853931208025,-3.742995261607065,43.54901761003737,6.2786552804884215,625.9983263132058,250,14.676751970908862
478,2951.1951740818067,1335.3960094330985,276.5180131437835,-14.686237916562147,7844.2662643941585,-3.741530795473507,43.497395916269554,6.2786552804884215,625.9983263132058,250,14.67821643704242
592,2212.2486214444057,1730.5678903705032,276.4621862047707,-14.794386640336532,7796.188653659134,-3.734855827603392,43.26278948366441,6.2786552804884215,625.9983263132058,250,14.684891404912536
274,1786.3862208393757,798.9668539116597,276.6028998404388,-14.85200603830484,7769.581842369866,-3.7311440927487736,43.1328159120925,6.2786552804884215,625.9983263132058,250,14.688603139767153
29,2468.4153660322163,99.60227921129398,276.704270238875,-14.750723694102671,7711.862428986875,-3.723048162408252,42.85051626045696,6.2786552804884215,625.9983263132058,250,14.696699070107675
336,2429.144288682944,975.9487518556645,276.57379510700054,-14.760053160712946,7672.97473177861,-3.717559398340444,42.66005598932943,6.2786552804884215,625.9983263132058,250,14.702187834175483
32,319.45902970876347,106.3610930200784,276.71244766502895,-15.060590002940607,7571.642334597767,-3.703125205304174,42.1627551247535,6.2786552804884215,625.9983263132058,250,14.716622027211754
71,1042.6383181795054,217.9913781528944,276.69271212814635,-14.9568204293144,7562.19511167251,-3.701769674252233,42.11631745835499,6.2786552804884215,625.9983263132058,250,14.717977558263694
523,194.5419139077171,1474.7206504128476,276.50873599102897,-15.084141054269612,7403.121656071686,-3.678687193909176,41.33247994884564,6.2786552804884215,625.9983263132058,250,14.74106003860675
247,852.3486001541108,717.8465524697335,276.6189432738465,-14.98631514701171,7378.450383673713,-3.6750628813581936,41.21058658485486,6.2786552804884215,625.9983263132058,250,14.744684351157733
569,2034.3642670688075,1651.0979877273403,276.4747773962766,-14.819713265840695,7350.782475397165,-3.670983906526909,41.07378335684463,6.2786552804884215,625.9983263132058,250,14.748763325989017
544,1455.5784118287584,1553.3827029876034,276.49176046954034,-14.902750842758646,7327.621194946056,-3.667557503742296,40.95917802148593,6.2786552804884215,625.9983263132058,250,14.752189728773631
446,927.433331155938,1252.4936367577598,276.53885312589983,-14.977661420677991,7316.3310022348305,-3.665883341842693,40.90328440378482,6.2786552804884215,625.9983263132058,250,14.753863890673234
146,1646.2051677466936,390.48694896073096,276.6644132379762,-14.870524267500208,7200.023900116328,-3.6484848234506506,40.32641362019597,6.2786552804884215,625.9983263132058,250,14.771262409065276
510,1191.378037962701,1416.2755123662791,276.5133151006529,-14.940280185830831,7147.177852908382,-3.640486451753757,40.06365156430255,6.2786552804884215,625.9983263132058,250,14.77926078076217
508,591.1560476315885,1412.142197156364,276.51642994968006,-15.026754522818566,7062.99473774404,-3.627622185024712,39.64422937098806,6.2786552804884215,625.9983263132058,250,14.792125047491215
7,2288.2888109041783,35.31608315045111,276.7146266868305,-14.77643219884198,6870.28950905049,-3.597587574074284,38.68018137790783,6.2786552804884215,625.9983263132058,250,14.822159658441644
567,2173.4903523083635,1646.8021215045678,276.4748388727573,-14.799639290798297,6855.894367440196,-3.595310272197884,38.607945038276966,6.2786552804884215,625.9983263132058,250,14.824436960318044
59,205.28082530285664,189.223304985242,276.70056681597003,-15.077388471999386,6833.809454800154,-3.5918071416195367,38.497060397600166,6.2786552804884215,625.9983263132058,250,14.82794009089639
60,1677.4855560968872,200.19320809806007,276.69265892058496,-14.865216928356798,6833.260420086561,-3.591719909041963,38.49430285678981,6.2786552804884215,625.9983263132058,250,14.828027323473965
593,960.5926880129074,1731.1226101361797,276.4672952814436,-14.974787450843312,6776.25528152776,-3.5826243752829896,38.20774720352981,6.2786552804884215,625.9983263132058,250,14.837122857232938
170,209.83269394440936,473.9884957515199,276.658046470617,-15.07790748377596,6685.498998712224,-3.567984548563756,37.75052142509815,6.2786552804884215,625.9983263132058,250,14.851762683952172
323,1641.4692538712934,934.7004038282694,276.5832675836053,-14.873455838808486,6652.902984831599,-3.5626779544310843,37.58600060648936,6.2786552804884215,625.9983263132058,250,14.857069278084843
148,270.61224537404314,397.534097543325,276.669200191263,-15.06883505618062,6591.905801734887,-3.552677459994374,37.27769844151996,6.2786552804884215,625.9983263132058,250,14.867069772521553
198,2564.9032919242904,570.4688763683645,276.6336677411617,-14.738791438753214,6590.4137745517655,-3.552431684138502,37.2701501002877,6.2786552804884215,625.9983263132058,250,14.867315548377425
209,1736.789500257925,604.491029805374,276.6321128675412,-14.85835352889314,6568.248493964202,-3.5487739156065787,37.15797339279141,6.2786552804884215,625.9983263132058,250,14.87097331690935
303,1680.1231257238226,874.5590500672668,276.5920745951965,-14.867636923114524,6564.882920150587,-3.548217441251149,37.14093394427046,6.2786552804884215,625.9983263132058,250,14.871529791264779
84,1568.3812622672722,248.30324959447552,276.6859497749736,-14.881150648496382,6564.692735209712,-3.5481859869709287,37.13997101186407,6.2786552804884215,625.9983263132058,250,14.871561245545
22,1668.1083737645747,74.88185527781414,276.71138645572387,-14.866041189588593,6456.190380452899,-3.530090799318498,36.589706904859206,6.2786552804884215,625.9983263132058,250,14.88965643319743
131,1569.7095631152556,367.4643811096771,276.6681723617364,-14.88145756481168,6402.739585240197,-3.5210645742854814,36.317969462715375,6.2786552804884215,625.9983263132058,250,14.898682658230445
495,1171.152969393056,1372.657287419804,276.5199071054707,-14.943020361336544,6391.136791672092,-3.519095260820849,36.25892407234917,6.2786552804884215,625.9983263132058,250,14.900651971695078
35,411.5661690291955,111.54445862273624,276.71128201071605,-15.047337409103893,6315.645280978235,-3.506194302860719,35.87424729822221,6.2786552804884215,625.9983263132058,250,14.913552929655209
558,1794.1941126096342,1608.7373747663762,276.4820946372987,-14.854164973976712,6280.494428605249,-3.5001345650365323,35.69482994272536,6.2786552804884215,625.9983263132058,250,14.919612667479395
301,591.0761453623443,871.4524881899669,276.59712180944314,-15.024593749817653,6269.067357939028,-3.4981573186630666,35.63646236748521,6.2786552804884215,625.9983263132058,250,14.921589913852861
228,2002.370270374672,666.8371724330863,276.62168954733824,-14.820318134312704,6194.824285002076,-3.485222458838504,35.25674495984229,6.2786552804884215,625.9983263132058,250,14.934524773677424
157,2029.460447487784,425.35562833136566,276.6575819361024,-14.815406063288336,6184.049249381991,-3.483332327365333,35.20156424162306,6.2786552804884215,625.9983263132058,250,14.936414905150595
435,1597.741048776355,1214.131546115151,276.5417727962157,-14.88089651748444,6055.205190352746,-3.460472139556003,34.540319102282794,6.2786552804884215,625.9983263132058,250,14.959275092959924
346,680.8479278973481,1003.1540363941956,276.57709134294777,-15.012190990071176,6038.527879008499,-3.4574776676095027,34.454537455035954,6.2786552804884215,625.9983263132058,250,14.962269564906425
577,37.4781222394035,1679.5532333882468,276.478807077388,-15.10757038855486,6035.929085726209,-3.457010300173091,34.441166300908975,6.2786552804884215,625.9983263132058,250,14.962736932342835
248,984.2502628548148,718.500171008233,276.6182894210879,-14.967307165424854,5950.254933370103,-3.4414889110379554,33.99976067529483,6.2786552804884215,625.9983263132058,250,14.978258321477972
366,1424.5542322306133,1053.490502048796,276.56646116625126,-14.905209469822118,5920.215406191826,-3.435993750202611,33.8447160576771,6.2786552804884215,625.9983263132058,250,14.983753482313316
253,1587.21711991415,739.3829652931569,276.61262802942764,-14.880475429064576,5868.4833777090535,-3.4264646753080683,33.57737076470017,6.2786552804884215,625.9983263132058,250,14.99328255720786
73,942.7605078765878,231.0012680929256,276.6911965635796,-14.971272258140182,5850.270248011628,-3.423089799298569,33.48314532707406,6.2786552804884215,625.9983263132058,250,14.996657433217358
270,2324.854078682209,779.4472415391751,276.60353250568403,-14.774281536225656,5785.192435724079,-3.4109445025216494,33.14603037260412,6.2786552804884215,625.9983263132058,250,15.008802729994278
300,1035.225802664956,867.0460261981511,276.59591209029173,-14.960567208802308,5757.336117018131,-3.405703939792179,33.00152096577539,6.2786552804884215,625.9983263132058,250,15.014043292723748
105,1082.062376493063,300.6673525821205,276.6802107419305,-14.951482067169968,5743.291554342606,-3.4030521370918687,32.9286148619438,6.2786552804884215,625.9983263132058,250,15.016695095424058
87,181.6883309930884,253.9925517590291,276.6910003067265,-15.081056473023224,5741.892439279647,-3.402787610221975,32.92135023073408,6.2786552804884215,625.9983263132058,250,15.016959622293953
117,689.1325532628131,341.69065612288034,276.6757597605868,-15.00828981462096,5733.627069071867,-3.4012235828634543,32.87842744980811,6.2786552804884215,625.9983263132058,250,15.018523649652472
492,2473.3442046775835,1368.178026058752,276.5151314058397,-14.755282598651672,5716.644016984676,-3.398002850725132,32.79019827704792,6.2786552804884215,625.9983263132058,250,15.021744381790796
203,1262.0750425705512,580.1027933275097,276.6377618913015,-14.926691380266863,5715.688061528606,-3.397821275269821,32.78523057431275,6.2786552804884215,625.9983263132058,250,15.021925957246106
321,498.2185714799885,930.4509627192316,276.58870683545325,-15.038213330523124,5695.647474870377,-3.3940077316578865,32.681053862622726,6.2786552804884215,625.9983263132058,250,15.025739500858041
409,2456.0069103443016,1155.5329939173523,276.5469078402922,-14.756916238026209,5675.221577345801,-3.390107034145813,32.57480710051094,6.2786552804884215,625.9983263132058,250,15.029640198370114
21,1143.3033989038229,73.17204904339586,276.71388600777124,-14.94170184201391,5609.499821461912,-3.377460324658465,32.23248993674963,6.2786552804884215,625.9983263132058,250,15.042286907857463
298,2473.0676822333007,858.7066361846488,276.5910884947354,-14.75323514753308,5573.849644870206,-3.370538101819676,32.046508084318994,6.2786552804884215,625.9983263132058,250,15.049209130696251
594,663.3248309731995,1739.4965771877287,276.4672748237066,-15.017650819574628,5491.720027303789,-3.354420949360071,31.617256571661382,6.2786552804884215,625.9983263132058,250,15.065326283155857
215,1801.5013449610424,622.3356925591977,276.62917728921167,-14.849097085789303,5481.366059132211,-3.352371994060796,31.56306266720287,6.2786552804884215,625.9983263132058,250,15.067375238455131
358,764.4706130976622,1031.5841796814975,276.57249841465955,-15.000255581480516,5479.711355226114,-3.352044184688645,31.55440011155263,6.2786552804884215,625.9983263132058,250,15.067703047827283
503,973.8309499950172,1398.0557274898688,276.5169397929571,-14.971558120996452,5479.164859238023,-3.3519358979503138,31.55153904618082,6.2786552804884215,625.9983263132058,250,15.067811334565613
199,291.1748735186213,574.9734644409314,276.6426309256085,-15.06660048042058,5382.982151216362,-3.3327073278028863,31.047225584819326,6.2786552804884215,625.9983263132058,250,15.087039904713041
386,32.81714754038881,1094.8590126796498,276.5661142346312,-15.105927617237846,5255.847098418337,-3.306756784235419,30.37826041780659,6.2786552804884215,625.9983263132058,250,15.11299044828051
581,2169.2186542463205,1689.1486271144183,276.4685417686121,-14.800424567821029,5201.008901359455,-3.2953689709611704,30.088875150138424,6.2786552804884215,625.9983263132058,250,15.124378261554757
125,992.0709517760428,350.9204726018392,276.67309636256164,-14.964663378412927,5186.725154743297,-3.292383066522078,30.013415729032246,6.2786552804884215,625.9983263132058,250,15.12736416599385
625,936.812101685962,1871.6034787125784,276.44643038500874,-14.978766222160806,5155.244004030887,-3.285773042813119,29.84698291377776,6.2786552804884215,625.9983263132058,250,15.133974189702808
453,766.1958027678446,1282.6293862675057,276.53502907353,-15.001016747594626,5131.508959140047,-3.2807627070184173,29.72139111834624,6.2786552804884215,625.9983263132058,250,15.13898452549751
289,1416.1168806400526,834.4253300530827,276.5991740915872,-14.90553176768644,5100.622456503799,-3.274207924902626,29.557815282370047,6.2786552804884215,625.9983263132058,250,15.145539307613301
271,504.7676737755567,780.323188095067,276.6110841975049,-15.036660459920553,5043.920596617681,-3.262070581120584,29.25709911784315,6.2786552804884215,625.9983263132058,250,15.157676651395343
330,53.70252347372894,953.469997127872,276.58713337467844,-15.102351368038851,5037.943591870251,-3.2607832296765955,29.22536843626604,6.2786552804884215,625.9983263132058,250,15.158964002839332
519,556.1585450148293,1459.543333306675,276.5095009273621,-15.031985154811224,5005.73239769967,-3.2538190504952302,29.054261001836075,6.2786552804884215,625.9983263132058,250,15.165928182020696
317,2943.483421617646,913.6210953731062,276.58091134108986,-14.685614902214931,4957.707811394008,-3.2433522970867026,28.798822846650648,6.2786552804884215,625.9983263132058,250,15.176394935429226
535,30.3847629059918,1506.7768613174028,276.504630642093,-15.107913710276822,4911.662620436808,-3.233221297556008,28.55354167648732,6.2786552804884215,625.9983263132058,250,15.186525934959919
580,595.7705332009994,1688.4137658565903,276.4751780786151,-15.027182485809352,4882.553330786468,-3.2267674674822,28.398289405087787,6.2786552804884215,625.9983263132058,250,15.192979765033728
293,1735.718140931379,845.630219756308,276.5961545524996,-14.859503022287305,4858.124065356387,-3.2213214820614744,28.26788498251381,6.2786552804884215,625.9983263132058,250,15.198425750454453
177,785.346959590118,500.8637974062177,276.6516018110655,-14.995080504310888,4850.603386284376,-3.219639392369131,28.22771854864481,6.2786552804884215,625.9983263132058,250,15.200107840146796
505,747.2118863103252,1404.6908900439223,276.51689296553394,-15.004239643381384,4788.828129860398,-3.205723104757776,27.89741897435734,6.2786552804884215,625.9983263132058,250,15.214024127758151
161,308.6045160572526,441.9239212006844,276.6624144668594,-15.063543071309727,4786.08645525988,-3.205101326791959,27.882744473822687,6.2786552804884215,625.9983263132058,250,15.21464590572397
466,1663.0897786780372,1306.617526766887,276.52770420364703,-14.871850271053368,4767.016576358292,-3.2007666335772105,27.780638995928463,6.2786552804884215,625.9983263132058,250,15.218980598938717
422,1043.9194049796574,1185.3167868996163,276.54838968807445,-14.96060424319708,4749.913454980007,-3.1968642200836346,27.68901030243521,6.2786552804884215,625.9983263132058,250,15.222883012432293
138,1061.5438096398002,376.8183937903743,276.66893767788014,-14.95475654987081,4714.514191685768,-3.188742346803802,27.499199526262508,6.2786552804884215,625.9983263132058,250,15.231004885712125
282,614.6658980362735,817.5147155169288,276.60507182280725,-15.02097523079368,4700.843524740078,-3.1855894663878863,27.4258389161022,6.2786552804884215,625.9983263132058,250,15.23415776612804
195,1114.8829571815938,563.9327951635328,276.6407972643136,-14.94784236916097,4686.5606035703095,-3.182285571854708,27.349157892122083,6.2786552804884215,625.9983263132058,250,15.23746166066122
63,830.6190607908577,206.71877707961903,276.69529672006973,-14.987335655714752,4681.000426350278,-3.180996680028473,27.31929720112564,6.2786552804884215,625.9983263132058,250,15.238750552487454
633,260.96484720022187,1919.2834805952236,276.4420976589316,-15.076315109403138,4669.049274336721,-3.178221121414011,27.255095739890358,6.2786552804884215,625.9983263132058,250,15.241526111101916
96,448.9449374737872,282.42206648964753,276.68562330241843,-15.04266050412382,4568.435469402815,-3.1545687151801,26.71360524791573,6.2786552804884215,625.9983263132058,250,15.265178517335828
597,594.4169324093818,1742.2262198479827,276.46715213199786,-15.027589000866678,4523.012906353106,-3.143719545821967,26.468562258439167,6.2786552804884215,625.9983263132058,250,15.276027686693961
128,1340.056204041189,360.8945119738154,276.6701293483348,-14.91454032702038,4489.095005729992,-3.135546970231072,26.285345693591985,6.2786552804884215,625.9983263132058,250,15.284200262284855
572,1886.493780145372,1662.6804324122097,276.47366511016446,-14.841075611085031,4435.3698072913685,-3.122474567809416,25.994716447154207,6.2786552804884215,625.9983263132058,250,15.297272664706512
204,1404.7468782126398,580.2262588186065,276.63713919382434,-14.906124521845168,4405.668797765276,-3.115179591706382,25.833826520940843,6.2786552804884215,625.9983263132058,250,15.304567640809545
500,857.42675472619,1388.9291973159688,276.5187863381849,-14.98829557925012,4367.718321577297,-3.105786534630517,25.62801989498877,6.2786552804884215,625.9983263132058,250,15.31396069788541
110,1462.641882913059,312.0688073886966,276.6768902073357,-14.896663166631036,4342.049931164191,-3.099387011551423,25.48867311092281,6.2786552804884215,625.9983263132058,250,15.320360220964504
530,2504.0474933102983,1499.432999413016,276.4954335834313,-14.751386870806089,4329.835848351591,-3.096328557825462,25.42232461007074,6.2786552804884215,625.9983263132058,250,15.323418674690465
99,661.0253965540763,291.6025759934224,276.68335283572253,-15.01213315482596,4324.502185339457,-3.0949902805945766,25.393343042308487,6.2786552804884215,625.9983263132058,250,15.324756951921351
551,827.0674080230062,1581.583902082477,276.4901634266553,-14.993436006269455,4322.646364178916,-3.094524246677626,25.383257852356135,6.2786552804884215,625.9983263132058,250,15.325222985838302
68,1466.484741168842,212.1171142921047,276.69178139152046,-14.895690737754688,4315.651023292332,-3.0927657759548066,25.345237122014336,6.2786552804884215,625.9983263132058,250,15.326981456561121
20,898.6682754364797,72.02909048215987,276.71510130516947,-14.97696344826132,4305.557301044231,-3.0902234119889336,25.290360701926367,6.2786552804884215,625.9983263132058,250,15.329523820526994
590,1485.2541091604128,1716.662313740065,276.46727928954857,-14.899123365856202,4294.492656112823,-3.08742963932874,25.230184597706376,6.2786552804884215,625.9983263132058,250,15.332317593187188
49,557.0281550792868,145.15076210807206,276.70564785863985,-15.026512974506533,4294.104944932566,-3.087331613530994,25.228075594228223,6.2786552804884215,625.9983263132058,250,15.332415618984934
119,1525.7866832346022,343.8556223604073,276.67188042203503,-14.887691825675882,4248.641291408159,-3.0757751422767727,24.98058228170104,6.2786552804884215,625.9983263132058,250,15.343972090239156
85,2091.443860196048,247.6584982280303,276.6838125019377,-14.805721361108878,4246.593179023184,-3.0752516229275173,24.96942405469007,6.2786552804884215,625.9983263132058,250,15.34449560958841
286,414.91885390981776,827.7015709140658,276.6043910929777,-15.049799805446687,4213.229455141991,-3.066687757627905,24.78754973337728,6.2786552804884215,625.9983263132058,250,15.353059474888022
516,936.9415911970332,1450.0463569872854,276.50933552394633,-14.977081344092944,4186.379178907198,-3.059746382718082,24.641035319458915,6.2786552804884215,625.9983263132058,250,15.360000849797846
