ID,X_pix,Y_pix,RA_deg,Dec_deg,Fluxo,Erro_Fluxo,Mag_Inst_B,Erro_Mag_Inst,Std_Fundo,Area_Ap,Exptime,Mag_Inst_R,Mag_Ap_B,Mag_Ap_R,Cor_B_R,Mag_R_Intrinseca,Cor_BR_Intrinseco
639,2079.998889890516,1317.601585480415,276.5308552450707,-14.793608386376132,4214102.997174373,2059.677275058669,-9.616384739096889,0.0005306447467066,4.248347012311862,993.1466590310956,600,-10.181029661960933,8.384151999692525,7.521306145490497,0.8628458542020283,5.260120644925287,-0.8765276077712096
667,1625.3348835816164,1365.5093880319178,276.5256258391819,-14.859411265283953,710988.3666627521,859.7417326624799,-7.684278110972529,0.0013128507341589,4.248347012311862,993.1466590310956,600,-8.713957234162017,10.316258627816886,8.988378573289413,1.3278800545274727,6.727193072724203,-0.41149340744576524
284,167.79783480070907,553.8153839624105,276.6531130231905,-15.066614814003875,537720.2248573983,752.2550797941675,-7.381012802962807,0.0015188629744196,4.248347012311862,993.1466590310956,600,-7.78518452071037,10.619523935826606,9.91715128674106,0.7023726490855466,7.65596578617585,-1.0370008128876913
88,1796.0125434048225,184.96863891561463,276.7012187470848,-14.829966690117436,434406.0168694115,680.1275594240706,-7.149361453908423,0.0016998256529413,4.248347012311862,993.1466590310956,600,-7.741687730859131,10.851175284880991,9.9606480765923,0.8905272082886917,7.69946257602709,-0.8488462536845462
766,173.7328257722898,1603.8391063636925,276.4960679356591,-15.070023592083398,308876.56455103995,580.5549455217576,-6.779084269654757,0.0020406485201269,4.248347012311862,993.1466590310956,600,-7.16612798574903,11.221452469134658,10.5362078217024,0.685244647432258,8.27502232113719,-1.05412881454098
526,997.8209487432758,1056.1287404452237,276.57449969474766,-14.948745016031056,221533.5087605844,499.7008995182173,-6.418220439368142,0.0024489535223912,4.248347012311862,993.1466590310956,600,-7.042768694475488,11.582316299421272,10.659567112975942,0.9227491864453299,8.398381612410732,-0.8166242755279081
553,1693.884219063184,1114.7238931189368,276.5627929546308,-14.848495090174628,220044.879529468,498.20915261383857,-6.410900041371571,0.0024581607086222,4.248347012311862,993.1466590310956,600,-7.392072572006826,11.589636697417843,10.310263235444605,1.279373461973238,8.049077734879395,-0.45999999999999996
548,562.5097535556497,1106.287204945079,276.5688385214191,-15.011825662405188,219946.4731660856,498.1103827313949,-6.410414380221052,0.0024587729675624,4.248347012311862,993.1466590310956,600,-7.699336857861059,11.590122358568362,10.00299894959037,1.587123408977991,7.741813449025161,-0.15225005299524685
887,1322.5075574137095,1961.1403980601708,276.43791730288604,-14.90555243340815,218898.59861674684,497.0574200587674,-6.40522932712744,0.0024653206752714,4.248347012311862,993.1466590310956,600,-7.483982327019738,11.595307411661974,10.218353480431691,1.3769539312302825,7.957167979866481,-0.3624195307429554
485,199.06395661530613,973.4193333637644,276.5902324568379,-15.063800633429208,211805.10214753944,489.86996475214784,-6.369462917952955,0.0025110434797785,4.248347012311862,993.1466590310956,600,-7.925493674111554,11.631073820836459,9.776842133339876,1.8542316874965827,7.515656632774666,0.11485822552334479
515,1344.7349568162458,1040.1449602288274,276.5754175826093,-14.898588937369547,198472.2446938362,476.0669332274268,-6.298871327870414,0.002604222420129,4.248347012311862,993.1466590310956,600,-7.4003763725095215,11.701665410919,10.301959434941908,1.399705975977092,8.040773934376698,-0.33966748599614593
350,895.6867732571653,673.6333076530725,276.6320977567383,-14.961938765025256,187949.9588841,464.8843287343972,-6.239727461650033,0.002685421793671,4.248347012311862,993.1466590310956,600,-7.63005327862748,11.76080927713938,10.07228252882395,1.6885267483154305,7.8110970282587395,-0.05084671365780746
294,391.8960640868482,564.4396283006728,276.65057028967226,-15.03427362038377,180942.63552544956,457.2855953823394,-6.1984741534314045,0.0027438252430935,4.248347012311862,993.1466590310956,600,-6.631070268309744,11.802062585358009,11.071265539141685,0.730797046216324,8.810080038576475,-1.008576415756914
850,1223.8904322637525,1853.7551073315844,276.454368885489,-14.919351674420838,180292.17747216672,456.57382501726687,-6.194564083881114,0.0027494382106387,4.248347012311862,993.1466590310956,600,-7.041966049583249,11.805972654908299,10.660369757868182,1.145602897040117,8.399184257302972,-0.5937705649331209
37,977.9302056858638,84.54823322074633,276.7197860550704,-14.94766490870182,164899.41547346336,439.3937820363352,-6.0976696644999855,0.002892974652379,4.248347012311862,993.1466590310956,600,-6.815792382991576,11.902867074289428,10.886543424459854,1.016323649829575,8.625357923894644,-0.723049812143663
173,2392.5145693215472,359.4997605161218,276.672550256302,-14.744616761990228,164622.40608405118,439.0784511938411,-6.0958442364141145,0.0028957630118573,4.248347012311862,993.1466590310956,600,-6.549130933626116,11.9046925023753,11.153204873825313,0.7514876285499863,8.892019373260103,-0.9878858334232516
436,2539.2809123047605,866.4907708318174,276.5962322970414,-14.725518910816684,162160.67870233842,436.26615605736544,-6.0794857574698415,0.002920894075073,4.248347012311862,993.1466590310956,600,-6.7409346675375,11.921050981319572,10.96140113991393,0.9596498414056427,8.70021563934872,-0.7797236205675953
156,2630.9468230047696,337.2100401285351,276.6748329885376,-14.710138844026767,160617.82016757783,434.4943042046799,-6.06910619294653,0.0029369746494059,4.248347012311862,993.1466590310956,600,-6.763852685325636,11.931430545842883,10.938483122125794,0.992947423717089,8.677297621560584,-0.746426038256149
572,544.9531718749676,1158.6074122160892,276.5610907451397,-15.014574841189914,158362.22477378033,431.8908484704341,-6.053750859964807,0.0029609579863769,4.248347012311862,993.1466590310956,600,-7.0524726312077135,11.946785878824606,10.649863176243716,1.2969227025808898,8.388677675678506,-0.4424507593923481
909,2107.087670722317,2006.6255388590996,276.4278670234085,-14.792515336750158,151588.7560215122,423.9766930389491,-6.006289346626112,0.0030365807314037,4.248347012311862,993.1466590310956,600,-6.429927795453773,11.994247392163302,11.272408011997657,0.7218393801656457,9.011222511432447,-1.0175340818075922
116,162.3038890205547,250.8487678174606,276.698444520295,-15.0661787495718,140618.18879993737,410.83533078189424,-5.924725623555185,0.0031720215033099,4.248347012311862,993.1466590310956,600,-6.588769091793165,12.07581111523423,11.113566715658266,0.9622443995759635,8.852381215093056,-0.7771290623972744
387,1861.336800315839,763.927875944001,276.614468146793,-14.822899189607805,136744.75718482933,406.093877574583,-5.894398585058282,0.0032242268878125,4.248347012311862,993.1466590310956,600,-7.148464694882874,12.106138153731132,10.553871112568556,1.552267041162576,8.292685612003346,-0.18710642081066187
105,1237.1012039511493,218.71934281032185,276.69861035033944,-14.910784598058386,135585.59929290647,404.6641564453634,-5.885155786663771,0.0032403431997495,4.248347012311862,993.1466590310956,600,-6.53550135657794,12.115380952125644,11.166834450873491,0.948546501252153,8.905648950308281,-0.7908269607210849
552,698.1073727256423,1114.6301833416849,276.56702087440885,-14.992271236116313,125023.1251220837,391.3957145151372,-5.797097750241752,0.0033988778222759,4.248347012311862,993.1466590310956,600,-6.38935826886076,12.203438988547662,11.312977538590669,0.8904614499569927,9.051792038025459,-0.8489120120162452
835,1895.803120541974,1810.5548536358856,276.45802449377146,-14.822196941542408,120759.69599640252,385.9108397222519,-5.75942690166144,0.0034695632117103,4.248347012311862,993.1466590310956,600,-6.157334097994852,12.241109837127974,11.545001709456578,0.6961081276713958,9.283816208891368,-1.043265334301842
881,1476.266990214197,1945.273157888177,276.4396508337458,-14.88329227886032,120044.97710352852,384.98371046352025,-5.752981856829894,0.0034818350966052,4.248347012311862,993.1466590310956,600,-6.918943534926143,12.24755488195952,10.783392272525287,1.4641626094342328,8.522206771960077,-0.2752108525390051
732,662.8685322906697,1511.8738881346228,276.5077898165895,-14.998978021274375,111699.02754145418,373.9873096245183,-5.674745354385448,0.0036351079413708,4.248347012311862,993.1466590310956,600,-6.306529268727134,12.325791384403967,11.395806538724296,0.9299848456796713,9.134621038159086,-0.8093886162935666
106,271.8769739201852,226.0663392694774,276.7016802060997,-15.05024258121066,111530.03736103926,373.7613109723508,-5.67310149324886,0.0036384158467469,4.248347012311862,993.1466590310956,600,-6.315820947238057,12.327435245540553,11.386514860213373,0.9409203853271801,9.125329359648163,-0.7984530766460578
38,883.2015510932939,86.624747995733,276.71988703328424,-14.961355014684262,108746.81289683389,370.0193145169114,-5.645663218300658,0.0036941769516696,4.248347012311862,993.1466590310956,600,-6.329335444102057,12.354873520488756,11.373000363349373,0.9818731571393826,9.111814862784163,-0.7575003048338553
513,191.09174995450067,1036.7190893601712,276.58080024258186,-15.06520994302258,103084.5343595348,362.2871990262227,-5.587605657857525,0.0038156568725518,4.248347012311862,993.1466590310956,600,-6.236469674590641,12.41293108093189,11.46586613286079,0.9470649480711,9.20468063229558,-0.792308513902138
772,310.50633215074777,1638.0632990704014,276.490385780351,-15.050398403499075,103032.66780475306,362.2156098561797,-5.5870592367248895,0.0038168233046831,4.248347012311862,993.1466590310956,600,-6.014898609424568,12.413477502064524,11.687437198026862,0.726040304037662,9.426251697461652,-1.013333157935576
472,839.6731462463893,934.2955405326142,276.5933774471546,-14.971089405189629,100703.33610405528,358.9858163253618,-5.5622315193321645,0.0038702878758824,4.248347012311862,993.1466590310956,600,-6.64571652121912,12.438305219457249,11.05661928623231,1.3816859332249383,8.7954337856671,-0.3576875287482997
370,623.9177354798678,728.5028647662662,276.62505436407145,-15.001418041652435,99321.42367814045,357.055883436853,-5.547229214354563,0.0039030408374292,4.248347012311862,993.1466590310956,600,-6.623612949735293,12.453307524434852,11.078722857716137,1.3745846667187145,8.817537357150927,-0.36478879525452346
422,163.04885219138518,831.3621618846521,276.61162746991545,-15.068428391148448,92586.5496464576,347.4968055467398,-5.470991623720799,0.0040748605842072,4.248347012311862,993.1466590310956,600,-5.897815798033595,12.529545115068615,11.804520009417836,0.7250251056507793,9.543334508852626,-1.0143483563224587
241,1622.866391380437,467.29363060078913,276.6598019896367,-14.856106310348846,88399.36255975126,341.4188670511376,-5.420744707450816,0.0041932255304088,4.248347012311862,993.1466590310956,600,-6.478937058525272,12.579792031338599,11.223398748926158,1.3563932824124407,8.962213248360948,-0.3829801795607972
163,1713.034718878762,344.82881835300503,276.6777034684384,-14.842593330108627,86847.53750569467,339.13864086008505,-5.401515646230404,0.0042396460850447,4.248347012311862,993.1466590310956,600,-6.021239219440314,12.59902109255901,11.681096588011116,0.9179245045478943,9.419911087445906,-0.8214489574253436
646,1326.5238381633544,1331.307291740112,276.53199491721955,-14.902404506470091,84532.79192912282,335.7086119655763,-5.372184906511613,0.0043116858167493,4.248347012311862,993.1466590310956,600,-6.064633880715356,12.6283518322778,11.637701926736074,0.9906499055417264,9.376516426170864,-0.7487235564315116
650,2789.559330334656,1336.9470022458345,276.5249439503503,-14.69135308443182,83381.98414982314,333.99021597728614,-5.357302437400218,0.0043488192465531,4.248347012311862,993.1466590310956,600,-6.027255244774135,12.643234301389196,11.675080562677294,0.9681537387119015,9.413895062112084,-0.7712197232613365
622,1843.542234627808,1282.6577217514034,276.5370766534619,-14.827582834429728,80582.55777282541,329.7727065594673,-5.32022449459666,0.0044430735063159,4.248347012311862,993.1466590310956,600,-6.09720659813267,12.680312244192754,11.60512920931876,1.0751830348739944,9.34394370875355,-0.6641904270992436
139,402.6022747201079,296.827297060702,276.6905378971684,-15.03163949328155,79139.56412626687,327.57753943913485,-5.300606009017594,0.0044939713592764,4.248347012311862,993.1466590310956,600,-6.323069180205384,12.69993072977182,11.379266627246047,1.3206641025257735,9.118081126680837,-0.41870935944746446
709,2564.485996269653,1457.1278543245703,276.5079679727285,-14.724297758692828,77369.6477143871,324.8647840765727,-5.276048422535994,0.0045587088282211,4.248347012311862,993.1466590310956,600,-5.815123379199342,12.72448831625342,11.887212428252088,0.8372758880013329,9.626026927686878,-0.902097573971905
895,2845.0557090499965,1969.935586975896,276.4302548813124,-14.68594279966736,72647.45713403611,317.5136805757623,-5.207672917460684,0.0047451709474852,4.248347012311862,993.1466590310956,600,-5.676875677129568,12.79286382132873,12.02546013032186,0.7674036910068693,9.76427462975665,-0.9719697709663686
755,777.366874819999,1576.884132437882,276.4975965319455,-14.982704105282773,72497.77716269181,317.277886688346,-5.205433601476086,0.0047514367344603,4.248347012311862,993.1466590310956,600,-6.031597400846648,12.795103137313328,11.670738406604782,1.124364730708546,9.409552906039572,-0.6150087312646919
549,419.9382667322592,1107.1489543407538,276.5693087150552,-15.03242752607951,72314.2611548726,316.988550855711,-5.202681757322514,0.0047591507424376,4.248347012311862,993.1466590310956,600,-6.257540376664672,12.7978549814669,11.444795430786758,1.3530595506801415,9.183609930221548,-0.38631391129309645
200,1781.0739200406445,409.40626941147633,276.667762622627,-14.833036905692513,71829.84395033779,316.2235351283469,-5.19538418137498,0.0047796831123037,4.248347012311862,993.1466590310956,600,-5.769491946596469,12.805152557414434,11.93284386085496,0.8723086965594735,9.67165836028975,-0.8670647654137644
683,455.49873136560126,1406.9534741157188,276.52433747817724,-15.028508847237116,71792.64340707037,316.1647096464143,-5.194821734946032,0.0047812701827511,4.248347012311862,993.1466590310956,600,-5.756814812263097,12.805715003843382,11.945520995188332,0.8601940086550499,9.684335494623122,-0.879179453318188
910,2223.063259052385,2008.0116543345612,276.4271766056768,-14.775791422011482,70819.99153854832,314.6227451365832,-5.180011550374221,0.0048232978707552,4.248347012311862,993.1466590310956,600,-6.36075788826766,12.820525188415193,11.34157791918377,1.4789472692314227,9.08039241861856,-0.2604261927418152
445,2153.878833527049,882.0626667121293,276.5955691399685,-14.781172169630135,68311.65437174431,310.61090545966897,-5.140858882057284,0.0049366431417748,4.248347012311862,993.1466590310956,600,-5.682756019902804,12.85967785673213,12.019579787548626,0.8400980691835045,9.758394286983416,-0.8992753927897335
794,1298.7522190095465,1692.1453437106868,276.4782024799043,-14.90788480664814,67527.44557178498,309.3459645615505,-5.128322677888932,0.0049736356955401,4.248347012311862,993.1466590310956,600,-6.3130059450387535,12.872214060900482,11.389329862412676,1.482884198487806,9.128144361847466,-0.2564892634854319
217,2536.3132909304704,427.406948423186,276.66178454323693,-14.724154196452217,60148.49954132782,297.180046032803,-5.002683868897654,0.0053641965874165,4.248347012311862,993.1466590310956,600,-5.979000950258594,12.99785286989176,11.723334857192835,1.274518012698925,9.462149356627625,-0.4648554492743129
876,1550.40460599211,1924.4967514723896,276.4424466356642,-14.872506693004013,59240.53806976526,295.64847080358174,-4.98616936022985,0.0054183428309418,4.248347012311862,993.1466590310956,600,-5.739243477800721,13.014367378559564,11.96309232965071,1.0512750489088543,9.7019068290855,-0.6880984130643837
746,806.7206805136979,1549.293834017567,276.5015980472438,-14.978352072891605,58692.79641635658,294.7206756152131,-4.976083878922996,0.0054517463309392,4.248347012311862,993.1466590310956,600,-5.717261560796678,13.024452859866418,11.98507424665475,1.0393786132116674,9.723888746089541,-0.6999948487615706
344,2360.6911294246534,662.194215818042,276.62750129047737,-14.750442014940749,57786.92267135781,293.1798132376936,-4.959195793005208,0.0055082587637069,4.248347012311862,993.1466590310956,600,-5.530532414782643,13.041340945784206,12.171803392668787,0.8695375531154195,9.910617892103577,-0.8698359088578185
29,2015.4277295979816,65.33580225467507,276.71812409944846,-14.797817108913383,54883.58477172122,288.18581677530955,-4.903228048960592,0.0057008546831322,4.248347012311862,993.1466590310956,600,-5.767062079779493,13.097308689828822,11.935273727671937,1.1620349621568842,9.674088227106727,-0.5773384998163538
775,1607.7820310350191,1647.527053120206,276.4835766578594,-14.863095142634528,54726.090831480105,287.912436428528,-4.900107941366306,0.005711837397504,4.248347012311862,993.1466590310956,600,-5.748259637908565,13.100428797423108,11.954076169542866,1.1463526278802423,9.692890668977656,-0.5930208340929957
818,1306.518429943098,1754.1169614967223,276.4689117420962,-14.907016325735295,54296.27934684872,287.16503889850486,-4.891547050476415,0.0057421076818259,4.248347012311862,993.1466590310956,600,-5.825900568272038,13.108989688312999,11.876435239179392,1.2325544491336071,9.615249738614182,-0.5068190128396308
78,2583.1487159207827,168.07188265975324,276.7002886515829,-14.716341581539012,53838.69466212619,286.36720287221664,-4.882358178347969,0.0057748218843255,4.248347012311862,993.1466590310956,600,-5.548637224874976,13.118178560441445,12.153698582576453,0.9644799778649915,9.892513082011243,-0.7748934841082464
882,2894.626509035862,1945.39174848526,276.43370854272274,-14.678696243879443,52359.7091588006,283.77313011899435,-4.852114937842021,0.0058841520000767,4.248347012311862,993.1466590310956,600,-5.281140044879622,13.148421800947393,12.421195762571807,0.7272260383755853,10.160010262006598,-1.0121474235976526
611,2340.2513458359244,1255.0140705365852,276.5390915723285,-14.75581078294117,52322.58875681314,283.707717511428,-4.851344932466429,0.0058869692081519,4.248347012311862,993.1466590310956,600,-5.537674664837692,13.149191806322985,12.164661142613738,0.984530663709247,9.903475642048528,-0.7548427982639909
865,2530.545278218094,1888.07578503254,276.44379220096346,-14.730954703823746,51474.70986646484,282.2094790845905,-4.8336066426085385,0.0059523372202968,4.248347012311862,993.1466590310956,600,-5.443854839025288,13.166930096180876,12.258480968426142,0.908449127754734,9.997295467860932,-0.830924334218504
546,1203.3698401911113,1102.466764184184,276.5667055997151,-14.919252640968462,51212.34892848134,281.7442619596936,-4.828058613630917,0.0059729684658053,4.248347012311862,993.1466590310956,600,-5.563262036925508,13.172478125158497,12.139073770525922,1.0334043546325749,9.877888269960712,-0.7059691073406631
276,2936.024491370036,535.1494747180338,276.64395621408613,-14.666959704878916,50910.51161194517,281.2080934658109,-4.8216405275126615,0.005996946748502,4.248347012311862,993.1466590310956,600,-5.572840066708399,13.178896211276752,12.129495740743032,1.0494004705337208,9.868310240177822,-0.6899729914395172
587,1661.514453767273,1202.5232234025798,276.5498167583951,-14.853524853288397,49869.91994823102,279.351749890639,-4.799218551751956,0.0060816659655982,4.248347012311862,993.1466590310956,600,-5.79141322294565,13.201318187037458,11.91092258450578,1.290395602531678,9.64973708394057,-0.4489778594415599
543,153.7575242716684,1102.6579670482968,276.5710962648976,-15.070873357388454,49719.77919255471,279.08288985762954,-4.795944852179511,0.0060941600795323,4.248347012311862,993.1466590310956,600,-5.816276882405399,13.204591886609903,11.886058925046031,1.3185329615638715,9.624873424480821,-0.4208405004093665
628,481.8188096657584,1297.0813604140724,276.54065368569246,-15.02425928310342,49713.73774399754,279.0720658946872,-4.795812916396932,0.0060946642857978,4.248347012311862,993.1466590310956,600,-6.171558186436196,13.20472382239248,11.530777621015233,1.6739462013772481,9.269592120450023,-0.0654272605959898
632,1557.212968344947,1302.547995786226,276.535317952773,-14.868986718551056,48816.26188414078,277.4594422665624,-4.776033174441146,0.0061708476815319,4.248347012311862,993.1466590310956,600,-5.282165121839792,13.224503564348268,12.420170685611637,0.8043328787366306,10.158985185046427,-0.9350405832366073
602,2369.166022455555,1231.811180674658,276.54243187012537,-14.751545527905355,48504.97460109607,276.89791407633817,-4.769087577815415,0.0061978810995168,4.248347012311862,993.1466590310956,600,-5.8816593888672415,13.231449160973998,11.820676418584188,1.4107727423898098,9.559490918018978,-0.3286007195834282
19,2276.7725833401364,46.45398685863566,276.71979378142044,-14.760035459084014,48020.41495884536,276.0215483935565,-4.758186645556975,0.0062406081944046,4.248347012311862,993.1466590310956,600,-5.509581616753602,13.242350093232439,12.192754190697828,1.0495959025346107,9.931568690132618,-0.6897775594386273
383,1019.357352281823,753.1450809716729,276.6196867498598,-14.944401653044164,47164.5660529224,274.46684002198424,-4.73866148148934,0.0063180619085417,4.248347012311862,993.1466590310956,600,-5.4379879534785225,13.261875257300073,12.264347853972907,0.9975274033271653,10.003162353407697,-0.7418460586460727
668,906.8322567526576,1367.3392110801865,276.52837376604026,-14.963152391211736,46263.382311666384,272.8202018370294,-4.717715326104219,0.0064024910919617,4.248347012311862,993.1466590310956,600,-5.583307755996691,13.282821412685195,12.11902805145474,1.1637933612304554,9.85784255088953,-0.5755801007427825
356,234.6638918577672,682.24500721437,276.63362351364896,-15.057472996646364,45195.5628792058,270.8561298880586,-4.692361373034678,0.0065065789977087,4.248347012311862,993.1466590310956,600,-5.845470814178587,13.308175365754735,11.856864993272843,1.4513103724818919,9.595679492707633,-0.28806308949134607
159,1668.5588061241815,342.1604023073042,276.6782952931083,-14.849001626033724,45074.22000054817,270.6320384198428,-4.689442424263607,0.0065186974751609,4.248347012311862,993.1466590310956,600,-5.252717502727002,13.311094314525807,12.449618304724428,0.861476009801379,10.188432804159218,-0.877897452171859
482,1037.998205588635,955.6780037879756,276.5893408239882,-14.942534071162278,44740.528474334686,270.0148305057812,-4.6813746482150975,0.0065523388184449,4.248347012311862,993.1466590310956,600,-6.008367370143004,13.319162090574316,11.693968437308426,1.6251936532658906,9.432782936743216,-0.11417980870734734
325,650.2386922313995,628.3984496438853,276.6399067623154,-14.9972086524474,44529.30827303266,269.62341977610873,-4.676236745961794,0.006573875907886,4.248347012311862,993.1466590310956,600,-5.388751148723436,13.32429999282762,12.313584658727994,1.0107153340996256,10.052399158162784,-0.7286581278736124
604,1288.6435035142654,1245.8018187193134,276.5449293321221,-14.90752484014693,43454.23400649289,267.6223350642169,-4.6497021209433615,0.0066865191809802,4.248347012311862,993.1466590310956,600,-5.426048828067163,13.350834617846052,12.276286979384267,1.0745476384617856,10.015101478819057,-0.6648258235114524
26,1860.31361362418,63.51752670469858,276.7190764328845,-14.820192528591155,40420.93819479813,261.8939067896182,-4.571137847885636,0.0070344288702848,4.248347012311862,993.1466590310956,600,-5.301081763326461,13.429398890903778,12.401254044124968,1.02814484677881,10.140068543559758,-0.711228615194428
68,1632.228134570981,152.7127098858686,276.70675191101844,-14.85347392379007,39862.066650117806,260.82474359011434,-4.556021401439483,0.0071039323324936,4.248347012311862,993.1466590310956,600,-5.760872328794835,13.44451533734993,11.941463478656594,1.5030518586933361,9.680277978091384,-0.23632160327990182
855,491.2659743507852,1865.5860228270587,276.45562530598085,-15.025207482658404,39195.53217489633,259.5438544709302,-4.537713287614167,0.0071892572230353,4.248347012311862,993.1466590310956,600,-6.169102922564354,13.462823451175247,11.533232884887076,1.9295905662881712,9.272047384321866,0.19021710431493322
857,217.4155750787981,1873.10516334647,276.45562524994034,-15.064806000241704,39158.35431854089,259.4722230553243,-4.536682953332203,0.0071940968274496,4.248347012311862,993.1466590310956,600,-5.457474442669374,13.46385378545721,12.244861364782055,1.2189924206751552,9.983675864216845,-0.5203810412980827
424,1968.6903179019084,839.7629571100928,276.6026815625688,-14.807717818677505,38557.48624954169,258.31176215626107,-4.519893654990083,0.0072735312244684,4.248347012311862,993.1466590310956,600,-5.164157620062813,13.48064308379933,12.538178187388617,0.9424648964107138,10.276992686823407,-0.7969085655625241
80,1857.3800498558055,172.8090551363441,276.70276660924986,-14.82106104927705,36467.47587070969,254.23405768983977,-4.459386134713657,0.0075689888001148,4.248347012311862,993.1466590310956,600,-5.679219510470568,13.541150604075757,12.023116296980863,1.5180343070948936,9.761930796415653,-0.22133915487834432
559,2805.431124249887,1127.8530082871166,276.55607822774914,-14.688209709292284,36277.890762540745,253.86092842592348,-4.453726945919348,0.0075973769201768,4.248347012311862,993.1466590310956,600,-5.444870279069044,13.546809792870066,12.257465528382387,1.2893442644876796,9.996280027817177,-0.45002919748555836
660,2104.4811395959964,1358.1685437309875,276.52469432436976,-14.79024204404658,36248.3442281764,253.80272742212108,-4.452842307585002,0.0076018264290263,4.248347012311862,993.1466590310956,600,-4.883064565100242,13.547694431204413,12.819271242351189,0.728423188853224,10.558085741785979,-1.010950273120014
58,1168.883501440404,133.88824998844285,276.7115827050643,-14.920289727115309,36133.56754117645,253.5765126345647,-4.449398980213815,0.0076191762535934,4.248347012311862,993.1466590310956,600,-5.203002920892028,13.5511377585756,12.499332886559401,1.0518048720161985,10.238147385994191,-0.6875685899570394
531,712.7656651298337,1073.8539188148093,276.57305420007486,-14.98998795102761,35854.17117784999,253.02500152471316,-4.44097109302851,0.0076618489601313,4.248347012311862,993.1466590310956,600,-5.405270508418697,13.559565645760905,12.297065299032733,1.2625003467281726,10.035879798467523,-0.47687311524506537
160,583.7582108125059,343.940952704099,276.6827158582372,-15.005656696044992,35755.472251915315,252.82988840452865,-4.437978170288415,0.0076770740967095,4.248347012311862,993.1466590310956,600,-6.10336136194592,13.562558568501,11.59897444550551,1.9635841229954902,9.3377889449403,0.2242106610222523
250,422.8309483475706,480.7072933547863,276.66295776110303,-15.029463536109157,35596.08145986253,252.5144781563893,-4.433127353943204,0.0077018300242829,4.248347012311862,993.1466590310956,600,-5.214034071525296,13.56740938484621,12.488301735926134,1.0791076489200755,10.227116235360924,-0.6602658130531625
402,631.4094216549644,789.153326288437,276.61595594867947,-15.000582374282637,35455.03527759074,252.23504018340083,-4.428816678620155,0.0077239123013989,4.248347012311862,993.1466590310956,600,-5.043778048244091,13.571720060169259,12.658557759207339,0.9131623009619201,10.397372258642129,-0.8262111610113179
589,2007.9711620528765,1205.6831510638212,276.54787262170805,-14.803543255887863,34268.08354251448,249.87109428912652,-4.391846416543637,0.0079165514678735,4.248347012311862,993.1466590310956,600,-5.54407759569084,13.608690322245778,12.15825821176059,1.4504321104851883,9.89707271119538,-0.28894135148804967
819,324.04139420519056,1756.5924056827268,276.4726081157576,-15.04892478867152,32966.11177435616,247.2520818781659,-4.349791191055462,0.0081429556246284,4.248347012311862,993.1466590310956,600,-5.332505108665325,13.650745547733951,12.369830698786105,1.2809148489478464,10.108645198220895,-0.4584586130253916
695,2035.0637133911048,1427.1161612888818,276.51469386660534,-14.800538407889787,32110.4464271029,245.51563421874783,-4.321237732902617,0.0083012338267059,4.248347012311862,993.1466590310956,600,-5.086056774145844,13.679299005886797,12.616279033305586,1.0630199725812108,10.355093532740376,-0.6763534893920271
756,1942.1497065207927,1578.4274050038111,276.492492419252,-14.814561807586085,31402.97061179817,244.07058575446828,-4.297048705950796,0.008438291976558,4.248347012311862,993.1466590310956,600,-4.9773465408373605,13.703488032838617,12.72498926661407,0.978498766224547,10.46380376604886,-0.7608746957486909
569,452.56748009735554,1152.2224309521514,276.5624329615288,-15.02789638823081,30809.51639183372,242.8517996856618,-4.2763340774763465,0.0085578817780018,4.248347012311862,993.1466590310956,600,-5.526664919205427,13.724202661313068,12.175670888246003,1.5485317730670651,9.914485387680793,-0.1908416889061728
529,2670.386499479198,1065.0744907248657,276.56602794138314,-14.70742440469764,30530.75647301809,242.27718978836864,-4.266465786850054,0.0086155855714121,4.248347012311862,993.1466590310956,600,-6.044289110802598,13.73407095193936,11.658046696648832,2.0760242552905286,9.396861196083622,0.33665079331729064
690,2907.618375999596,1416.4864738422168,276.51257063392137,-14.674658255409266,29802.420045023493,240.76939229012183,-4.240250702815913,0.0087712114927067,4.248347012311862,993.1466590310956,600,-5.0050436569135925,13.7602860359735,12.697292150537837,1.062993885435663,10.436106649972627,-0.6763795765375749
429,2640.152940605285,854.2997700924594,276.5976157623136,-14.710922742766073,29695.24248265935,240.54671625567963,-4.236339063913781,0.0087947276400015,4.248347012311862,993.1466590310956,600,-5.524860437789753,13.764197674875632,12.177475369661677,1.5867223052139554,9.916289869096467,-0.15265115675928254
811,678.7908688920598,1733.2269834505933,276.47463730463124,-14.997579122150675,29641.1928370652,240.43434250496807,-4.234361065977421,0.0088066484737153,4.248347012311862,993.1466590310956,600,-4.989690740297898,13.766175672811993,12.712645067153531,1.0535306056584623,10.451459566588321,-0.6858428563147756
810,1694.135627065475,1728.9887764302343,276.47104852730195,-14.850964906396392,29387.982576045964,239.90719621298783,-4.225046308245614,0.0088630528568758,4.248347012311862,993.1466590310956,600,-5.258283241731534,13.775490430543801,12.444052565719897,1.3314378648239042,10.182867065154687,-0.4079355971493337
656,1491.6479011350848,1345.5690685157974,276.52916841459336,-14.878625910294142,29042.604886878515,239.1862979052304,-4.212210790238967,0.0089415038577698,4.248347012311862,993.1466590310956,600,-4.89119679289443,13.788325948550447,12.811139014557,0.9771869339934476,10.54995351399179,-0.7621865279797904
430,585.38254949553,856.7422933412429,276.6060472040876,-15.007506474343163,28747.434680778475,238.5684700447852,-4.2011196136754405,0.0090099791791442,4.248347012311862,993.1466590310956,600,-4.987092384948944,13.799417125113973,12.715243422502486,1.084173702611487,10.454057921937276,-0.6551997593617509
465,2652.746579855238,926.1394780530557,276.5868393746375,-14.70940026039234,28408.549601799867,237.85716264289997,-4.188244527512753,0.0090902747623917,4.248347012311862,993.1466590310956,600,-4.812560933143683,13.812292211276661,12.889774874307747,0.9225173369689141,10.628589373742537,-0.8168561250043238
698,525.7943838115534,1432.46688371389,276.5202305473168,-15.018456709211527,28185.449964583797,237.38772121429295,-4.179684305227126,0.0091441452680801,4.248347012311862,993.1466590310956,600,-4.954723469142567,13.820852433562287,12.747612338308862,1.073240095253425,10.486426837743652,-0.666133366719813
266,1439.330319879807,520.179672349015,276.65269453645755,-14.882814864975913,28017.21605954569,237.03311219801503,-4.173184322217913,0.0091853112517117,4.248347012311862,993.1466590310956,600,-5.76235779430426,13.8273524165715,11.939978013147169,1.8873744034243316,9.678792512581959,0.14800094145109366
878,319.06968033723416,1932.9524163535773,276.4462605343445,-15.050360635978066,26938.674618019257,234.74700176306905,-4.130562435633742,0.0094609264719981,4.248347012311862,993.1466590310956,600,-4.850434468048921,13.869974303155672,12.85190133940251,1.0180729637531627,10.5907158388373,-0.7213004982200752
262,701.0091200844732,517.8361031772264,276.65621727576894,-14.98942493195568,26891.08424417203,234.64561462533905,-4.128642657190061,0.0094735765016221,4.248347012311862,993.1466590310956,600,-4.782260853270517,13.871894081599354,12.920074954180912,0.9518191274184424,10.658889453615702,-0.7875543345547955
501,1132.3569412289132,1010.9236068990564,276.5806850339678,-14.929133412355638,26727.40196068888,234.29656885968257,-4.122013736984072,0.0095174153172499,4.248347012311862,993.1466590310956,600,-4.799015365611732,13.878523001805341,12.903320441839698,0.9752025599656431,10.642134941274488,-0.7641709020075949
263,3055.35146869094,518.4642882177277,276.64592309775026,-14.649689903115222,26721.058315567207,234.2830308287357,-4.121756011123478,0.0095191247130571,4.248347012311862,993.1466590310956,600,-5.313893582786927,13.878780727665937,12.388442224664502,1.4903385030014356,10.127256724099292,-0.2490349589718024
43,2525.077129499356,92.27810114368772,276.71185818244186,-14.724407325101389,26646.780875306984,234.12445642016573,-4.118733750549196,0.0095391981314683,4.248347012311862,993.1466590310956,600,-5.073610206442996,13.881802988240217,12.628725601008433,1.2530773872317837,10.367540100443223,-0.4862960747414542
70,397.7084540031775,157.06631216610367,276.7114562657032,-15.031779015848782,26448.098513364268,233.69976194274432,-4.110608008746006,0.0095934243217155,4.248347012311862,993.1466590310956,600,-5.342104936768928,13.889928730043408,12.360230870682502,1.5296978593609065,10.099045370117292,-0.20967560261233142
419,1374.4394467663387,825.962850016688,276.60728988501944,-14.893428070672934,26351.80324337253,233.49364758404803,-4.10664772194937,0.009619988842538,4.248347012311862,993.1466590310956,600,-4.89388113294935,13.893889016840044,12.80845467450208,1.0854343423379635,10.54726917393687,-0.6539391196352744
342,2542.204770273491,656.6455781799345,276.6275415946329,-14.724240323546834,25830.20730814332,232.37402506922845,-4.0849416034135375,0.0097671875416239,4.248347012311862,993.1466590310956,600,-4.711610269320642,13.915595135375877,12.99072553813079,0.9248695972450882,10.72954003756558,-0.8145038647281497
454,1503.4193327607384,900.7131488692914,276.5955717706228,-14.875113438480572,25191.9358085859,230.99657146225567,-4.057775726558001,0.0099552880549614,4.248347012311862,993.1466590310956,600,-4.840840409058452,13.942761012231413,12.861495398392979,1.0812656138384344,10.600309897827769,-0.6581078481348035
576,1321.106491747854,1174.6407244948746,276.5554238832719,-14.902548148496836,25051.96041755768,230.69339096794425,-4.051726166137272,0.0099977730444743,4.248347012311862,993.1466590310956,600,-4.5226817692376935,13.948810572652143,13.179654038213737,0.7691565344384053,10.918468537648527,-0.9702169275348327
737,959.2178788417452,1533.0636088522217,276.50338814343155,-14.95626191752502,24188.46581836988,228.81421729669896,-4.01364268304545,0.0102703328761909,4.248347012311862,993.1466590310956,600,-4.758907608711488,13.986894055743964,12.94342819873994,1.0434658570040227,10.682242698174731,-0.6959076049692152
131,2471.77483017094,280.69986791136694,276.6839663050003,-14.732863433264807,24008.30304010643,228.4201901295889,-4.005525534662128,0.010329584727809,4.248347012311862,993.1466590310956,600,-4.5621825597876615,13.995011204127286,13.140153247663768,0.8548579564635173,10.878967747098558,-0.8845155055097207
374,330.0353867485965,733.7182093394873,276.6255223373521,-15.043900172787868,23937.857526298496,228.26593645357949,-4.002335068566921,0.0103529869761896,4.248347012311862,993.1466590310956,600,-4.731990435152103,13.998201670222493,12.970345372299327,1.0278562979231651,10.709159871734117,-0.7115171640500728
779,1467.4651747670712,1654.93588662233,276.48305697702745,-14.88337823627854,23617.03056725021,227.56210314105752,-3.987685103283829,0.0104612717791393,4.248347012311862,993.1466590310956,600,-4.80593167958212,14.012851635505585,12.89640412786931,1.1164475076362752,10.6352186273041,-0.6229259543369627
212,665.2943600739576,422.45794291712417,276.67062800523905,-14.994196519068463,23606.90751264291,227.53985965402637,-3.987219620416236,0.010464734760115,4.248347012311862,993.1466590310956,600,-4.633723299563366,14.013317118373179,13.068612507888064,0.9447046104851147,10.807427007322854,-0.7946688514881233
291,3043.794567496949,562.3878578086806,276.63942013815347,-14.651535307973225,23311.127525390475,226.8889766915122,-3.9735300745961495,0.010567200652378,4.248347012311862,993.1466590310956,600,-4.646671571028703,14.027006664193264,13.055664236422727,0.9713424277705371,10.794478735857517,-0.7680310342027008
67,2730.238226892547,151.47125499449604,276.7021178322452,-14.695063010595408,23305.14530921227,226.87579317314436,-3.973251411874741,0.0105692989844056,4.248347012311862,993.1466590310956,600,-5.48494647096526,14.027285326914672,12.217389336486171,1.809895990428501,9.956203835920961,0.07052252845526308
497,560.7420145565517,994.192284951494,276.5856034431713,-15.011625174603097,23127.7892955594,226.48459001506149,-3.964957179203026,0.0106319854542502,4.248347012311862,993.1466590310956,600,-5.084310425310738,14.035579559586388,12.618025382140692,1.4175541774456963,10.356839881575482,-0.3218192845275416
907,1029.5264570346226,2006.1513106340951,276.4324016265874,-14.948036667887369,22888.848612466303,225.95647552393223,-3.9536817408485785,0.0107179242446787,4.248347012311862,993.1466590310956,600,-4.915182229376387,14.046854997940835,12.787153578075042,1.2597014198657934,10.525968077509832,-0.4796720421074445
897,1500.5663923089216,1986.912910598274,276.4333303249708,-14.879954837301591,22778.904051607184,225.71305737670176,-3.948453937249652,0.0107580534093603,4.248347012311862,993.1466590310956,600,-4.822631597527737,14.052082801539761,12.879704209923693,1.1723785916160683,10.618518709358483,-0.5669948703571697
146,132.85288881334932,320.45142091272544,276.6881615265995,-15.070717819774073,22609.541402071947,225.3375725901099,-3.940351257727218,0.0108206087956592,4.248347012311862,993.1466590310956,600,-5.513278951807662,14.060185481062195,12.189056855643768,1.871128625418427,9.927871355078558,0.131755163445189
147,2703.039463283014,320.8736630123404,276.6769547662759,-14.699676350913103,22515.988141702604,225.1298921965577,-3.935849402196317,0.01085555394769,4.248347012311862,993.1466590310956,600,-5.517346210200527,14.064687336593098,12.184989597250903,1.8796977393421948,9.923804096685693,0.1403242773689568
480,1703.961578387488,954.98049872252,276.58660907670185,-14.846389348486683,21931.976512183726,223.8290792790669,-3.907316304312516,0.0110802248597286,4.248347012311862,993.1466590310956,600,-4.6724827050222375,14.093220434476898,13.029853102429193,1.0633673320477044,10.768667601863983,-0.6760061299255335
240,848.757897491532,467.8781781622245,276.66305130845507,-14.967879996138263,21862.6940891312,223.67425937702865,-3.90388106907585,0.0111076495154532,4.248347012311862,993.1466590310956,600,-5.290179226448308,14.096655669713563,12.41215658100312,1.6844990887104423,10.15097108043791,-0.05487437326279565
345,472.63152772484233,663.9903655711045,276.6353423362897,-15.02301271291396,21713.86526729859,223.34132059703973,-3.896464720889881,0.0111671353205542,4.248347012311862,993.1466590310956,600,-5.295960049118355,14.104072017899533,12.406375758333075,1.6976962595664578,10.145190257767865,-0.04167720240678019
905,2761.7903653051194,1997.7615679801445,276.4264525009298,-14.698060842048807,21639.982352677907,223.17585570892072,-3.892764129713897,0.0111969604500712,4.248347012311862,993.1466590310956,600,-4.936695563792673,14.107772609075518,12.765640243658757,1.3421323654167612,10.504454743093547,-0.39724109655647677
840,659.0800232361491,1831.5380927254007,276.46002394996094,-15.000826586945108,21593.188060438843,223.0709938095268,-3.890413791923964,0.0112159527949797,4.248347012311862,993.1466590310956,600,-4.768529854497664,14.11012294686545,12.933805952953765,1.1763169939116853,10.672620452388555,-0.5630564680615526
584,721.8483868662605,1191.66908462155,276.5554056514828,-14.98915532748938,21478.712144373218,222.81425529598485,-3.8846424682205054,0.0112627533414857,4.248347012311862,993.1466590310956,600,-4.645690736908747,14.115894270568909,13.056645070542682,1.0592492000262261,10.795459569977472,-0.6801242619470118
516,1205.1515626019225,1041.3963522850963,276.57582301209214,-14.918746642175613,21376.914547438908,222.58570207039355,-3.8794844270037303,0.0113047790971676,4.248347012311862,993.1466590310956,600,-4.858450405089578,14.121052311785684,12.843885402361852,1.2771669094238316,10.582699901796643,-0.46220655254940635
125,547.8698936445567,266.56624556840814,276.6944378029585,-15.010527278608077,21330.82089409302,222.4821366151092,-3.8771407968785727,0.0113239362386617,4.248347012311862,993.1466590310956,600,-4.541858251965839,14.123395941910841,13.160477555485592,0.9629183864252493,10.899292054920382,-0.7764550755479886
231,1207.8163042937413,453.4074890588378,276.66366920115473,-14.915968020259408,21252.170858321537,222.30531050123977,-3.873130121022768,0.0113568104275187,4.248347012311862,993.1466590310956,600,-4.69621809684288,14.127406617766646,13.00611771060855,1.121288907158096,10.74493221004334,-0.6180845548151419
509,292.7251374792666,1025.7979218552964,276.5820064927316,-15.050478512191264,21170.7433116858,222.1220914956837,-3.868962140310054,0.0113910953047997,4.248347012311862,993.1466590310956,600,-4.600676316235681,14.13157459847936,13.101659491215749,1.0299151072636121,10.840473990650539,-0.7094583547096258
541,2439.41055968642,1102.1994216435191,276.5614789283221,-14.740884835241838,20929.17044638662,221.57764026435004,-3.856501911240149,0.0114943324988085,4.248347012311862,993.1466590310956,600,-4.876076066232294,14.144034827549266,12.826259741219136,1.3177750863301299,10.565074240653926,-0.4215983756431081
816,1597.5098703571234,1747.6665203052642,276.46866255959225,-14.86498632645367,20817.84119103441,221.32627817266865,-3.850711102030984,0.0115426925398755,4.248347012311862,993.1466590310956,600,-4.627795545926777,14.149825636758429,13.074540261524653,1.0752853752337757,10.813354760959443,-0.6640880867394623
153,2537.499997975823,328.91478674007766,276.6764809648556,-14.723581113128644,20446.50535309996,220.48579448987425,-3.831169600430093,0.0117076939527645,4.248347012311862,993.1466590310956,600,-4.454833551008827,14.169367138359322,13.247502256442603,0.9218648819167186,10.986316755877393,-0.8175085800565194
568,1068.164510008745,1147.626205816509,276.56052930420884,-14.938959410790485,20282.618460059457,220.11383118466352,-3.8224319268957303,0.0117823833736153,4.248347012311862,993.1466590310956,600,-4.71592768583169,14.178104811893684,12.98640812161974,1.191696690273945,10.72522262105453,-0.547676771699293
82,1684.989054553281,175.70679583126687,276.70308691788426,-14.845952317378424,20137.22899743257,219.7833233349693,-3.814621146099261,0.0118496320509241,4.248347012311862,993.1466590310956,600,-5.211579340183511,14.185915592690153,12.490756467267918,1.6951591254222347,10.229570966702708,-0.044214336551003264
502,1265.4042166345205,1011.8783055043102,276.5799777083513,-14.909927006837348,20008.205393148062,219.48960251428576,-3.8076422164703794,0.0119101067170855,4.248347012311862,993.1466590310956,600,-4.784857049566355,14.192894522319035,12.917478757885075,1.2754157644339603,10.656293257319865,-0.4639576975392776
914,961.429313876945,2028.7080836897471,276.4293112391073,-14.957962063589214,19944.93215908128,219.34541795490597,-3.8042032826263616,0.0119400416293324,4.248347012311862,993.1466590310956,600,-4.433326505152578,14.196333456163053,13.269009302298851,0.9273241538642019,11.007823801733641,-0.8120493081090361
289,567.0801424168911,558.9306118140212,276.6506466292465,-15.00893993929008,19937.731021613232,219.3290022781856,-3.803811205712439,0.011943460242055,4.248347012311862,993.1466590310956,600,-5.2797252826758,14.196725533076975,12.42261052477563,1.7741150083013455,10.16142502421042,0.03474154632810755
629,855.3879929618471,1299.4477913129822,276.538735944734,-14.970305819589344,19931.26712581824,219.31426616740947,-3.803459148421009,0.0119465309091923,4.248347012311862,993.1466590310956,600,-4.555318429445276,14.197077590368405,13.147017378006154,1.0500602123622507,10.885831877440944,-0.6893132496109873
705,1840.005493982441,1444.104319295658,276.51298151073723,-14.82875203767749,19836.7611883161,219.09870243122663,-3.7982987864207303,0.0119916481814426,4.248347012311862,993.1466590310956,600,-4.604773035604489,14.202237952368684,13.097562771846942,1.1046751805217419,10.836377271281732,-0.6346982814514961
459,3054.738587122293,917.5324424802508,276.5863840394343,-14.651409640545786,19775.373891419677,218.9585671083705,-3.7949336325872167,0.0120211793524017,4.248347012311862,993.1466590310956,600,-4.569296427300987,14.205603106202197,13.133039380150443,1.0725637260517544,10.871853879585233,-0.6668097359214835
343,2327.6116714814675,660.2258978199652,276.6279385711714,-14.75520537766494,19642.43303321296,218.65478099493745,-3.787610076997927,0.0120857479989775,4.248347012311862,993.1466590310956,600,-4.682147538682341,14.212926661791487,13.02018826876909,1.1927383930223971,10.75900276820388,-0.5466350689508408
334,866.24078070606,651.5509457813819,276.6355239687212,-14.966101862611918,19110.11496555473,217.43411688207036,-3.757780123436121,0.0123530507861605,4.248347012311862,993.1466590310956,600,-4.452113925055169,14.242756615353294,13.25022188239626,0.9925347329570329,10.98903638183105,-0.7468387290162051
203,2364.337766911261,416.0681035924032,276.6642285542226,-14.74891171418257,18742.6293752215,216.58741790314733,-3.736698167400875,0.0125462097611727,4.248347012311862,993.1466590310956,600,-4.573721165919836,14.26383857138854,13.128614641531595,1.135223929856945,10.867429140966385,-0.6041495321162929
521,737.5218089911349,1052.359758992034,276.57616261998123,-14.986324534094695,18565.493460513597,216.17810638278036,-3.726388116595673,0.0126419785500973,4.248347012311862,993.1466590310956,600,-4.45490702044318,14.27414862219374,13.24742878700825,1.0267198351854905,10.98624328644304,-0.7126536267877475
560,227.12880463879435,1129.3053644975605,276.5668042747146,-15.06037832722606,18527.355869125226,216.0898796516309,-3.7241554825936007,0.0126628313287131,4.248347012311862,993.1466590310956,600,-4.444959328137735,14.276381256195814,13.257376479313695,1.0190047768821184,10.996190978748485,-0.7203686850911195
778,2399.401072870899,1653.2257748068337,276.47939781093567,-14.748907020386625,18484.78012349468,215.9913432113097,-3.721657596555672,0.0126862099390871,4.248347012311862,993.1466590310956,600,-4.423401022923949,14.278879142233741,13.27893478452748,0.9999443577062603,11.01774928396227,-0.7394291042669776
648,1224.9500379382034,1336.0617045083975,276.5317121394472,-14.917088487397551,17950.610918050224,214.75123081552127,-3.689819958112701,0.0129887173400857,4.248347012311862,993.1466590310956,600,-4.4283592673050665,14.310716780676714,13.273976540146364,1.0367402405303494,11.012791039581154,-0.7026332214428885
523,351.6117868600533,1055.32578678708,276.57734398098575,-15.04208942345528,17705.205165091378,214.17909651462836,-3.674874283186949,0.0131336656603341,4.248347012311862,993.1466590310956,600,-4.523653845251544,14.325662455602465,13.178681962199885,1.1469804934025802,10.917496461634675,-0.5923929685706577
174,2712.1204863249864,358.3636958282235,276.6713196209297,-14.69851995033348,17539.511548379844,213.7919356924179,-3.6646656107554727,0.0132337724423516,4.248347012311862,993.1466590310956,600,-4.51473083626417,14.335871128033942,13.187604971187259,1.1482661568466828,10.926419470622049,-0.5911073051265552
571,639.2918275844866,1157.4479618532678,276.56086785217155,-15.000941589851138,17087.982943487994,212.7333146505716,-3.636348878675984,0.013516197931608,4.248347012311862,993.1466590310956,600,-4.482717558461836,14.36418786011343,13.219618248989594,1.1445696111238366,10.958432748424384,-0.5948038508494013
573,319.49060332420567,1160.037454181579,276.5618222448997,-15.047156497605965,17085.558978282905,212.7276173819798,-3.63619485385803,0.0135177534715242,4.248347012311862,993.1466590310956,600,-4.432223286765127,14.364341884931385,13.270112520686304,1.0942293642450807,11.008927020121094,-0.6451440977281573
